-- Airline DWH Project - Insert core OLTP data
-- Run after 01_create_core_oltp_tables.sql


INSERT INTO  AIRPORTS (AIRPORT_ID, IATA_CODE, AIRPORT_NAME, CITY, COUNTRY, TIMEZONE, TERMINAL_COUNT) VALUES (1, 'CAI', 'Cairo International Airport', 'Cairo', 'Egypt', 'Africa/Cairo', 3);
INSERT INTO  AIRPORTS (AIRPORT_ID, IATA_CODE, AIRPORT_NAME, CITY, COUNTRY, TIMEZONE, TERMINAL_COUNT) VALUES (2, 'DXB', 'Dubai International Airport', 'Dubai', 'UAE', 'Asia/Dubai', 3);
INSERT INTO  AIRPORTS (AIRPORT_ID, IATA_CODE, AIRPORT_NAME, CITY, COUNTRY, TIMEZONE, TERMINAL_COUNT) VALUES (3, 'LHR', 'London Heathrow Airport', 'London', 'UK', 'Europe/London', 5);
INSERT INTO  AIRPORTS (AIRPORT_ID, IATA_CODE, AIRPORT_NAME, CITY, COUNTRY, TIMEZONE, TERMINAL_COUNT) VALUES (4, 'JFK', 'John F. Kennedy International', 'New York', 'USA', 'America/New_York', 6);
INSERT INTO  AIRPORTS (AIRPORT_ID, IATA_CODE, AIRPORT_NAME, CITY, COUNTRY, TIMEZONE, TERMINAL_COUNT) VALUES (5, 'CDG', 'Charles de Gaulle Airport', 'Paris', 'France', 'Europe/Paris', 3);
INSERT INTO  AIRPORTS (AIRPORT_ID, IATA_CODE, AIRPORT_NAME, CITY, COUNTRY, TIMEZONE, TERMINAL_COUNT) VALUES (6, 'FRA', 'Frankfurt Airport', 'Frankfurt', 'Germany', 'Europe/Berlin', 2);
INSERT INTO  AIRPORTS (AIRPORT_ID, IATA_CODE, AIRPORT_NAME, CITY, COUNTRY, TIMEZONE, TERMINAL_COUNT) VALUES (7, 'AMS', 'Amsterdam Schiphol Airport', 'Amsterdam', 'Netherlands', 'Europe/Amsterdam', 1);
INSERT INTO  AIRPORTS (AIRPORT_ID, IATA_CODE, AIRPORT_NAME, CITY, COUNTRY, TIMEZONE, TERMINAL_COUNT) VALUES (8, 'IST', 'Istanbul Airport', 'Istanbul', 'Turkey', 'Europe/Istanbul', 1);
INSERT INTO  AIRPORTS (AIRPORT_ID, IATA_CODE, AIRPORT_NAME, CITY, COUNTRY, TIMEZONE, TERMINAL_COUNT) VALUES (9, 'SIN', 'Singapore Changi Airport', 'Singapore', 'Singapore', 'Asia/Singapore', 4);
INSERT INTO  AIRPORTS (AIRPORT_ID, IATA_CODE, AIRPORT_NAME, CITY, COUNTRY, TIMEZONE, TERMINAL_COUNT) VALUES (10, 'BKK', 'Suvarnabhumi Airport', 'Bangkok', 'Thailand', 'Asia/Bangkok', 1);
INSERT INTO  AIRPORTS (AIRPORT_ID, IATA_CODE, AIRPORT_NAME, CITY, COUNTRY, TIMEZONE, TERMINAL_COUNT) VALUES (11, 'HKG', 'Hong Kong International', 'Hong Kong', 'China', 'Asia/Hong_Kong', 2);
INSERT INTO  AIRPORTS (AIRPORT_ID, IATA_CODE, AIRPORT_NAME, CITY, COUNTRY, TIMEZONE, TERMINAL_COUNT) VALUES (12, 'NRT', 'Narita International Airport', 'Tokyo', 'Japan', 'Asia/Tokyo', 2);
INSERT INTO  AIRPORTS (AIRPORT_ID, IATA_CODE, AIRPORT_NAME, CITY, COUNTRY, TIMEZONE, TERMINAL_COUNT) VALUES (13, 'SYD', 'Sydney Kingsford Smith', 'Sydney', 'Australia', 'Australia/Sydney', 3);
INSERT INTO  AIRPORTS (AIRPORT_ID, IATA_CODE, AIRPORT_NAME, CITY, COUNTRY, TIMEZONE, TERMINAL_COUNT) VALUES (14, 'LAX', 'Los Angeles International', 'Los Angeles', 'USA', 'America/Los_Angeles', 9);
INSERT INTO  AIRPORTS (AIRPORT_ID, IATA_CODE, AIRPORT_NAME, CITY, COUNTRY, TIMEZONE, TERMINAL_COUNT) VALUES (15, 'GVA', 'Geneva Airport', 'Geneva', 'Switzerland', 'Europe/Zurich', 1);
INSERT INTO  AIRPORTS (AIRPORT_ID, IATA_CODE, AIRPORT_NAME, CITY, COUNTRY, TIMEZONE, TERMINAL_COUNT) VALUES (16, 'DOH', 'Hamad International Airport', 'Doha', 'Qatar', 'Asia/Qatar', 1);
INSERT INTO  AIRPORTS (AIRPORT_ID, IATA_CODE, AIRPORT_NAME, CITY, COUNTRY, TIMEZONE, TERMINAL_COUNT) VALUES (17, 'RUH', 'King Khalid International', 'Riyadh', 'Saudi Arabia', 'Asia/Riyadh', 5);
INSERT INTO  AIRPORTS (AIRPORT_ID, IATA_CODE, AIRPORT_NAME, CITY, COUNTRY, TIMEZONE, TERMINAL_COUNT) VALUES (18, 'KWI', 'Kuwait International Airport', 'Kuwait City', 'Kuwait', 'Asia/Kuwait', 4);
INSERT INTO  AIRPORTS (AIRPORT_ID, IATA_CODE, AIRPORT_NAME, CITY, COUNTRY, TIMEZONE, TERMINAL_COUNT) VALUES (19, 'BAH', 'Bahrain International Airport', 'Manama', 'Bahrain', 'Asia/Bahrain', 1);
INSERT INTO  AIRPORTS (AIRPORT_ID, IATA_CODE, AIRPORT_NAME, CITY, COUNTRY, TIMEZONE, TERMINAL_COUNT) VALUES (20, 'AMM', 'Queen Alia International', 'Amman', 'Jordan', 'Asia/Amman', 3);
COMMIT;


INSERT INTO  AIRCRAFT (AIRCRAFT_ID, TAIL_NUMBER, MODEL, MANUFACTURER, CAPACITY_ECONOMY, CAPACITY_BUSINESS, CAPACITY_FIRST, YEAR_MANUFACTURED, STATUS) VALUES (1, 'SU-GBA', 'Boeing 737-800', 'Boeing', 150, 0, 0, 2015, 'ACTIVE');
INSERT INTO  AIRCRAFT (AIRCRAFT_ID, TAIL_NUMBER, MODEL, MANUFACTURER, CAPACITY_ECONOMY, CAPACITY_BUSINESS, CAPACITY_FIRST, YEAR_MANUFACTURED, STATUS) VALUES (2, 'SU-GBB', 'Boeing 777-300ER', 'Boeing', 304, 42, 8, 2017, 'ACTIVE');
INSERT INTO  AIRCRAFT (AIRCRAFT_ID, TAIL_NUMBER, MODEL, MANUFACTURER, CAPACITY_ECONOMY, CAPACITY_BUSINESS, CAPACITY_FIRST, YEAR_MANUFACTURED, STATUS) VALUES (3, 'SU-GBC', 'Airbus A320', 'Airbus', 168, 0, 0, 2016, 'ACTIVE');
INSERT INTO  AIRCRAFT (AIRCRAFT_ID, TAIL_NUMBER, MODEL, MANUFACTURER, CAPACITY_ECONOMY, CAPACITY_BUSINESS, CAPACITY_FIRST, YEAR_MANUFACTURED, STATUS) VALUES (4, 'SU-GBD', 'Airbus A380', 'Airbus', 399, 76, 14, 2018, 'ACTIVE');
INSERT INTO  AIRCRAFT (AIRCRAFT_ID, TAIL_NUMBER, MODEL, MANUFACTURER, CAPACITY_ECONOMY, CAPACITY_BUSINESS, CAPACITY_FIRST, YEAR_MANUFACTURED, STATUS) VALUES (5, 'SU-GBE', 'Boeing 787-9', 'Boeing', 246, 28, 0, 2019, 'ACTIVE');
INSERT INTO  AIRCRAFT (AIRCRAFT_ID, TAIL_NUMBER, MODEL, MANUFACTURER, CAPACITY_ECONOMY, CAPACITY_BUSINESS, CAPACITY_FIRST, YEAR_MANUFACTURED, STATUS) VALUES (6, 'SU-GBF', 'Airbus A321', 'Airbus', 195, 0, 0, 2014, 'ACTIVE');
INSERT INTO  AIRCRAFT (AIRCRAFT_ID, TAIL_NUMBER, MODEL, MANUFACTURER, CAPACITY_ECONOMY, CAPACITY_BUSINESS, CAPACITY_FIRST, YEAR_MANUFACTURED, STATUS) VALUES (7, 'SU-GBG', 'Boeing 737 MAX 8', 'Boeing', 162, 0, 0, 2020, 'ACTIVE');
INSERT INTO  AIRCRAFT (AIRCRAFT_ID, TAIL_NUMBER, MODEL, MANUFACTURER, CAPACITY_ECONOMY, CAPACITY_BUSINESS, CAPACITY_FIRST, YEAR_MANUFACTURED, STATUS) VALUES (8, 'SU-GBH', 'Airbus A330-300', 'Airbus', 277, 36, 0, 2013, 'ACTIVE');
INSERT INTO  AIRCRAFT (AIRCRAFT_ID, TAIL_NUMBER, MODEL, MANUFACTURER, CAPACITY_ECONOMY, CAPACITY_BUSINESS, CAPACITY_FIRST, YEAR_MANUFACTURED, STATUS) VALUES (9, 'SU-GBI', 'Boeing 777-200LR', 'Boeing', 280, 40, 8, 2012, 'MAINTENANCE');
INSERT INTO  AIRCRAFT (AIRCRAFT_ID, TAIL_NUMBER, MODEL, MANUFACTURER, CAPACITY_ECONOMY, CAPACITY_BUSINESS, CAPACITY_FIRST, YEAR_MANUFACTURED, STATUS) VALUES (10, 'SU-GBJ', 'Airbus A350-900', 'Airbus', 310, 40, 4, 2021, 'ACTIVE');
INSERT INTO  AIRCRAFT (AIRCRAFT_ID, TAIL_NUMBER, MODEL, MANUFACTURER, CAPACITY_ECONOMY, CAPACITY_BUSINESS, CAPACITY_FIRST, YEAR_MANUFACTURED, STATUS) VALUES (11, 'SU-GBK', 'Boeing 737-700', 'Boeing', 128, 0, 0, 2010, 'ACTIVE');
INSERT INTO  AIRCRAFT (AIRCRAFT_ID, TAIL_NUMBER, MODEL, MANUFACTURER, CAPACITY_ECONOMY, CAPACITY_BUSINESS, CAPACITY_FIRST, YEAR_MANUFACTURED, STATUS) VALUES (12, 'SU-GBL', 'Embraer E190', 'Embraer', 100, 0, 0, 2016, 'ACTIVE');
INSERT INTO  AIRCRAFT (AIRCRAFT_ID, TAIL_NUMBER, MODEL, MANUFACTURER, CAPACITY_ECONOMY, CAPACITY_BUSINESS, CAPACITY_FIRST, YEAR_MANUFACTURED, STATUS) VALUES (13, 'SU-GBM', 'Boeing 767-300', 'Boeing', 218, 30, 0, 2011, 'ACTIVE');
INSERT INTO  AIRCRAFT (AIRCRAFT_ID, TAIL_NUMBER, MODEL, MANUFACTURER, CAPACITY_ECONOMY, CAPACITY_BUSINESS, CAPACITY_FIRST, YEAR_MANUFACTURED, STATUS) VALUES (14, 'SU-GBN', 'Airbus A319', 'Airbus', 128, 0, 0, 2014, 'ACTIVE');
INSERT INTO  AIRCRAFT (AIRCRAFT_ID, TAIL_NUMBER, MODEL, MANUFACTURER, CAPACITY_ECONOMY, CAPACITY_BUSINESS, CAPACITY_FIRST, YEAR_MANUFACTURED, STATUS) VALUES (15, 'SU-GBO', 'Boeing 747-8', 'Boeing', 364, 48, 14, 2015, 'RETIRED');
COMMIT;


INSERT INTO  ROUTES (ROUTE_ID, ORIGIN_AIRPORT_ID, DESTINATION_AIRPORT_ID, DISTANCE_KM, FLIGHT_DURATION_MIN, IS_INTERNATIONAL, BASE_PRICE_USD) VALUES (1, 1, 2, 2420, 195, 'Y', 280);
INSERT INTO  ROUTES (ROUTE_ID, ORIGIN_AIRPORT_ID, DESTINATION_AIRPORT_ID, DISTANCE_KM, FLIGHT_DURATION_MIN, IS_INTERNATIONAL, BASE_PRICE_USD) VALUES (2, 1, 3, 3520, 295, 'Y', 450);
INSERT INTO  ROUTES (ROUTE_ID, ORIGIN_AIRPORT_ID, DESTINATION_AIRPORT_ID, DISTANCE_KM, FLIGHT_DURATION_MIN, IS_INTERNATIONAL, BASE_PRICE_USD) VALUES (3, 1, 4, 9020, 680, 'Y', 820);
INSERT INTO  ROUTES (ROUTE_ID, ORIGIN_AIRPORT_ID, DESTINATION_AIRPORT_ID, DISTANCE_KM, FLIGHT_DURATION_MIN, IS_INTERNATIONAL, BASE_PRICE_USD) VALUES (4, 1, 5, 3210, 270, 'Y', 420);
INSERT INTO  ROUTES (ROUTE_ID, ORIGIN_AIRPORT_ID, DESTINATION_AIRPORT_ID, DISTANCE_KM, FLIGHT_DURATION_MIN, IS_INTERNATIONAL, BASE_PRICE_USD) VALUES (5, 1, 6, 2950, 250, 'Y', 390);
INSERT INTO  ROUTES (ROUTE_ID, ORIGIN_AIRPORT_ID, DESTINATION_AIRPORT_ID, DISTANCE_KM, FLIGHT_DURATION_MIN, IS_INTERNATIONAL, BASE_PRICE_USD) VALUES (6, 1, 8, 1590, 150, 'Y', 210);
INSERT INTO  ROUTES (ROUTE_ID, ORIGIN_AIRPORT_ID, DESTINATION_AIRPORT_ID, DISTANCE_KM, FLIGHT_DURATION_MIN, IS_INTERNATIONAL, BASE_PRICE_USD) VALUES (7, 1, 16, 3970, 220, 'Y', 310);
INSERT INTO  ROUTES (ROUTE_ID, ORIGIN_AIRPORT_ID, DESTINATION_AIRPORT_ID, DISTANCE_KM, FLIGHT_DURATION_MIN, IS_INTERNATIONAL, BASE_PRICE_USD) VALUES (8, 2, 3, 5490, 415, 'Y', 600);
INSERT INTO  ROUTES (ROUTE_ID, ORIGIN_AIRPORT_ID, DESTINATION_AIRPORT_ID, DISTANCE_KM, FLIGHT_DURATION_MIN, IS_INTERNATIONAL, BASE_PRICE_USD) VALUES (9, 2, 4, 11020, 820, 'Y', 950);
INSERT INTO  ROUTES (ROUTE_ID, ORIGIN_AIRPORT_ID, DESTINATION_AIRPORT_ID, DISTANCE_KM, FLIGHT_DURATION_MIN, IS_INTERNATIONAL, BASE_PRICE_USD) VALUES (10, 2, 9, 5840, 440, 'Y', 620);
INSERT INTO  ROUTES (ROUTE_ID, ORIGIN_AIRPORT_ID, DESTINATION_AIRPORT_ID, DISTANCE_KM, FLIGHT_DURATION_MIN, IS_INTERNATIONAL, BASE_PRICE_USD) VALUES (11, 3, 4, 5570, 430, 'Y', 580);
INSERT INTO  ROUTES (ROUTE_ID, ORIGIN_AIRPORT_ID, DESTINATION_AIRPORT_ID, DISTANCE_KM, FLIGHT_DURATION_MIN, IS_INTERNATIONAL, BASE_PRICE_USD) VALUES (12, 3, 9, 10840, 810, 'Y', 900);
INSERT INTO  ROUTES (ROUTE_ID, ORIGIN_AIRPORT_ID, DESTINATION_AIRPORT_ID, DISTANCE_KM, FLIGHT_DURATION_MIN, IS_INTERNATIONAL, BASE_PRICE_USD) VALUES (13, 1, 17, 1450, 130, 'Y', 180);
INSERT INTO  ROUTES (ROUTE_ID, ORIGIN_AIRPORT_ID, DESTINATION_AIRPORT_ID, DISTANCE_KM, FLIGHT_DURATION_MIN, IS_INTERNATIONAL, BASE_PRICE_USD) VALUES (14, 1, 18, 1610, 145, 'Y', 195);
INSERT INTO  ROUTES (ROUTE_ID, ORIGIN_AIRPORT_ID, DESTINATION_AIRPORT_ID, DISTANCE_KM, FLIGHT_DURATION_MIN, IS_INTERNATIONAL, BASE_PRICE_USD) VALUES (15, 1, 19, 1980, 170, 'Y', 220);
INSERT INTO  ROUTES (ROUTE_ID, ORIGIN_AIRPORT_ID, DESTINATION_AIRPORT_ID, DISTANCE_KM, FLIGHT_DURATION_MIN, IS_INTERNATIONAL, BASE_PRICE_USD) VALUES (16, 1, 20, 980, 95, 'Y', 140);
INSERT INTO  ROUTES (ROUTE_ID, ORIGIN_AIRPORT_ID, DESTINATION_AIRPORT_ID, DISTANCE_KM, FLIGHT_DURATION_MIN, IS_INTERNATIONAL, BASE_PRICE_USD) VALUES (17, 2, 16, 1340, 105, 'Y', 175);
INSERT INTO  ROUTES (ROUTE_ID, ORIGIN_AIRPORT_ID, DESTINATION_AIRPORT_ID, DISTANCE_KM, FLIGHT_DURATION_MIN, IS_INTERNATIONAL, BASE_PRICE_USD) VALUES (18, 2, 6, 3120, 250, 'Y', 400);
INSERT INTO  ROUTES (ROUTE_ID, ORIGIN_AIRPORT_ID, DESTINATION_AIRPORT_ID, DISTANCE_KM, FLIGHT_DURATION_MIN, IS_INTERNATIONAL, BASE_PRICE_USD) VALUES (19, 4, 14, 4490, 330, 'N', 310);
INSERT INTO  ROUTES (ROUTE_ID, ORIGIN_AIRPORT_ID, DESTINATION_AIRPORT_ID, DISTANCE_KM, FLIGHT_DURATION_MIN, IS_INTERNATIONAL, BASE_PRICE_USD) VALUES (20, 3, 5, 340, 80, 'Y', 150);
INSERT INTO  ROUTES (ROUTE_ID, ORIGIN_AIRPORT_ID, DESTINATION_AIRPORT_ID, DISTANCE_KM, FLIGHT_DURATION_MIN, IS_INTERNATIONAL, BASE_PRICE_USD) VALUES (21, 6, 5, 480, 85, 'Y', 155);
INSERT INTO  ROUTES (ROUTE_ID, ORIGIN_AIRPORT_ID, DESTINATION_AIRPORT_ID, DISTANCE_KM, FLIGHT_DURATION_MIN, IS_INTERNATIONAL, BASE_PRICE_USD) VALUES (22, 1, 11, 8450, 630, 'Y', 780);
INSERT INTO  ROUTES (ROUTE_ID, ORIGIN_AIRPORT_ID, DESTINATION_AIRPORT_ID, DISTANCE_KM, FLIGHT_DURATION_MIN, IS_INTERNATIONAL, BASE_PRICE_USD) VALUES (23, 1, 12, 9580, 720, 'Y', 880);
INSERT INTO  ROUTES (ROUTE_ID, ORIGIN_AIRPORT_ID, DESTINATION_AIRPORT_ID, DISTANCE_KM, FLIGHT_DURATION_MIN, IS_INTERNATIONAL, BASE_PRICE_USD) VALUES (24, 2, 12, 7950, 590, 'Y', 750);
INSERT INTO  ROUTES (ROUTE_ID, ORIGIN_AIRPORT_ID, DESTINATION_AIRPORT_ID, DISTANCE_KM, FLIGHT_DURATION_MIN, IS_INTERNATIONAL, BASE_PRICE_USD) VALUES (25, 1, 7, 3360, 275, 'Y', 430);
COMMIT;


INSERT INTO  FLIGHTS (FLIGHT_ID, FLIGHT_NUMBER, ROUTE_ID, AIRCRAFT_ID, SCHEDULED_DEPARTURE, SCHEDULED_ARRIVAL, ACTUAL_DEPARTURE, ACTUAL_ARRIVAL, STATUS, ECONOMY_SEATS_AVAILABLE, BUSINESS_SEATS_AVAILABLE, FIRST_SEATS_AVAILABLE) VALUES (1, 'MS101', 1, 2, TO_TIMESTAMP('01-JAN-2024 08:00', 'DD-MON-YYYY HH24:MI'), TO_TIMESTAMP('01-JAN-2024 11:15', 'DD-MON-YYYY HH24:MI'), TO_TIMESTAMP('01-JAN-2024 08:10', 'DD-MON-YYYY HH24:MI'), TO_TIMESTAMP('01-JAN-2024 11:22', 'DD-MON-YYYY HH24:MI'), 'COMPLETED', 40, 8, 2);
INSERT INTO  FLIGHTS (FLIGHT_ID, FLIGHT_NUMBER, ROUTE_ID, AIRCRAFT_ID, SCHEDULED_DEPARTURE, SCHEDULED_ARRIVAL, ACTUAL_DEPARTURE, ACTUAL_ARRIVAL, STATUS, ECONOMY_SEATS_AVAILABLE, BUSINESS_SEATS_AVAILABLE, FIRST_SEATS_AVAILABLE) VALUES (2, 'MS102', 2, 4, TO_TIMESTAMP('02-JAN-2024 09:30', 'DD-MON-YYYY HH24:MI'), TO_TIMESTAMP('02-JAN-2024 14:25', 'DD-MON-YYYY HH24:MI'), TO_TIMESTAMP('02-JAN-2024 09:45', 'DD-MON-YYYY HH24:MI'), TO_TIMESTAMP('02-JAN-2024 14:40', 'DD-MON-YYYY HH24:MI'), 'COMPLETED', 20, 5, 1);
INSERT INTO  FLIGHTS (FLIGHT_ID, FLIGHT_NUMBER, ROUTE_ID, AIRCRAFT_ID, SCHEDULED_DEPARTURE, SCHEDULED_ARRIVAL, ACTUAL_DEPARTURE, ACTUAL_ARRIVAL, STATUS, ECONOMY_SEATS_AVAILABLE, BUSINESS_SEATS_AVAILABLE, FIRST_SEATS_AVAILABLE) VALUES (3, 'MS103', 3, 5, TO_TIMESTAMP('03-JAN-2024 10:00', 'DD-MON-YYYY HH24:MI'), TO_TIMESTAMP('03-JAN-2024 21:20', 'DD-MON-YYYY HH24:MI'), TO_TIMESTAMP('03-JAN-2024 10:05', 'DD-MON-YYYY HH24:MI'), TO_TIMESTAMP('03-JAN-2024 21:30', 'DD-MON-YYYY HH24:MI'), 'COMPLETED', 55, 3, 0);
INSERT INTO  FLIGHTS (FLIGHT_ID, FLIGHT_NUMBER, ROUTE_ID, AIRCRAFT_ID, SCHEDULED_DEPARTURE, SCHEDULED_ARRIVAL, ACTUAL_DEPARTURE, ACTUAL_ARRIVAL, STATUS, ECONOMY_SEATS_AVAILABLE, BUSINESS_SEATS_AVAILABLE, FIRST_SEATS_AVAILABLE) VALUES (4, 'MS104', 4, 3, TO_TIMESTAMP('04-JAN-2024 07:00', 'DD-MON-YYYY HH24:MI'), TO_TIMESTAMP('04-JAN-2024 11:30', 'DD-MON-YYYY HH24:MI'), TO_TIMESTAMP('04-JAN-2024 07:15', 'DD-MON-YYYY HH24:MI'), TO_TIMESTAMP('04-JAN-2024 11:45', 'DD-MON-YYYY HH24:MI'), 'COMPLETED', 65, 0, 0);
INSERT INTO  FLIGHTS (FLIGHT_ID, FLIGHT_NUMBER, ROUTE_ID, AIRCRAFT_ID, SCHEDULED_DEPARTURE, SCHEDULED_ARRIVAL, ACTUAL_DEPARTURE, ACTUAL_ARRIVAL, STATUS, ECONOMY_SEATS_AVAILABLE, BUSINESS_SEATS_AVAILABLE, FIRST_SEATS_AVAILABLE) VALUES (5, 'MS105', 5, 8, TO_TIMESTAMP('05-JAN-2024 14:00', 'DD-MON-YYYY HH24:MI'), TO_TIMESTAMP('05-JAN-2024 18:10', 'DD-MON-YYYY HH24:MI'), TO_TIMESTAMP('05-JAN-2024 14:20', 'DD-MON-YYYY HH24:MI'), TO_TIMESTAMP('05-JAN-2024 18:35', 'DD-MON-YYYY HH24:MI'), 'COMPLETED', 80, 6, 0);
INSERT INTO  FLIGHTS (FLIGHT_ID, FLIGHT_NUMBER, ROUTE_ID, AIRCRAFT_ID, SCHEDULED_DEPARTURE, SCHEDULED_ARRIVAL, ACTUAL_DEPARTURE, ACTUAL_ARRIVAL, STATUS, ECONOMY_SEATS_AVAILABLE, BUSINESS_SEATS_AVAILABLE, FIRST_SEATS_AVAILABLE) VALUES (6, 'MS106', 6, 1, TO_TIMESTAMP('06-JAN-2024 06:00', 'DD-MON-YYYY HH24:MI'), TO_TIMESTAMP('06-JAN-2024 08:30', 'DD-MON-YYYY HH24:MI'), TO_TIMESTAMP('06-JAN-2024 06:00', 'DD-MON-YYYY HH24:MI'), TO_TIMESTAMP('06-JAN-2024 08:28', 'DD-MON-YYYY HH24:MI'), 'COMPLETED', 90, 0, 0);
INSERT INTO  FLIGHTS (FLIGHT_ID, FLIGHT_NUMBER, ROUTE_ID, AIRCRAFT_ID, SCHEDULED_DEPARTURE, SCHEDULED_ARRIVAL, ACTUAL_DEPARTURE, ACTUAL_ARRIVAL, STATUS, ECONOMY_SEATS_AVAILABLE, BUSINESS_SEATS_AVAILABLE, FIRST_SEATS_AVAILABLE) VALUES (7, 'MS107', 1, 7, TO_TIMESTAMP('07-JAN-2024 12:00', 'DD-MON-YYYY HH24:MI'), TO_TIMESTAMP('07-JAN-2024 15:15', 'DD-MON-YYYY HH24:MI'), TO_TIMESTAMP('07-JAN-2024 12:10', 'DD-MON-YYYY HH24:MI'), TO_TIMESTAMP('07-JAN-2024 15:18', 'DD-MON-YYYY HH24:MI'), 'COMPLETED', 45, 0, 0);
INSERT INTO  FLIGHTS (FLIGHT_ID, FLIGHT_NUMBER, ROUTE_ID, AIRCRAFT_ID, SCHEDULED_DEPARTURE, SCHEDULED_ARRIVAL, ACTUAL_DEPARTURE, ACTUAL_ARRIVAL, STATUS, ECONOMY_SEATS_AVAILABLE, BUSINESS_SEATS_AVAILABLE, FIRST_SEATS_AVAILABLE) VALUES (8, 'MS108', 2, 4, TO_TIMESTAMP('08-JAN-2024 09:00', 'DD-MON-YYYY HH24:MI'), TO_TIMESTAMP('08-JAN-2024 13:55', 'DD-MON-YYYY HH24:MI'), TO_TIMESTAMP('08-JAN-2024 09:12', 'DD-MON-YYYY HH24:MI'), TO_TIMESTAMP('08-JAN-2024 14:10', 'DD-MON-YYYY HH24:MI'), 'COMPLETED', 30, 10, 3);
INSERT INTO  FLIGHTS (FLIGHT_ID, FLIGHT_NUMBER, ROUTE_ID, AIRCRAFT_ID, SCHEDULED_DEPARTURE, SCHEDULED_ARRIVAL, ACTUAL_DEPARTURE, ACTUAL_ARRIVAL, STATUS, ECONOMY_SEATS_AVAILABLE, BUSINESS_SEATS_AVAILABLE, FIRST_SEATS_AVAILABLE) VALUES (9, 'MS109', 7, 2, TO_TIMESTAMP('09-JAN-2024 11:30', 'DD-MON-YYYY HH24:MI'), TO_TIMESTAMP('09-JAN-2024 15:10', 'DD-MON-YYYY HH24:MI'), TO_TIMESTAMP('09-JAN-2024 11:30', 'DD-MON-YYYY HH24:MI'), TO_TIMESTAMP('09-JAN-2024 15:05', 'DD-MON-YYYY HH24:MI'), 'COMPLETED', 60, 8, 2);
INSERT INTO  FLIGHTS (FLIGHT_ID, FLIGHT_NUMBER, ROUTE_ID, AIRCRAFT_ID, SCHEDULED_DEPARTURE, SCHEDULED_ARRIVAL, ACTUAL_DEPARTURE, ACTUAL_ARRIVAL, STATUS, ECONOMY_SEATS_AVAILABLE, BUSINESS_SEATS_AVAILABLE, FIRST_SEATS_AVAILABLE) VALUES (10, 'MS110', 3, 10, TO_TIMESTAMP('10-JAN-2024 23:00', 'DD-MON-YYYY HH24:MI'), TO_TIMESTAMP('11-JAN-2024 10:20', 'DD-MON-YYYY HH24:MI'), NULL, NULL, 'CANCELLED', 0, 0, 0);
INSERT INTO  FLIGHTS (FLIGHT_ID, FLIGHT_NUMBER, ROUTE_ID, AIRCRAFT_ID, SCHEDULED_DEPARTURE, SCHEDULED_ARRIVAL, ACTUAL_DEPARTURE, ACTUAL_ARRIVAL, STATUS, ECONOMY_SEATS_AVAILABLE, BUSINESS_SEATS_AVAILABLE, FIRST_SEATS_AVAILABLE) VALUES (11, 'MS111', 8, 4, TO_TIMESTAMP('11-JAN-2024 08:00', 'DD-MON-YYYY HH24:MI'), TO_TIMESTAMP('11-JAN-2024 14:55', 'DD-MON-YYYY HH24:MI'), TO_TIMESTAMP('11-JAN-2024 08:05', 'DD-MON-YYYY HH24:MI'), TO_TIMESTAMP('11-JAN-2024 15:00', 'DD-MON-YYYY HH24:MI'), 'COMPLETED', 50, 12, 3);
INSERT INTO  FLIGHTS (FLIGHT_ID, FLIGHT_NUMBER, ROUTE_ID, AIRCRAFT_ID, SCHEDULED_DEPARTURE, SCHEDULED_ARRIVAL, ACTUAL_DEPARTURE, ACTUAL_ARRIVAL, STATUS, ECONOMY_SEATS_AVAILABLE, BUSINESS_SEATS_AVAILABLE, FIRST_SEATS_AVAILABLE) VALUES (12, 'MS112', 9, 4, TO_TIMESTAMP('12-JAN-2024 09:00', 'DD-MON-YYYY HH24:MI'), TO_TIMESTAMP('12-JAN-2024 22:40', 'DD-MON-YYYY HH24:MI'), TO_TIMESTAMP('12-JAN-2024 09:30', 'DD-MON-YYYY HH24:MI'), TO_TIMESTAMP('12-JAN-2024 23:05', 'DD-MON-YYYY HH24:MI'), 'COMPLETED', 25, 8, 2);
INSERT INTO  FLIGHTS (FLIGHT_ID, FLIGHT_NUMBER, ROUTE_ID, AIRCRAFT_ID, SCHEDULED_DEPARTURE, SCHEDULED_ARRIVAL, ACTUAL_DEPARTURE, ACTUAL_ARRIVAL, STATUS, ECONOMY_SEATS_AVAILABLE, BUSINESS_SEATS_AVAILABLE, FIRST_SEATS_AVAILABLE) VALUES (13, 'MS113', 10, 10, TO_TIMESTAMP('13-JAN-2024 13:00', 'DD-MON-YYYY HH24:MI'), TO_TIMESTAMP('13-JAN-2024 21:20', 'DD-MON-YYYY HH24:MI'), TO_TIMESTAMP('13-JAN-2024 13:00', 'DD-MON-YYYY HH24:MI'), TO_TIMESTAMP('13-JAN-2024 21:15', 'DD-MON-YYYY HH24:MI'), 'COMPLETED', 70, 5, 1);
INSERT INTO  FLIGHTS (FLIGHT_ID, FLIGHT_NUMBER, ROUTE_ID, AIRCRAFT_ID, SCHEDULED_DEPARTURE, SCHEDULED_ARRIVAL, ACTUAL_DEPARTURE, ACTUAL_ARRIVAL, STATUS, ECONOMY_SEATS_AVAILABLE, BUSINESS_SEATS_AVAILABLE, FIRST_SEATS_AVAILABLE) VALUES (14, 'MS114', 11, 5, TO_TIMESTAMP('14-JAN-2024 07:30', 'DD-MON-YYYY HH24:MI'), TO_TIMESTAMP('14-JAN-2024 15:00', 'DD-MON-YYYY HH24:MI'), TO_TIMESTAMP('14-JAN-2024 07:30', 'DD-MON-YYYY HH24:MI'), TO_TIMESTAMP('14-JAN-2024 14:55', 'DD-MON-YYYY HH24:MI'), 'COMPLETED', 85, 6, 0);
INSERT INTO  FLIGHTS (FLIGHT_ID, FLIGHT_NUMBER, ROUTE_ID, AIRCRAFT_ID, SCHEDULED_DEPARTURE, SCHEDULED_ARRIVAL, ACTUAL_DEPARTURE, ACTUAL_ARRIVAL, STATUS, ECONOMY_SEATS_AVAILABLE, BUSINESS_SEATS_AVAILABLE, FIRST_SEATS_AVAILABLE) VALUES (15, 'MS115', 13, 1, TO_TIMESTAMP('15-JAN-2024 10:00', 'DD-MON-YYYY HH24:MI'), TO_TIMESTAMP('15-JAN-2024 12:10', 'DD-MON-YYYY HH24:MI'), TO_TIMESTAMP('15-JAN-2024 10:05', 'DD-MON-YYYY HH24:MI'), TO_TIMESTAMP('15-JAN-2024 12:12', 'DD-MON-YYYY HH24:MI'), 'COMPLETED', 95, 0, 0);
INSERT INTO  FLIGHTS (FLIGHT_ID, FLIGHT_NUMBER, ROUTE_ID, AIRCRAFT_ID, SCHEDULED_DEPARTURE, SCHEDULED_ARRIVAL, ACTUAL_DEPARTURE, ACTUAL_ARRIVAL, STATUS, ECONOMY_SEATS_AVAILABLE, BUSINESS_SEATS_AVAILABLE, FIRST_SEATS_AVAILABLE) VALUES (16, 'MS116', 14, 3, TO_TIMESTAMP('16-JAN-2024 09:00', 'DD-MON-YYYY HH24:MI'), TO_TIMESTAMP('16-JAN-2024 11:25', 'DD-MON-YYYY HH24:MI'), TO_TIMESTAMP('16-JAN-2024 09:10', 'DD-MON-YYYY HH24:MI'), TO_TIMESTAMP('16-JAN-2024 11:28', 'DD-MON-YYYY HH24:MI'), 'COMPLETED', 88, 0, 0);
INSERT INTO  FLIGHTS (FLIGHT_ID, FLIGHT_NUMBER, ROUTE_ID, AIRCRAFT_ID, SCHEDULED_DEPARTURE, SCHEDULED_ARRIVAL, ACTUAL_DEPARTURE, ACTUAL_ARRIVAL, STATUS, ECONOMY_SEATS_AVAILABLE, BUSINESS_SEATS_AVAILABLE, FIRST_SEATS_AVAILABLE) VALUES (17, 'MS117', 15, 6, TO_TIMESTAMP('17-JAN-2024 14:00', 'DD-MON-YYYY HH24:MI'), TO_TIMESTAMP('17-JAN-2024 16:50', 'DD-MON-YYYY HH24:MI'), TO_TIMESTAMP('17-JAN-2024 14:00', 'DD-MON-YYYY HH24:MI'), TO_TIMESTAMP('17-JAN-2024 16:48', 'DD-MON-YYYY HH24:MI'), 'COMPLETED', 120, 0, 0);
INSERT INTO  FLIGHTS (FLIGHT_ID, FLIGHT_NUMBER, ROUTE_ID, AIRCRAFT_ID, SCHEDULED_DEPARTURE, SCHEDULED_ARRIVAL, ACTUAL_DEPARTURE, ACTUAL_ARRIVAL, STATUS, ECONOMY_SEATS_AVAILABLE, BUSINESS_SEATS_AVAILABLE, FIRST_SEATS_AVAILABLE) VALUES (18, 'MS118', 16, 12, TO_TIMESTAMP('18-JAN-2024 07:00', 'DD-MON-YYYY HH24:MI'), TO_TIMESTAMP('18-JAN-2024 08:35', 'DD-MON-YYYY HH24:MI'), TO_TIMESTAMP('18-JAN-2024 07:15', 'DD-MON-YYYY HH24:MI'), TO_TIMESTAMP('18-JAN-2024 08:45', 'DD-MON-YYYY HH24:MI'), 'COMPLETED', 70, 0, 0);
INSERT INTO  FLIGHTS (FLIGHT_ID, FLIGHT_NUMBER, ROUTE_ID, AIRCRAFT_ID, SCHEDULED_DEPARTURE, SCHEDULED_ARRIVAL, ACTUAL_DEPARTURE, ACTUAL_ARRIVAL, STATUS, ECONOMY_SEATS_AVAILABLE, BUSINESS_SEATS_AVAILABLE, FIRST_SEATS_AVAILABLE) VALUES (19, 'MS119', 1, 2, TO_TIMESTAMP('19-JAN-2024 18:00', 'DD-MON-YYYY HH24:MI'), TO_TIMESTAMP('19-JAN-2024 21:15', 'DD-MON-YYYY HH24:MI'), TO_TIMESTAMP('19-JAN-2024 18:05', 'DD-MON-YYYY HH24:MI'), TO_TIMESTAMP('19-JAN-2024 21:20', 'DD-MON-YYYY HH24:MI'), 'COMPLETED', 50, 9, 2);
INSERT INTO  FLIGHTS (FLIGHT_ID, FLIGHT_NUMBER, ROUTE_ID, AIRCRAFT_ID, SCHEDULED_DEPARTURE, SCHEDULED_ARRIVAL, ACTUAL_DEPARTURE, ACTUAL_ARRIVAL, STATUS, ECONOMY_SEATS_AVAILABLE, BUSINESS_SEATS_AVAILABLE, FIRST_SEATS_AVAILABLE) VALUES (20, 'MS120', 4, 3, TO_TIMESTAMP('20-JAN-2024 06:30', 'DD-MON-YYYY HH24:MI'), TO_TIMESTAMP('20-JAN-2024 11:00', 'DD-MON-YYYY HH24:MI'), TO_TIMESTAMP('20-JAN-2024 06:45', 'DD-MON-YYYY HH24:MI'), TO_TIMESTAMP('20-JAN-2024 11:10', 'DD-MON-YYYY HH24:MI'), 'COMPLETED', 75, 0, 0);
INSERT INTO  FLIGHTS (FLIGHT_ID, FLIGHT_NUMBER, ROUTE_ID, AIRCRAFT_ID, SCHEDULED_DEPARTURE, SCHEDULED_ARRIVAL, ACTUAL_DEPARTURE, ACTUAL_ARRIVAL, STATUS, ECONOMY_SEATS_AVAILABLE, BUSINESS_SEATS_AVAILABLE, FIRST_SEATS_AVAILABLE) VALUES (21, 'MS121', 5, 8, TO_TIMESTAMP('21-JAN-2024 07:00', 'DD-MON-YYYY HH24:MI'), TO_TIMESTAMP('21-JAN-2024 11:10', 'DD-MON-YYYY HH24:MI'), TO_TIMESTAMP('21-JAN-2024 07:00', 'DD-MON-YYYY HH24:MI'), TO_TIMESTAMP('21-JAN-2024 11:08', 'DD-MON-YYYY HH24:MI'), 'COMPLETED', 90, 5, 0);
INSERT INTO  FLIGHTS (FLIGHT_ID, FLIGHT_NUMBER, ROUTE_ID, AIRCRAFT_ID, SCHEDULED_DEPARTURE, SCHEDULED_ARRIVAL, ACTUAL_DEPARTURE, ACTUAL_ARRIVAL, STATUS, ECONOMY_SEATS_AVAILABLE, BUSINESS_SEATS_AVAILABLE, FIRST_SEATS_AVAILABLE) VALUES (22, 'MS122', 2, 4, TO_TIMESTAMP('22-JAN-2024 10:00', 'DD-MON-YYYY HH24:MI'), TO_TIMESTAMP('22-JAN-2024 14:55', 'DD-MON-YYYY HH24:MI'), TO_TIMESTAMP('22-JAN-2024 10:25', 'DD-MON-YYYY HH24:MI'), TO_TIMESTAMP('22-JAN-2024 15:15', 'DD-MON-YYYY HH24:MI'), 'DELAYED', 15, 3, 1);
INSERT INTO  FLIGHTS (FLIGHT_ID, FLIGHT_NUMBER, ROUTE_ID, AIRCRAFT_ID, SCHEDULED_DEPARTURE, SCHEDULED_ARRIVAL, ACTUAL_DEPARTURE, ACTUAL_ARRIVAL, STATUS, ECONOMY_SEATS_AVAILABLE, BUSINESS_SEATS_AVAILABLE, FIRST_SEATS_AVAILABLE) VALUES (23, 'MS123', 6, 7, TO_TIMESTAMP('23-JAN-2024 16:00', 'DD-MON-YYYY HH24:MI'), TO_TIMESTAMP('23-JAN-2024 18:30', 'DD-MON-YYYY HH24:MI'), TO_TIMESTAMP('23-JAN-2024 16:10', 'DD-MON-YYYY HH24:MI'), TO_TIMESTAMP('23-JAN-2024 18:38', 'DD-MON-YYYY HH24:MI'), 'COMPLETED', 100, 0, 0);
INSERT INTO  FLIGHTS (FLIGHT_ID, FLIGHT_NUMBER, ROUTE_ID, AIRCRAFT_ID, SCHEDULED_DEPARTURE, SCHEDULED_ARRIVAL, ACTUAL_DEPARTURE, ACTUAL_ARRIVAL, STATUS, ECONOMY_SEATS_AVAILABLE, BUSINESS_SEATS_AVAILABLE, FIRST_SEATS_AVAILABLE) VALUES (24, 'MS124', 8, 4, TO_TIMESTAMP('24-JAN-2024 09:00', 'DD-MON-YYYY HH24:MI'), TO_TIMESTAMP('24-JAN-2024 15:55', 'DD-MON-YYYY HH24:MI'), TO_TIMESTAMP('24-JAN-2024 09:00', 'DD-MON-YYYY HH24:MI'), TO_TIMESTAMP('24-JAN-2024 15:50', 'DD-MON-YYYY HH24:MI'), 'COMPLETED', 60, 14, 3);
INSERT INTO  FLIGHTS (FLIGHT_ID, FLIGHT_NUMBER, ROUTE_ID, AIRCRAFT_ID, SCHEDULED_DEPARTURE, SCHEDULED_ARRIVAL, ACTUAL_DEPARTURE, ACTUAL_ARRIVAL, STATUS, ECONOMY_SEATS_AVAILABLE, BUSINESS_SEATS_AVAILABLE, FIRST_SEATS_AVAILABLE) VALUES (25, 'MS125', 3, 5, TO_TIMESTAMP('25-JAN-2024 22:00', 'DD-MON-YYYY HH24:MI'), TO_TIMESTAMP('26-JAN-2024 09:20', 'DD-MON-YYYY HH24:MI'), NULL, NULL, 'CANCELLED', 0, 0, 0);
INSERT INTO  FLIGHTS (FLIGHT_ID, FLIGHT_NUMBER, ROUTE_ID, AIRCRAFT_ID, SCHEDULED_DEPARTURE, SCHEDULED_ARRIVAL, ACTUAL_DEPARTURE, ACTUAL_ARRIVAL, STATUS, ECONOMY_SEATS_AVAILABLE, BUSINESS_SEATS_AVAILABLE, FIRST_SEATS_AVAILABLE) VALUES (26, 'MS126', 9, 10, TO_TIMESTAMP('26-JAN-2024 11:00', 'DD-MON-YYYY HH24:MI'), TO_TIMESTAMP('27-JAN-2024 00:40', 'DD-MON-YYYY HH24:MI'), TO_TIMESTAMP('26-JAN-2024 11:05', 'DD-MON-YYYY HH24:MI'), TO_TIMESTAMP('27-JAN-2024 00:48', 'DD-MON-YYYY HH24:MI'), 'COMPLETED', 30, 9, 2);
INSERT INTO  FLIGHTS (FLIGHT_ID, FLIGHT_NUMBER, ROUTE_ID, AIRCRAFT_ID, SCHEDULED_DEPARTURE, SCHEDULED_ARRIVAL, ACTUAL_DEPARTURE, ACTUAL_ARRIVAL, STATUS, ECONOMY_SEATS_AVAILABLE, BUSINESS_SEATS_AVAILABLE, FIRST_SEATS_AVAILABLE) VALUES (27, 'MS127', 13, 1, TO_TIMESTAMP('27-JAN-2024 08:00', 'DD-MON-YYYY HH24:MI'), TO_TIMESTAMP('27-JAN-2024 10:10', 'DD-MON-YYYY HH24:MI'), TO_TIMESTAMP('27-JAN-2024 08:00', 'DD-MON-YYYY HH24:MI'), TO_TIMESTAMP('27-JAN-2024 10:08', 'DD-MON-YYYY HH24:MI'), 'COMPLETED', 80, 0, 0);
INSERT INTO  FLIGHTS (FLIGHT_ID, FLIGHT_NUMBER, ROUTE_ID, AIRCRAFT_ID, SCHEDULED_DEPARTURE, SCHEDULED_ARRIVAL, ACTUAL_DEPARTURE, ACTUAL_ARRIVAL, STATUS, ECONOMY_SEATS_AVAILABLE, BUSINESS_SEATS_AVAILABLE, FIRST_SEATS_AVAILABLE) VALUES (28, 'MS128', 14, 3, TO_TIMESTAMP('28-JAN-2024 12:00', 'DD-MON-YYYY HH24:MI'), TO_TIMESTAMP('28-JAN-2024 14:25', 'DD-MON-YYYY HH24:MI'), TO_TIMESTAMP('28-JAN-2024 12:20', 'DD-MON-YYYY HH24:MI'), TO_TIMESTAMP('28-JAN-2024 14:40', 'DD-MON-YYYY HH24:MI'), 'DELAYED', 60, 0, 0);
INSERT INTO  FLIGHTS (FLIGHT_ID, FLIGHT_NUMBER, ROUTE_ID, AIRCRAFT_ID, SCHEDULED_DEPARTURE, SCHEDULED_ARRIVAL, ACTUAL_DEPARTURE, ACTUAL_ARRIVAL, STATUS, ECONOMY_SEATS_AVAILABLE, BUSINESS_SEATS_AVAILABLE, FIRST_SEATS_AVAILABLE) VALUES (29, 'MS129', 17, 2, TO_TIMESTAMP('29-JAN-2024 09:30', 'DD-MON-YYYY HH24:MI'), TO_TIMESTAMP('29-JAN-2024 11:15', 'DD-MON-YYYY HH24:MI'), TO_TIMESTAMP('29-JAN-2024 09:35', 'DD-MON-YYYY HH24:MI'), TO_TIMESTAMP('29-JAN-2024 11:18', 'DD-MON-YYYY HH24:MI'), 'COMPLETED', 45, 7, 2);
INSERT INTO  FLIGHTS (FLIGHT_ID, FLIGHT_NUMBER, ROUTE_ID, AIRCRAFT_ID, SCHEDULED_DEPARTURE, SCHEDULED_ARRIVAL, ACTUAL_DEPARTURE, ACTUAL_ARRIVAL, STATUS, ECONOMY_SEATS_AVAILABLE, BUSINESS_SEATS_AVAILABLE, FIRST_SEATS_AVAILABLE) VALUES (30, 'MS130', 18, 8, TO_TIMESTAMP('30-JAN-2024 07:00', 'DD-MON-YYYY HH24:MI'), TO_TIMESTAMP('30-JAN-2024 11:10', 'DD-MON-YYYY HH24:MI'), TO_TIMESTAMP('30-JAN-2024 07:00', 'DD-MON-YYYY HH24:MI'), TO_TIMESTAMP('30-JAN-2024 11:05', 'DD-MON-YYYY HH24:MI'), 'COMPLETED', 70, 8, 0);
INSERT INTO  FLIGHTS (FLIGHT_ID, FLIGHT_NUMBER, ROUTE_ID, AIRCRAFT_ID, SCHEDULED_DEPARTURE, SCHEDULED_ARRIVAL, ACTUAL_DEPARTURE, ACTUAL_ARRIVAL, STATUS, ECONOMY_SEATS_AVAILABLE, BUSINESS_SEATS_AVAILABLE, FIRST_SEATS_AVAILABLE) VALUES (31, 'MS131', 1, 2, TO_TIMESTAMP('01-FEB-2024 08:00', 'DD-MON-YYYY HH24:MI'), TO_TIMESTAMP('01-FEB-2024 11:15', 'DD-MON-YYYY HH24:MI'), TO_TIMESTAMP('01-FEB-2024 08:15', 'DD-MON-YYYY HH24:MI'), TO_TIMESTAMP('01-FEB-2024 11:25', 'DD-MON-YYYY HH24:MI'), 'COMPLETED', 35, 7, 2);
INSERT INTO  FLIGHTS (FLIGHT_ID, FLIGHT_NUMBER, ROUTE_ID, AIRCRAFT_ID, SCHEDULED_DEPARTURE, SCHEDULED_ARRIVAL, ACTUAL_DEPARTURE, ACTUAL_ARRIVAL, STATUS, ECONOMY_SEATS_AVAILABLE, BUSINESS_SEATS_AVAILABLE, FIRST_SEATS_AVAILABLE) VALUES (32, 'MS132', 2, 4, TO_TIMESTAMP('02-FEB-2024 09:30', 'DD-MON-YYYY HH24:MI'), TO_TIMESTAMP('02-FEB-2024 14:25', 'DD-MON-YYYY HH24:MI'), TO_TIMESTAMP('02-FEB-2024 09:30', 'DD-MON-YYYY HH24:MI'), TO_TIMESTAMP('02-FEB-2024 14:22', 'DD-MON-YYYY HH24:MI'), 'COMPLETED', 22, 6, 2);
INSERT INTO  FLIGHTS (FLIGHT_ID, FLIGHT_NUMBER, ROUTE_ID, AIRCRAFT_ID, SCHEDULED_DEPARTURE, SCHEDULED_ARRIVAL, ACTUAL_DEPARTURE, ACTUAL_ARRIVAL, STATUS, ECONOMY_SEATS_AVAILABLE, BUSINESS_SEATS_AVAILABLE, FIRST_SEATS_AVAILABLE) VALUES (33, 'MS133', 4, 3, TO_TIMESTAMP('03-FEB-2024 07:00', 'DD-MON-YYYY HH24:MI'), TO_TIMESTAMP('03-FEB-2024 11:30', 'DD-MON-YYYY HH24:MI'), TO_TIMESTAMP('03-FEB-2024 07:10', 'DD-MON-YYYY HH24:MI'), TO_TIMESTAMP('03-FEB-2024 11:35', 'DD-MON-YYYY HH24:MI'), 'COMPLETED', 80, 0, 0);
INSERT INTO  FLIGHTS (FLIGHT_ID, FLIGHT_NUMBER, ROUTE_ID, AIRCRAFT_ID, SCHEDULED_DEPARTURE, SCHEDULED_ARRIVAL, ACTUAL_DEPARTURE, ACTUAL_ARRIVAL, STATUS, ECONOMY_SEATS_AVAILABLE, BUSINESS_SEATS_AVAILABLE, FIRST_SEATS_AVAILABLE) VALUES (34, 'MS134', 5, 8, TO_TIMESTAMP('04-FEB-2024 14:00', 'DD-MON-YYYY HH24:MI'), TO_TIMESTAMP('04-FEB-2024 18:10', 'DD-MON-YYYY HH24:MI'), TO_TIMESTAMP('04-FEB-2024 14:30', 'DD-MON-YYYY HH24:MI'), TO_TIMESTAMP('04-FEB-2024 18:38', 'DD-MON-YYYY HH24:MI'), 'DELAYED', 55, 4, 0);
INSERT INTO  FLIGHTS (FLIGHT_ID, FLIGHT_NUMBER, ROUTE_ID, AIRCRAFT_ID, SCHEDULED_DEPARTURE, SCHEDULED_ARRIVAL, ACTUAL_DEPARTURE, ACTUAL_ARRIVAL, STATUS, ECONOMY_SEATS_AVAILABLE, BUSINESS_SEATS_AVAILABLE, FIRST_SEATS_AVAILABLE) VALUES (35, 'MS135', 6, 1, TO_TIMESTAMP('05-FEB-2024 06:00', 'DD-MON-YYYY HH24:MI'), TO_TIMESTAMP('05-FEB-2024 08:30', 'DD-MON-YYYY HH24:MI'), TO_TIMESTAMP('05-FEB-2024 06:00', 'DD-MON-YYYY HH24:MI'), TO_TIMESTAMP('05-FEB-2024 08:29', 'DD-MON-YYYY HH24:MI'), 'COMPLETED', 100, 0, 0);
INSERT INTO  FLIGHTS (FLIGHT_ID, FLIGHT_NUMBER, ROUTE_ID, AIRCRAFT_ID, SCHEDULED_DEPARTURE, SCHEDULED_ARRIVAL, ACTUAL_DEPARTURE, ACTUAL_ARRIVAL, STATUS, ECONOMY_SEATS_AVAILABLE, BUSINESS_SEATS_AVAILABLE, FIRST_SEATS_AVAILABLE) VALUES (36, 'MS136', 7, 7, TO_TIMESTAMP('06-FEB-2024 12:00', 'DD-MON-YYYY HH24:MI'), TO_TIMESTAMP('06-FEB-2024 15:50', 'DD-MON-YYYY HH24:MI'), TO_TIMESTAMP('06-FEB-2024 12:15', 'DD-MON-YYYY HH24:MI'), TO_TIMESTAMP('06-FEB-2024 16:02', 'DD-MON-YYYY HH24:MI'), 'COMPLETED', 55, 6, 2);
INSERT INTO  FLIGHTS (FLIGHT_ID, FLIGHT_NUMBER, ROUTE_ID, AIRCRAFT_ID, SCHEDULED_DEPARTURE, SCHEDULED_ARRIVAL, ACTUAL_DEPARTURE, ACTUAL_ARRIVAL, STATUS, ECONOMY_SEATS_AVAILABLE, BUSINESS_SEATS_AVAILABLE, FIRST_SEATS_AVAILABLE) VALUES (37, 'MS137', 8, 4, TO_TIMESTAMP('07-FEB-2024 08:00', 'DD-MON-YYYY HH24:MI'), TO_TIMESTAMP('07-FEB-2024 14:55', 'DD-MON-YYYY HH24:MI'), TO_TIMESTAMP('07-FEB-2024 08:00', 'DD-MON-YYYY HH24:MI'), TO_TIMESTAMP('07-FEB-2024 14:50', 'DD-MON-YYYY HH24:MI'), 'COMPLETED', 40, 11, 3);
INSERT INTO  FLIGHTS (FLIGHT_ID, FLIGHT_NUMBER, ROUTE_ID, AIRCRAFT_ID, SCHEDULED_DEPARTURE, SCHEDULED_ARRIVAL, ACTUAL_DEPARTURE, ACTUAL_ARRIVAL, STATUS, ECONOMY_SEATS_AVAILABLE, BUSINESS_SEATS_AVAILABLE, FIRST_SEATS_AVAILABLE) VALUES (38, 'MS138', 10, 10, TO_TIMESTAMP('08-FEB-2024 13:00', 'DD-MON-YYYY HH24:MI'), TO_TIMESTAMP('08-FEB-2024 21:20', 'DD-MON-YYYY HH24:MI'), TO_TIMESTAMP('08-FEB-2024 13:00', 'DD-MON-YYYY HH24:MI'), TO_TIMESTAMP('08-FEB-2024 21:18', 'DD-MON-YYYY HH24:MI'), 'COMPLETED', 65, 4, 1);
INSERT INTO  FLIGHTS (FLIGHT_ID, FLIGHT_NUMBER, ROUTE_ID, AIRCRAFT_ID, SCHEDULED_DEPARTURE, SCHEDULED_ARRIVAL, ACTUAL_DEPARTURE, ACTUAL_ARRIVAL, STATUS, ECONOMY_SEATS_AVAILABLE, BUSINESS_SEATS_AVAILABLE, FIRST_SEATS_AVAILABLE) VALUES (39, 'MS139', 11, 5, TO_TIMESTAMP('09-FEB-2024 07:30', 'DD-MON-YYYY HH24:MI'), TO_TIMESTAMP('09-FEB-2024 15:00', 'DD-MON-YYYY HH24:MI'), TO_TIMESTAMP('09-FEB-2024 07:30', 'DD-MON-YYYY HH24:MI'), TO_TIMESTAMP('09-FEB-2024 14:58', 'DD-MON-YYYY HH24:MI'), 'COMPLETED', 90, 5, 0);
INSERT INTO  FLIGHTS (FLIGHT_ID, FLIGHT_NUMBER, ROUTE_ID, AIRCRAFT_ID, SCHEDULED_DEPARTURE, SCHEDULED_ARRIVAL, ACTUAL_DEPARTURE, ACTUAL_ARRIVAL, STATUS, ECONOMY_SEATS_AVAILABLE, BUSINESS_SEATS_AVAILABLE, FIRST_SEATS_AVAILABLE) VALUES (40, 'MS140', 16, 12, TO_TIMESTAMP('10-FEB-2024 07:00', 'DD-MON-YYYY HH24:MI'), TO_TIMESTAMP('10-FEB-2024 08:35', 'DD-MON-YYYY HH24:MI'), TO_TIMESTAMP('10-FEB-2024 07:00', 'DD-MON-YYYY HH24:MI'), TO_TIMESTAMP('10-FEB-2024 08:33', 'DD-MON-YYYY HH24:MI'), 'COMPLETED', 60, 0, 0);
INSERT INTO  FLIGHTS (FLIGHT_ID, FLIGHT_NUMBER, ROUTE_ID, AIRCRAFT_ID, SCHEDULED_DEPARTURE, SCHEDULED_ARRIVAL, ACTUAL_DEPARTURE, ACTUAL_ARRIVAL, STATUS, ECONOMY_SEATS_AVAILABLE, BUSINESS_SEATS_AVAILABLE, FIRST_SEATS_AVAILABLE) VALUES (41, 'MS141', 1, 2, TO_TIMESTAMP('11-FEB-2024 18:00', 'DD-MON-YYYY HH24:MI'), TO_TIMESTAMP('11-FEB-2024 21:15', 'DD-MON-YYYY HH24:MI'), TO_TIMESTAMP('11-FEB-2024 18:10', 'DD-MON-YYYY HH24:MI'), TO_TIMESTAMP('11-FEB-2024 21:22', 'DD-MON-YYYY HH24:MI'), 'COMPLETED', 44, 8, 2);
INSERT INTO  FLIGHTS (FLIGHT_ID, FLIGHT_NUMBER, ROUTE_ID, AIRCRAFT_ID, SCHEDULED_DEPARTURE, SCHEDULED_ARRIVAL, ACTUAL_DEPARTURE, ACTUAL_ARRIVAL, STATUS, ECONOMY_SEATS_AVAILABLE, BUSINESS_SEATS_AVAILABLE, FIRST_SEATS_AVAILABLE) VALUES (42, 'MS142', 3, 5, TO_TIMESTAMP('12-FEB-2024 10:00', 'DD-MON-YYYY HH24:MI'), TO_TIMESTAMP('12-FEB-2024 21:20', 'DD-MON-YYYY HH24:MI'), TO_TIMESTAMP('12-FEB-2024 10:05', 'DD-MON-YYYY HH24:MI'), TO_TIMESTAMP('12-FEB-2024 21:28', 'DD-MON-YYYY HH24:MI'), 'COMPLETED', 60, 2, 0);
INSERT INTO  FLIGHTS (FLIGHT_ID, FLIGHT_NUMBER, ROUTE_ID, AIRCRAFT_ID, SCHEDULED_DEPARTURE, SCHEDULED_ARRIVAL, ACTUAL_DEPARTURE, ACTUAL_ARRIVAL, STATUS, ECONOMY_SEATS_AVAILABLE, BUSINESS_SEATS_AVAILABLE, FIRST_SEATS_AVAILABLE) VALUES (43, 'MS143', 13, 1, TO_TIMESTAMP('13-FEB-2024 10:00', 'DD-MON-YYYY HH24:MI'), TO_TIMESTAMP('13-FEB-2024 12:10', 'DD-MON-YYYY HH24:MI'), TO_TIMESTAMP('13-FEB-2024 10:00', 'DD-MON-YYYY HH24:MI'), TO_TIMESTAMP('13-FEB-2024 12:09', 'DD-MON-YYYY HH24:MI'), 'COMPLETED', 90, 0, 0);
INSERT INTO  FLIGHTS (FLIGHT_ID, FLIGHT_NUMBER, ROUTE_ID, AIRCRAFT_ID, SCHEDULED_DEPARTURE, SCHEDULED_ARRIVAL, ACTUAL_DEPARTURE, ACTUAL_ARRIVAL, STATUS, ECONOMY_SEATS_AVAILABLE, BUSINESS_SEATS_AVAILABLE, FIRST_SEATS_AVAILABLE) VALUES (44, 'MS144', 14, 3, TO_TIMESTAMP('14-FEB-2024 09:00', 'DD-MON-YYYY HH24:MI'), TO_TIMESTAMP('14-FEB-2024 11:25', 'DD-MON-YYYY HH24:MI'), TO_TIMESTAMP('14-FEB-2024 09:05', 'DD-MON-YYYY HH24:MI'), TO_TIMESTAMP('14-FEB-2024 11:28', 'DD-MON-YYYY HH24:MI'), 'COMPLETED', 80, 0, 0);
INSERT INTO  FLIGHTS (FLIGHT_ID, FLIGHT_NUMBER, ROUTE_ID, AIRCRAFT_ID, SCHEDULED_DEPARTURE, SCHEDULED_ARRIVAL, ACTUAL_DEPARTURE, ACTUAL_ARRIVAL, STATUS, ECONOMY_SEATS_AVAILABLE, BUSINESS_SEATS_AVAILABLE, FIRST_SEATS_AVAILABLE) VALUES (45, 'MS145', 15, 6, TO_TIMESTAMP('15-FEB-2024 14:00', 'DD-MON-YYYY HH24:MI'), TO_TIMESTAMP('15-FEB-2024 16:50', 'DD-MON-YYYY HH24:MI'), TO_TIMESTAMP('15-FEB-2024 14:00', 'DD-MON-YYYY HH24:MI'), TO_TIMESTAMP('15-FEB-2024 16:50', 'DD-MON-YYYY HH24:MI'), 'COMPLETED', 130, 0, 0);
INSERT INTO  FLIGHTS (FLIGHT_ID, FLIGHT_NUMBER, ROUTE_ID, AIRCRAFT_ID, SCHEDULED_DEPARTURE, SCHEDULED_ARRIVAL, ACTUAL_DEPARTURE, ACTUAL_ARRIVAL, STATUS, ECONOMY_SEATS_AVAILABLE, BUSINESS_SEATS_AVAILABLE, FIRST_SEATS_AVAILABLE) VALUES (46, 'MS146', 6, 7, TO_TIMESTAMP('16-FEB-2024 06:00', 'DD-MON-YYYY HH24:MI'), TO_TIMESTAMP('16-FEB-2024 08:30', 'DD-MON-YYYY HH24:MI'), NULL, NULL, 'CANCELLED', 0, 0, 0);
INSERT INTO  FLIGHTS (FLIGHT_ID, FLIGHT_NUMBER, ROUTE_ID, AIRCRAFT_ID, SCHEDULED_DEPARTURE, SCHEDULED_ARRIVAL, ACTUAL_DEPARTURE, ACTUAL_ARRIVAL, STATUS, ECONOMY_SEATS_AVAILABLE, BUSINESS_SEATS_AVAILABLE, FIRST_SEATS_AVAILABLE) VALUES (47, 'MS147', 9, 4, TO_TIMESTAMP('17-FEB-2024 09:00', 'DD-MON-YYYY HH24:MI'), TO_TIMESTAMP('17-FEB-2024 22:40', 'DD-MON-YYYY HH24:MI'), TO_TIMESTAMP('17-FEB-2024 09:20', 'DD-MON-YYYY HH24:MI'), TO_TIMESTAMP('17-FEB-2024 22:58', 'DD-MON-YYYY HH24:MI'), 'DELAYED', 20, 7, 1);
INSERT INTO  FLIGHTS (FLIGHT_ID, FLIGHT_NUMBER, ROUTE_ID, AIRCRAFT_ID, SCHEDULED_DEPARTURE, SCHEDULED_ARRIVAL, ACTUAL_DEPARTURE, ACTUAL_ARRIVAL, STATUS, ECONOMY_SEATS_AVAILABLE, BUSINESS_SEATS_AVAILABLE, FIRST_SEATS_AVAILABLE) VALUES (48, 'MS148', 17, 2, TO_TIMESTAMP('18-FEB-2024 09:30', 'DD-MON-YYYY HH24:MI'), TO_TIMESTAMP('18-FEB-2024 11:15', 'DD-MON-YYYY HH24:MI'), TO_TIMESTAMP('18-FEB-2024 09:30', 'DD-MON-YYYY HH24:MI'), TO_TIMESTAMP('18-FEB-2024 11:14', 'DD-MON-YYYY HH24:MI'), 'COMPLETED', 40, 6, 2);
INSERT INTO  FLIGHTS (FLIGHT_ID, FLIGHT_NUMBER, ROUTE_ID, AIRCRAFT_ID, SCHEDULED_DEPARTURE, SCHEDULED_ARRIVAL, ACTUAL_DEPARTURE, ACTUAL_ARRIVAL, STATUS, ECONOMY_SEATS_AVAILABLE, BUSINESS_SEATS_AVAILABLE, FIRST_SEATS_AVAILABLE) VALUES (49, 'MS149', 18, 8, TO_TIMESTAMP('19-FEB-2024 07:00', 'DD-MON-YYYY HH24:MI'), TO_TIMESTAMP('19-FEB-2024 11:10', 'DD-MON-YYYY HH24:MI'), TO_TIMESTAMP('19-FEB-2024 07:00', 'DD-MON-YYYY HH24:MI'), TO_TIMESTAMP('19-FEB-2024 11:08', 'DD-MON-YYYY HH24:MI'), 'COMPLETED', 68, 7, 0);
INSERT INTO  FLIGHTS (FLIGHT_ID, FLIGHT_NUMBER, ROUTE_ID, AIRCRAFT_ID, SCHEDULED_DEPARTURE, SCHEDULED_ARRIVAL, ACTUAL_DEPARTURE, ACTUAL_ARRIVAL, STATUS, ECONOMY_SEATS_AVAILABLE, BUSINESS_SEATS_AVAILABLE, FIRST_SEATS_AVAILABLE) VALUES (50, 'MS150', 20, 14, TO_TIMESTAMP('20-FEB-2024 07:00', 'DD-MON-YYYY HH24:MI'), TO_TIMESTAMP('20-FEB-2024 08:20', 'DD-MON-YYYY HH24:MI'), TO_TIMESTAMP('20-FEB-2024 07:00', 'DD-MON-YYYY HH24:MI'), TO_TIMESTAMP('20-FEB-2024 08:18', 'DD-MON-YYYY HH24:MI'), 'COMPLETED', 75, 0, 0);
INSERT INTO  FLIGHTS (FLIGHT_ID, FLIGHT_NUMBER, ROUTE_ID, AIRCRAFT_ID, SCHEDULED_DEPARTURE, SCHEDULED_ARRIVAL, ACTUAL_DEPARTURE, ACTUAL_ARRIVAL, STATUS, ECONOMY_SEATS_AVAILABLE, BUSINESS_SEATS_AVAILABLE, FIRST_SEATS_AVAILABLE) VALUES (51, 'MS151', 1, 2, TO_TIMESTAMP('01-MAR-2024 08:00', 'DD-MON-YYYY HH24:MI'), TO_TIMESTAMP('01-MAR-2024 11:15', 'DD-MON-YYYY HH24:MI'), TO_TIMESTAMP('01-MAR-2024 08:05', 'DD-MON-YYYY HH24:MI'), TO_TIMESTAMP('01-MAR-2024 11:18', 'DD-MON-YYYY HH24:MI'), 'COMPLETED', 38, 9, 2);
INSERT INTO  FLIGHTS (FLIGHT_ID, FLIGHT_NUMBER, ROUTE_ID, AIRCRAFT_ID, SCHEDULED_DEPARTURE, SCHEDULED_ARRIVAL, ACTUAL_DEPARTURE, ACTUAL_ARRIVAL, STATUS, ECONOMY_SEATS_AVAILABLE, BUSINESS_SEATS_AVAILABLE, FIRST_SEATS_AVAILABLE) VALUES (52, 'MS152', 2, 4, TO_TIMESTAMP('02-MAR-2024 09:30', 'DD-MON-YYYY HH24:MI'), TO_TIMESTAMP('02-MAR-2024 14:25', 'DD-MON-YYYY HH24:MI'), TO_TIMESTAMP('02-MAR-2024 09:35', 'DD-MON-YYYY HH24:MI'), TO_TIMESTAMP('02-MAR-2024 14:30', 'DD-MON-YYYY HH24:MI'), 'COMPLETED', 28, 8, 3);
INSERT INTO  FLIGHTS (FLIGHT_ID, FLIGHT_NUMBER, ROUTE_ID, AIRCRAFT_ID, SCHEDULED_DEPARTURE, SCHEDULED_ARRIVAL, ACTUAL_DEPARTURE, ACTUAL_ARRIVAL, STATUS, ECONOMY_SEATS_AVAILABLE, BUSINESS_SEATS_AVAILABLE, FIRST_SEATS_AVAILABLE) VALUES (53, 'MS153', 3, 5, TO_TIMESTAMP('03-MAR-2024 10:00', 'DD-MON-YYYY HH24:MI'), TO_TIMESTAMP('03-MAR-2024 21:20', 'DD-MON-YYYY HH24:MI'), TO_TIMESTAMP('03-MAR-2024 10:00', 'DD-MON-YYYY HH24:MI'), TO_TIMESTAMP('03-MAR-2024 21:19', 'DD-MON-YYYY HH24:MI'), 'COMPLETED', 50, 3, 0);
INSERT INTO  FLIGHTS (FLIGHT_ID, FLIGHT_NUMBER, ROUTE_ID, AIRCRAFT_ID, SCHEDULED_DEPARTURE, SCHEDULED_ARRIVAL, ACTUAL_DEPARTURE, ACTUAL_ARRIVAL, STATUS, ECONOMY_SEATS_AVAILABLE, BUSINESS_SEATS_AVAILABLE, FIRST_SEATS_AVAILABLE) VALUES (54, 'MS154', 4, 3, TO_TIMESTAMP('04-MAR-2024 07:00', 'DD-MON-YYYY HH24:MI'), TO_TIMESTAMP('04-MAR-2024 11:30', 'DD-MON-YYYY HH24:MI'), TO_TIMESTAMP('04-MAR-2024 07:10', 'DD-MON-YYYY HH24:MI'), TO_TIMESTAMP('04-MAR-2024 11:38', 'DD-MON-YYYY HH24:MI'), 'COMPLETED', 70, 0, 0);
INSERT INTO  FLIGHTS (FLIGHT_ID, FLIGHT_NUMBER, ROUTE_ID, AIRCRAFT_ID, SCHEDULED_DEPARTURE, SCHEDULED_ARRIVAL, ACTUAL_DEPARTURE, ACTUAL_ARRIVAL, STATUS, ECONOMY_SEATS_AVAILABLE, BUSINESS_SEATS_AVAILABLE, FIRST_SEATS_AVAILABLE) VALUES (55, 'MS155', 5, 8, TO_TIMESTAMP('05-MAR-2024 14:00', 'DD-MON-YYYY HH24:MI'), TO_TIMESTAMP('05-MAR-2024 18:10', 'DD-MON-YYYY HH24:MI'), TO_TIMESTAMP('05-MAR-2024 14:00', 'DD-MON-YYYY HH24:MI'), TO_TIMESTAMP('05-MAR-2024 18:09', 'DD-MON-YYYY HH24:MI'), 'COMPLETED', 85, 5, 0);
INSERT INTO  FLIGHTS (FLIGHT_ID, FLIGHT_NUMBER, ROUTE_ID, AIRCRAFT_ID, SCHEDULED_DEPARTURE, SCHEDULED_ARRIVAL, ACTUAL_DEPARTURE, ACTUAL_ARRIVAL, STATUS, ECONOMY_SEATS_AVAILABLE, BUSINESS_SEATS_AVAILABLE, FIRST_SEATS_AVAILABLE) VALUES (56, 'MS156', 8, 4, TO_TIMESTAMP('06-MAR-2024 08:00', 'DD-MON-YYYY HH24:MI'), TO_TIMESTAMP('06-MAR-2024 14:55', 'DD-MON-YYYY HH24:MI'), TO_TIMESTAMP('06-MAR-2024 08:00', 'DD-MON-YYYY HH24:MI'), TO_TIMESTAMP('06-MAR-2024 14:52', 'DD-MON-YYYY HH24:MI'), 'COMPLETED', 55, 13, 3);
INSERT INTO  FLIGHTS (FLIGHT_ID, FLIGHT_NUMBER, ROUTE_ID, AIRCRAFT_ID, SCHEDULED_DEPARTURE, SCHEDULED_ARRIVAL, ACTUAL_DEPARTURE, ACTUAL_ARRIVAL, STATUS, ECONOMY_SEATS_AVAILABLE, BUSINESS_SEATS_AVAILABLE, FIRST_SEATS_AVAILABLE) VALUES (57, 'MS157', 9, 10, TO_TIMESTAMP('07-MAR-2024 11:00', 'DD-MON-YYYY HH24:MI'), TO_TIMESTAMP('08-MAR-2024 00:40', 'DD-MON-YYYY HH24:MI'), TO_TIMESTAMP('07-MAR-2024 11:05', 'DD-MON-YYYY HH24:MI'), TO_TIMESTAMP('08-MAR-2024 00:45', 'DD-MON-YYYY HH24:MI'), 'COMPLETED', 28, 8, 2);
INSERT INTO  FLIGHTS (FLIGHT_ID, FLIGHT_NUMBER, ROUTE_ID, AIRCRAFT_ID, SCHEDULED_DEPARTURE, SCHEDULED_ARRIVAL, ACTUAL_DEPARTURE, ACTUAL_ARRIVAL, STATUS, ECONOMY_SEATS_AVAILABLE, BUSINESS_SEATS_AVAILABLE, FIRST_SEATS_AVAILABLE) VALUES (58, 'MS158', 11, 5, TO_TIMESTAMP('08-MAR-2024 07:30', 'DD-MON-YYYY HH24:MI'), TO_TIMESTAMP('08-MAR-2024 15:00', 'DD-MON-YYYY HH24:MI'), TO_TIMESTAMP('08-MAR-2024 07:45', 'DD-MON-YYYY HH24:MI'), TO_TIMESTAMP('08-MAR-2024 15:12', 'DD-MON-YYYY HH24:MI'), 'DELAYED', 80, 4, 0);
INSERT INTO  FLIGHTS (FLIGHT_ID, FLIGHT_NUMBER, ROUTE_ID, AIRCRAFT_ID, SCHEDULED_DEPARTURE, SCHEDULED_ARRIVAL, ACTUAL_DEPARTURE, ACTUAL_ARRIVAL, STATUS, ECONOMY_SEATS_AVAILABLE, BUSINESS_SEATS_AVAILABLE, FIRST_SEATS_AVAILABLE) VALUES (59, 'MS159', 13, 1, TO_TIMESTAMP('09-MAR-2024 10:00', 'DD-MON-YYYY HH24:MI'), TO_TIMESTAMP('09-MAR-2024 12:10', 'DD-MON-YYYY HH24:MI'), TO_TIMESTAMP('09-MAR-2024 10:00', 'DD-MON-YYYY HH24:MI'), TO_TIMESTAMP('09-MAR-2024 12:10', 'DD-MON-YYYY HH24:MI'), 'COMPLETED', 88, 0, 0);
INSERT INTO  FLIGHTS (FLIGHT_ID, FLIGHT_NUMBER, ROUTE_ID, AIRCRAFT_ID, SCHEDULED_DEPARTURE, SCHEDULED_ARRIVAL, ACTUAL_DEPARTURE, ACTUAL_ARRIVAL, STATUS, ECONOMY_SEATS_AVAILABLE, BUSINESS_SEATS_AVAILABLE, FIRST_SEATS_AVAILABLE) VALUES (60, 'MS160', 16, 12, TO_TIMESTAMP('10-MAR-2024 07:00', 'DD-MON-YYYY HH24:MI'), TO_TIMESTAMP('10-MAR-2024 08:35', 'DD-MON-YYYY HH24:MI'), TO_TIMESTAMP('10-MAR-2024 07:05', 'DD-MON-YYYY HH24:MI'), TO_TIMESTAMP('10-MAR-2024 08:38', 'DD-MON-YYYY HH24:MI'), 'COMPLETED', 55, 0, 0);
INSERT INTO  FLIGHTS (FLIGHT_ID, FLIGHT_NUMBER, ROUTE_ID, AIRCRAFT_ID, SCHEDULED_DEPARTURE, SCHEDULED_ARRIVAL, ACTUAL_DEPARTURE, ACTUAL_ARRIVAL, STATUS, ECONOMY_SEATS_AVAILABLE, BUSINESS_SEATS_AVAILABLE, FIRST_SEATS_AVAILABLE) VALUES (61, 'MS161', 7, 2, TO_TIMESTAMP('11-MAR-2024 11:30', 'DD-MON-YYYY HH24:MI'), TO_TIMESTAMP('11-MAR-2024 15:10', 'DD-MON-YYYY HH24:MI'), TO_TIMESTAMP('11-MAR-2024 11:30', 'DD-MON-YYYY HH24:MI'), TO_TIMESTAMP('11-MAR-2024 15:08', 'DD-MON-YYYY HH24:MI'), 'COMPLETED', 58, 7, 2);
INSERT INTO  FLIGHTS (FLIGHT_ID, FLIGHT_NUMBER, ROUTE_ID, AIRCRAFT_ID, SCHEDULED_DEPARTURE, SCHEDULED_ARRIVAL, ACTUAL_DEPARTURE, ACTUAL_ARRIVAL, STATUS, ECONOMY_SEATS_AVAILABLE, BUSINESS_SEATS_AVAILABLE, FIRST_SEATS_AVAILABLE) VALUES (62, 'MS162', 1, 7, TO_TIMESTAMP('12-MAR-2024 12:00', 'DD-MON-YYYY HH24:MI'), TO_TIMESTAMP('12-MAR-2024 15:15', 'DD-MON-YYYY HH24:MI'), TO_TIMESTAMP('12-MAR-2024 12:15', 'DD-MON-YYYY HH24:MI'), TO_TIMESTAMP('12-MAR-2024 15:28', 'DD-MON-YYYY HH24:MI'), 'DELAYED', 30, 0, 0);
INSERT INTO  FLIGHTS (FLIGHT_ID, FLIGHT_NUMBER, ROUTE_ID, AIRCRAFT_ID, SCHEDULED_DEPARTURE, SCHEDULED_ARRIVAL, ACTUAL_DEPARTURE, ACTUAL_ARRIVAL, STATUS, ECONOMY_SEATS_AVAILABLE, BUSINESS_SEATS_AVAILABLE, FIRST_SEATS_AVAILABLE) VALUES (63, 'MS163', 17, 2, TO_TIMESTAMP('13-MAR-2024 09:30', 'DD-MON-YYYY HH24:MI'), TO_TIMESTAMP('13-MAR-2024 11:15', 'DD-MON-YYYY HH24:MI'), TO_TIMESTAMP('13-MAR-2024 09:30', 'DD-MON-YYYY HH24:MI'), TO_TIMESTAMP('13-MAR-2024 11:14', 'DD-MON-YYYY HH24:MI'), 'COMPLETED', 42, 8, 2);
INSERT INTO  FLIGHTS (FLIGHT_ID, FLIGHT_NUMBER, ROUTE_ID, AIRCRAFT_ID, SCHEDULED_DEPARTURE, SCHEDULED_ARRIVAL, ACTUAL_DEPARTURE, ACTUAL_ARRIVAL, STATUS, ECONOMY_SEATS_AVAILABLE, BUSINESS_SEATS_AVAILABLE, FIRST_SEATS_AVAILABLE) VALUES (64, 'MS164', 18, 8, TO_TIMESTAMP('14-MAR-2024 07:00', 'DD-MON-YYYY HH24:MI'), TO_TIMESTAMP('14-MAR-2024 11:10', 'DD-MON-YYYY HH24:MI'), TO_TIMESTAMP('14-MAR-2024 07:00', 'DD-MON-YYYY HH24:MI'), TO_TIMESTAMP('14-MAR-2024 11:07', 'DD-MON-YYYY HH24:MI'), 'COMPLETED', 72, 6, 0);
INSERT INTO  FLIGHTS (FLIGHT_ID, FLIGHT_NUMBER, ROUTE_ID, AIRCRAFT_ID, SCHEDULED_DEPARTURE, SCHEDULED_ARRIVAL, ACTUAL_DEPARTURE, ACTUAL_ARRIVAL, STATUS, ECONOMY_SEATS_AVAILABLE, BUSINESS_SEATS_AVAILABLE, FIRST_SEATS_AVAILABLE) VALUES (65, 'MS165', 6, 1, TO_TIMESTAMP('15-MAR-2024 06:00', 'DD-MON-YYYY HH24:MI'), TO_TIMESTAMP('15-MAR-2024 08:30', 'DD-MON-YYYY HH24:MI'), TO_TIMESTAMP('15-MAR-2024 06:00', 'DD-MON-YYYY HH24:MI'), TO_TIMESTAMP('15-MAR-2024 08:29', 'DD-MON-YYYY HH24:MI'), 'COMPLETED', 95, 0, 0);
INSERT INTO  FLIGHTS (FLIGHT_ID, FLIGHT_NUMBER, ROUTE_ID, AIRCRAFT_ID, SCHEDULED_DEPARTURE, SCHEDULED_ARRIVAL, ACTUAL_DEPARTURE, ACTUAL_ARRIVAL, STATUS, ECONOMY_SEATS_AVAILABLE, BUSINESS_SEATS_AVAILABLE, FIRST_SEATS_AVAILABLE) VALUES (66, 'MS166', 14, 3, TO_TIMESTAMP('16-MAR-2024 09:00', 'DD-MON-YYYY HH24:MI'), TO_TIMESTAMP('16-MAR-2024 11:25', 'DD-MON-YYYY HH24:MI'), TO_TIMESTAMP('16-MAR-2024 09:10', 'DD-MON-YYYY HH24:MI'), TO_TIMESTAMP('16-MAR-2024 11:32', 'DD-MON-YYYY HH24:MI'), 'COMPLETED', 82, 0, 0);
INSERT INTO  FLIGHTS (FLIGHT_ID, FLIGHT_NUMBER, ROUTE_ID, AIRCRAFT_ID, SCHEDULED_DEPARTURE, SCHEDULED_ARRIVAL, ACTUAL_DEPARTURE, ACTUAL_ARRIVAL, STATUS, ECONOMY_SEATS_AVAILABLE, BUSINESS_SEATS_AVAILABLE, FIRST_SEATS_AVAILABLE) VALUES (67, 'MS167', 15, 6, TO_TIMESTAMP('17-MAR-2024 14:00', 'DD-MON-YYYY HH24:MI'), TO_TIMESTAMP('17-MAR-2024 16:50', 'DD-MON-YYYY HH24:MI'), TO_TIMESTAMP('17-MAR-2024 14:05', 'DD-MON-YYYY HH24:MI'), TO_TIMESTAMP('17-MAR-2024 16:52', 'DD-MON-YYYY HH24:MI'), 'COMPLETED', 125, 0, 0);
INSERT INTO  FLIGHTS (FLIGHT_ID, FLIGHT_NUMBER, ROUTE_ID, AIRCRAFT_ID, SCHEDULED_DEPARTURE, SCHEDULED_ARRIVAL, ACTUAL_DEPARTURE, ACTUAL_ARRIVAL, STATUS, ECONOMY_SEATS_AVAILABLE, BUSINESS_SEATS_AVAILABLE, FIRST_SEATS_AVAILABLE) VALUES (68, 'MS168', 20, 14, TO_TIMESTAMP('18-MAR-2024 07:00', 'DD-MON-YYYY HH24:MI'), TO_TIMESTAMP('18-MAR-2024 08:20', 'DD-MON-YYYY HH24:MI'), TO_TIMESTAMP('18-MAR-2024 07:00', 'DD-MON-YYYY HH24:MI'), TO_TIMESTAMP('18-MAR-2024 08:20', 'DD-MON-YYYY HH24:MI'), 'COMPLETED', 70, 0, 0);
INSERT INTO  FLIGHTS (FLIGHT_ID, FLIGHT_NUMBER, ROUTE_ID, AIRCRAFT_ID, SCHEDULED_DEPARTURE, SCHEDULED_ARRIVAL, ACTUAL_DEPARTURE, ACTUAL_ARRIVAL, STATUS, ECONOMY_SEATS_AVAILABLE, BUSINESS_SEATS_AVAILABLE, FIRST_SEATS_AVAILABLE) VALUES (69, 'MS169', 21, 11, TO_TIMESTAMP('19-MAR-2024 09:00', 'DD-MON-YYYY HH24:MI'), TO_TIMESTAMP('19-MAR-2024 10:25', 'DD-MON-YYYY HH24:MI'), TO_TIMESTAMP('19-MAR-2024 09:00', 'DD-MON-YYYY HH24:MI'), TO_TIMESTAMP('19-MAR-2024 10:23', 'DD-MON-YYYY HH24:MI'), 'COMPLETED', 80, 0, 0);
INSERT INTO  FLIGHTS (FLIGHT_ID, FLIGHT_NUMBER, ROUTE_ID, AIRCRAFT_ID, SCHEDULED_DEPARTURE, SCHEDULED_ARRIVAL, ACTUAL_DEPARTURE, ACTUAL_ARRIVAL, STATUS, ECONOMY_SEATS_AVAILABLE, BUSINESS_SEATS_AVAILABLE, FIRST_SEATS_AVAILABLE) VALUES (70, 'MS170', 22, 4, TO_TIMESTAMP('20-MAR-2024 09:00', 'DD-MON-YYYY HH24:MI'), TO_TIMESTAMP('20-MAR-2024 19:30', 'DD-MON-YYYY HH24:MI'), TO_TIMESTAMP('20-MAR-2024 09:15', 'DD-MON-YYYY HH24:MI'), TO_TIMESTAMP('20-MAR-2024 19:42', 'DD-MON-YYYY HH24:MI'), 'COMPLETED', 18, 6, 1);
INSERT INTO  FLIGHTS (FLIGHT_ID, FLIGHT_NUMBER, ROUTE_ID, AIRCRAFT_ID, SCHEDULED_DEPARTURE, SCHEDULED_ARRIVAL, ACTUAL_DEPARTURE, ACTUAL_ARRIVAL, STATUS, ECONOMY_SEATS_AVAILABLE, BUSINESS_SEATS_AVAILABLE, FIRST_SEATS_AVAILABLE) VALUES (71, 'MS171', 1, 2, TO_TIMESTAMP('01-APR-2024 08:00', 'DD-MON-YYYY HH24:MI'), TO_TIMESTAMP('01-APR-2024 11:15', 'DD-MON-YYYY HH24:MI'), TO_TIMESTAMP('01-APR-2024 08:00', 'DD-MON-YYYY HH24:MI'), TO_TIMESTAMP('01-APR-2024 11:14', 'DD-MON-YYYY HH24:MI'), 'COMPLETED', 42, 9, 2);
INSERT INTO  FLIGHTS (FLIGHT_ID, FLIGHT_NUMBER, ROUTE_ID, AIRCRAFT_ID, SCHEDULED_DEPARTURE, SCHEDULED_ARRIVAL, ACTUAL_DEPARTURE, ACTUAL_ARRIVAL, STATUS, ECONOMY_SEATS_AVAILABLE, BUSINESS_SEATS_AVAILABLE, FIRST_SEATS_AVAILABLE) VALUES (72, 'MS172', 2, 4, TO_TIMESTAMP('02-APR-2024 09:30', 'DD-MON-YYYY HH24:MI'), TO_TIMESTAMP('02-APR-2024 14:25', 'DD-MON-YYYY HH24:MI'), TO_TIMESTAMP('02-APR-2024 09:30', 'DD-MON-YYYY HH24:MI'), TO_TIMESTAMP('02-APR-2024 14:24', 'DD-MON-YYYY HH24:MI'), 'COMPLETED', 26, 7, 2);
INSERT INTO  FLIGHTS (FLIGHT_ID, FLIGHT_NUMBER, ROUTE_ID, AIRCRAFT_ID, SCHEDULED_DEPARTURE, SCHEDULED_ARRIVAL, ACTUAL_DEPARTURE, ACTUAL_ARRIVAL, STATUS, ECONOMY_SEATS_AVAILABLE, BUSINESS_SEATS_AVAILABLE, FIRST_SEATS_AVAILABLE) VALUES (73, 'MS173', 3, 5, TO_TIMESTAMP('03-APR-2024 10:00', 'DD-MON-YYYY HH24:MI'), TO_TIMESTAMP('03-APR-2024 21:20', 'DD-MON-YYYY HH24:MI'), TO_TIMESTAMP('03-APR-2024 10:10', 'DD-MON-YYYY HH24:MI'), TO_TIMESTAMP('03-APR-2024 21:28', 'DD-MON-YYYY HH24:MI'), 'COMPLETED', 52, 2, 0);
INSERT INTO  FLIGHTS (FLIGHT_ID, FLIGHT_NUMBER, ROUTE_ID, AIRCRAFT_ID, SCHEDULED_DEPARTURE, SCHEDULED_ARRIVAL, ACTUAL_DEPARTURE, ACTUAL_ARRIVAL, STATUS, ECONOMY_SEATS_AVAILABLE, BUSINESS_SEATS_AVAILABLE, FIRST_SEATS_AVAILABLE) VALUES (74, 'MS174', 4, 3, TO_TIMESTAMP('04-APR-2024 07:00', 'DD-MON-YYYY HH24:MI'), TO_TIMESTAMP('04-APR-2024 11:30', 'DD-MON-YYYY HH24:MI'), TO_TIMESTAMP('04-APR-2024 07:00', 'DD-MON-YYYY HH24:MI'), TO_TIMESTAMP('04-APR-2024 11:29', 'DD-MON-YYYY HH24:MI'), 'COMPLETED', 72, 0, 0);
INSERT INTO  FLIGHTS (FLIGHT_ID, FLIGHT_NUMBER, ROUTE_ID, AIRCRAFT_ID, SCHEDULED_DEPARTURE, SCHEDULED_ARRIVAL, ACTUAL_DEPARTURE, ACTUAL_ARRIVAL, STATUS, ECONOMY_SEATS_AVAILABLE, BUSINESS_SEATS_AVAILABLE, FIRST_SEATS_AVAILABLE) VALUES (75, 'MS175', 5, 8, TO_TIMESTAMP('05-APR-2024 14:00', 'DD-MON-YYYY HH24:MI'), TO_TIMESTAMP('05-APR-2024 18:10', 'DD-MON-YYYY HH24:MI'), TO_TIMESTAMP('05-APR-2024 14:15', 'DD-MON-YYYY HH24:MI'), TO_TIMESTAMP('05-APR-2024 18:22', 'DD-MON-YYYY HH24:MI'), 'DELAYED', 78, 4, 0);
INSERT INTO  FLIGHTS (FLIGHT_ID, FLIGHT_NUMBER, ROUTE_ID, AIRCRAFT_ID, SCHEDULED_DEPARTURE, SCHEDULED_ARRIVAL, ACTUAL_DEPARTURE, ACTUAL_ARRIVAL, STATUS, ECONOMY_SEATS_AVAILABLE, BUSINESS_SEATS_AVAILABLE, FIRST_SEATS_AVAILABLE) VALUES (76, 'MS176', 8, 4, TO_TIMESTAMP('06-APR-2024 08:00', 'DD-MON-YYYY HH24:MI'), TO_TIMESTAMP('06-APR-2024 14:55', 'DD-MON-YYYY HH24:MI'), TO_TIMESTAMP('06-APR-2024 08:05', 'DD-MON-YYYY HH24:MI'), TO_TIMESTAMP('06-APR-2024 14:58', 'DD-MON-YYYY HH24:MI'), 'COMPLETED', 48, 12, 3);
INSERT INTO  FLIGHTS (FLIGHT_ID, FLIGHT_NUMBER, ROUTE_ID, AIRCRAFT_ID, SCHEDULED_DEPARTURE, SCHEDULED_ARRIVAL, ACTUAL_DEPARTURE, ACTUAL_ARRIVAL, STATUS, ECONOMY_SEATS_AVAILABLE, BUSINESS_SEATS_AVAILABLE, FIRST_SEATS_AVAILABLE) VALUES (77, 'MS177', 9, 10, TO_TIMESTAMP('07-APR-2024 11:00', 'DD-MON-YYYY HH24:MI'), TO_TIMESTAMP('08-APR-2024 00:40', 'DD-MON-YYYY HH24:MI'), TO_TIMESTAMP('07-APR-2024 11:00', 'DD-MON-YYYY HH24:MI'), TO_TIMESTAMP('08-APR-2024 00:38', 'DD-MON-YYYY HH24:MI'), 'COMPLETED', 32, 8, 2);
INSERT INTO  FLIGHTS (FLIGHT_ID, FLIGHT_NUMBER, ROUTE_ID, AIRCRAFT_ID, SCHEDULED_DEPARTURE, SCHEDULED_ARRIVAL, ACTUAL_DEPARTURE, ACTUAL_ARRIVAL, STATUS, ECONOMY_SEATS_AVAILABLE, BUSINESS_SEATS_AVAILABLE, FIRST_SEATS_AVAILABLE) VALUES (78, 'MS178', 10, 5, TO_TIMESTAMP('08-APR-2024 13:00', 'DD-MON-YYYY HH24:MI'), TO_TIMESTAMP('08-APR-2024 21:20', 'DD-MON-YYYY HH24:MI'), TO_TIMESTAMP('08-APR-2024 13:05', 'DD-MON-YYYY HH24:MI'), TO_TIMESTAMP('08-APR-2024 21:25', 'DD-MON-YYYY HH24:MI'), 'COMPLETED', 68, 5, 1);
INSERT INTO  FLIGHTS (FLIGHT_ID, FLIGHT_NUMBER, ROUTE_ID, AIRCRAFT_ID, SCHEDULED_DEPARTURE, SCHEDULED_ARRIVAL, ACTUAL_DEPARTURE, ACTUAL_ARRIVAL, STATUS, ECONOMY_SEATS_AVAILABLE, BUSINESS_SEATS_AVAILABLE, FIRST_SEATS_AVAILABLE) VALUES (79, 'MS179', 11, 5, TO_TIMESTAMP('09-APR-2024 07:30', 'DD-MON-YYYY HH24:MI'), TO_TIMESTAMP('09-APR-2024 15:00', 'DD-MON-YYYY HH24:MI'), TO_TIMESTAMP('09-APR-2024 07:30', 'DD-MON-YYYY HH24:MI'), TO_TIMESTAMP('09-APR-2024 14:59', 'DD-MON-YYYY HH24:MI'), 'COMPLETED', 88, 5, 0);
INSERT INTO  FLIGHTS (FLIGHT_ID, FLIGHT_NUMBER, ROUTE_ID, AIRCRAFT_ID, SCHEDULED_DEPARTURE, SCHEDULED_ARRIVAL, ACTUAL_DEPARTURE, ACTUAL_ARRIVAL, STATUS, ECONOMY_SEATS_AVAILABLE, BUSINESS_SEATS_AVAILABLE, FIRST_SEATS_AVAILABLE) VALUES (80, 'MS180', 13, 1, TO_TIMESTAMP('10-APR-2024 10:00', 'DD-MON-YYYY HH24:MI'), TO_TIMESTAMP('10-APR-2024 12:10', 'DD-MON-YYYY HH24:MI'), TO_TIMESTAMP('10-APR-2024 10:00', 'DD-MON-YYYY HH24:MI'), TO_TIMESTAMP('10-APR-2024 12:10', 'DD-MON-YYYY HH24:MI'), 'COMPLETED', 92, 0, 0);
INSERT INTO  FLIGHTS (FLIGHT_ID, FLIGHT_NUMBER, ROUTE_ID, AIRCRAFT_ID, SCHEDULED_DEPARTURE, SCHEDULED_ARRIVAL, ACTUAL_DEPARTURE, ACTUAL_ARRIVAL, STATUS, ECONOMY_SEATS_AVAILABLE, BUSINESS_SEATS_AVAILABLE, FIRST_SEATS_AVAILABLE) VALUES (81, 'MS181', 14, 3, TO_TIMESTAMP('11-APR-2024 09:00', 'DD-MON-YYYY HH24:MI'), TO_TIMESTAMP('11-APR-2024 11:25', 'DD-MON-YYYY HH24:MI'), TO_TIMESTAMP('11-APR-2024 09:05', 'DD-MON-YYYY HH24:MI'), TO_TIMESTAMP('11-APR-2024 11:28', 'DD-MON-YYYY HH24:MI'), 'COMPLETED', 84, 0, 0);
INSERT INTO  FLIGHTS (FLIGHT_ID, FLIGHT_NUMBER, ROUTE_ID, AIRCRAFT_ID, SCHEDULED_DEPARTURE, SCHEDULED_ARRIVAL, ACTUAL_DEPARTURE, ACTUAL_ARRIVAL, STATUS, ECONOMY_SEATS_AVAILABLE, BUSINESS_SEATS_AVAILABLE, FIRST_SEATS_AVAILABLE) VALUES (82, 'MS182', 17, 2, TO_TIMESTAMP('12-APR-2024 09:30', 'DD-MON-YYYY HH24:MI'), TO_TIMESTAMP('12-APR-2024 11:15', 'DD-MON-YYYY HH24:MI'), TO_TIMESTAMP('12-APR-2024 09:30', 'DD-MON-YYYY HH24:MI'), TO_TIMESTAMP('12-APR-2024 11:14', 'DD-MON-YYYY HH24:MI'), 'COMPLETED', 44, 8, 2);
INSERT INTO  FLIGHTS (FLIGHT_ID, FLIGHT_NUMBER, ROUTE_ID, AIRCRAFT_ID, SCHEDULED_DEPARTURE, SCHEDULED_ARRIVAL, ACTUAL_DEPARTURE, ACTUAL_ARRIVAL, STATUS, ECONOMY_SEATS_AVAILABLE, BUSINESS_SEATS_AVAILABLE, FIRST_SEATS_AVAILABLE) VALUES (83, 'MS183', 18, 8, TO_TIMESTAMP('13-APR-2024 07:00', 'DD-MON-YYYY HH24:MI'), TO_TIMESTAMP('13-APR-2024 11:10', 'DD-MON-YYYY HH24:MI'), TO_TIMESTAMP('13-APR-2024 07:00', 'DD-MON-YYYY HH24:MI'), TO_TIMESTAMP('13-APR-2024 11:09', 'DD-MON-YYYY HH24:MI'), 'COMPLETED', 66, 7, 0);
INSERT INTO  FLIGHTS (FLIGHT_ID, FLIGHT_NUMBER, ROUTE_ID, AIRCRAFT_ID, SCHEDULED_DEPARTURE, SCHEDULED_ARRIVAL, ACTUAL_DEPARTURE, ACTUAL_ARRIVAL, STATUS, ECONOMY_SEATS_AVAILABLE, BUSINESS_SEATS_AVAILABLE, FIRST_SEATS_AVAILABLE) VALUES (84, 'MS184', 6, 7, TO_TIMESTAMP('14-APR-2024 06:00', 'DD-MON-YYYY HH24:MI'), TO_TIMESTAMP('14-APR-2024 08:30', 'DD-MON-YYYY HH24:MI'), TO_TIMESTAMP('14-APR-2024 06:10', 'DD-MON-YYYY HH24:MI'), TO_TIMESTAMP('14-APR-2024 08:38', 'DD-MON-YYYY HH24:MI'), 'COMPLETED', 98, 0, 0);
INSERT INTO  FLIGHTS (FLIGHT_ID, FLIGHT_NUMBER, ROUTE_ID, AIRCRAFT_ID, SCHEDULED_DEPARTURE, SCHEDULED_ARRIVAL, ACTUAL_DEPARTURE, ACTUAL_ARRIVAL, STATUS, ECONOMY_SEATS_AVAILABLE, BUSINESS_SEATS_AVAILABLE, FIRST_SEATS_AVAILABLE) VALUES (85, 'MS185', 16, 12, TO_TIMESTAMP('15-APR-2024 07:00', 'DD-MON-YYYY HH24:MI'), TO_TIMESTAMP('15-APR-2024 08:35', 'DD-MON-YYYY HH24:MI'), TO_TIMESTAMP('15-APR-2024 07:00', 'DD-MON-YYYY HH24:MI'), TO_TIMESTAMP('15-APR-2024 08:34', 'DD-MON-YYYY HH24:MI'), 'COMPLETED', 58, 0, 0);
INSERT INTO  FLIGHTS (FLIGHT_ID, FLIGHT_NUMBER, ROUTE_ID, AIRCRAFT_ID, SCHEDULED_DEPARTURE, SCHEDULED_ARRIVAL, ACTUAL_DEPARTURE, ACTUAL_ARRIVAL, STATUS, ECONOMY_SEATS_AVAILABLE, BUSINESS_SEATS_AVAILABLE, FIRST_SEATS_AVAILABLE) VALUES (86, 'MS186', 23, 4, TO_TIMESTAMP('16-APR-2024 09:00', 'DD-MON-YYYY HH24:MI'), TO_TIMESTAMP('16-APR-2024 21:00', 'DD-MON-YYYY HH24:MI'), TO_TIMESTAMP('16-APR-2024 09:10', 'DD-MON-YYYY HH24:MI'), TO_TIMESTAMP('16-APR-2024 21:12', 'DD-MON-YYYY HH24:MI'), 'COMPLETED', 20, 8, 1);
INSERT INTO  FLIGHTS (FLIGHT_ID, FLIGHT_NUMBER, ROUTE_ID, AIRCRAFT_ID, SCHEDULED_DEPARTURE, SCHEDULED_ARRIVAL, ACTUAL_DEPARTURE, ACTUAL_ARRIVAL, STATUS, ECONOMY_SEATS_AVAILABLE, BUSINESS_SEATS_AVAILABLE, FIRST_SEATS_AVAILABLE) VALUES (87, 'MS187', 24, 4, TO_TIMESTAMP('17-APR-2024 10:00', 'DD-MON-YYYY HH24:MI'), TO_TIMESTAMP('17-APR-2024 19:50', 'DD-MON-YYYY HH24:MI'), TO_TIMESTAMP('17-APR-2024 10:00', 'DD-MON-YYYY HH24:MI'), TO_TIMESTAMP('17-APR-2024 19:48', 'DD-MON-YYYY HH24:MI'), 'COMPLETED', 22, 9, 2);
INSERT INTO  FLIGHTS (FLIGHT_ID, FLIGHT_NUMBER, ROUTE_ID, AIRCRAFT_ID, SCHEDULED_DEPARTURE, SCHEDULED_ARRIVAL, ACTUAL_DEPARTURE, ACTUAL_ARRIVAL, STATUS, ECONOMY_SEATS_AVAILABLE, BUSINESS_SEATS_AVAILABLE, FIRST_SEATS_AVAILABLE) VALUES (88, 'MS188', 25, 8, TO_TIMESTAMP('18-APR-2024 07:00', 'DD-MON-YYYY HH24:MI'), TO_TIMESTAMP('18-APR-2024 11:35', 'DD-MON-YYYY HH24:MI'), TO_TIMESTAMP('18-APR-2024 07:00', 'DD-MON-YYYY HH24:MI'), TO_TIMESTAMP('18-APR-2024 11:33', 'DD-MON-YYYY HH24:MI'), 'COMPLETED', 80, 6, 0);
INSERT INTO  FLIGHTS (FLIGHT_ID, FLIGHT_NUMBER, ROUTE_ID, AIRCRAFT_ID, SCHEDULED_DEPARTURE, SCHEDULED_ARRIVAL, ACTUAL_DEPARTURE, ACTUAL_ARRIVAL, STATUS, ECONOMY_SEATS_AVAILABLE, BUSINESS_SEATS_AVAILABLE, FIRST_SEATS_AVAILABLE) VALUES (89, 'MS189', 1, 2, TO_TIMESTAMP('19-APR-2024 08:00', 'DD-MON-YYYY HH24:MI'), TO_TIMESTAMP('19-APR-2024 11:15', 'DD-MON-YYYY HH24:MI'), TO_TIMESTAMP('19-APR-2024 08:10', 'DD-MON-YYYY HH24:MI'), TO_TIMESTAMP('19-APR-2024 11:22', 'DD-MON-YYYY HH24:MI'), 'COMPLETED', 38, 8, 2);
INSERT INTO  FLIGHTS (FLIGHT_ID, FLIGHT_NUMBER, ROUTE_ID, AIRCRAFT_ID, SCHEDULED_DEPARTURE, SCHEDULED_ARRIVAL, ACTUAL_DEPARTURE, ACTUAL_ARRIVAL, STATUS, ECONOMY_SEATS_AVAILABLE, BUSINESS_SEATS_AVAILABLE, FIRST_SEATS_AVAILABLE) VALUES (90, 'MS190', 2, 4, TO_TIMESTAMP('20-APR-2024 09:30', 'DD-MON-YYYY HH24:MI'), TO_TIMESTAMP('20-APR-2024 14:25', 'DD-MON-YYYY HH24:MI'), TO_TIMESTAMP('20-APR-2024 09:30', 'DD-MON-YYYY HH24:MI'), TO_TIMESTAMP('20-APR-2024 14:24', 'DD-MON-YYYY HH24:MI'), 'COMPLETED', 24, 7, 2);
INSERT INTO  FLIGHTS (FLIGHT_ID, FLIGHT_NUMBER, ROUTE_ID, AIRCRAFT_ID, SCHEDULED_DEPARTURE, SCHEDULED_ARRIVAL, ACTUAL_DEPARTURE, ACTUAL_ARRIVAL, STATUS, ECONOMY_SEATS_AVAILABLE, BUSINESS_SEATS_AVAILABLE, FIRST_SEATS_AVAILABLE) VALUES (91, 'MS191', 3, 10, TO_TIMESTAMP('21-APR-2024 10:00', 'DD-MON-YYYY HH24:MI'), TO_TIMESTAMP('21-APR-2024 21:20', 'DD-MON-YYYY HH24:MI'), NULL, NULL, 'CANCELLED', 0, 0, 0);
INSERT INTO  FLIGHTS (FLIGHT_ID, FLIGHT_NUMBER, ROUTE_ID, AIRCRAFT_ID, SCHEDULED_DEPARTURE, SCHEDULED_ARRIVAL, ACTUAL_DEPARTURE, ACTUAL_ARRIVAL, STATUS, ECONOMY_SEATS_AVAILABLE, BUSINESS_SEATS_AVAILABLE, FIRST_SEATS_AVAILABLE) VALUES (92, 'MS192', 4, 3, TO_TIMESTAMP('22-APR-2024 07:00', 'DD-MON-YYYY HH24:MI'), TO_TIMESTAMP('22-APR-2024 11:30', 'DD-MON-YYYY HH24:MI'), TO_TIMESTAMP('22-APR-2024 07:05', 'DD-MON-YYYY HH24:MI'), TO_TIMESTAMP('22-APR-2024 11:33', 'DD-MON-YYYY HH24:MI'), 'COMPLETED', 68, 0, 0);
INSERT INTO  FLIGHTS (FLIGHT_ID, FLIGHT_NUMBER, ROUTE_ID, AIRCRAFT_ID, SCHEDULED_DEPARTURE, SCHEDULED_ARRIVAL, ACTUAL_DEPARTURE, ACTUAL_ARRIVAL, STATUS, ECONOMY_SEATS_AVAILABLE, BUSINESS_SEATS_AVAILABLE, FIRST_SEATS_AVAILABLE) VALUES (93, 'MS193', 5, 8, TO_TIMESTAMP('23-APR-2024 14:00', 'DD-MON-YYYY HH24:MI'), TO_TIMESTAMP('23-APR-2024 18:10', 'DD-MON-YYYY HH24:MI'), TO_TIMESTAMP('23-APR-2024 14:00', 'DD-MON-YYYY HH24:MI'), TO_TIMESTAMP('23-APR-2024 18:09', 'DD-MON-YYYY HH24:MI'), 'COMPLETED', 82, 5, 0);
INSERT INTO  FLIGHTS (FLIGHT_ID, FLIGHT_NUMBER, ROUTE_ID, AIRCRAFT_ID, SCHEDULED_DEPARTURE, SCHEDULED_ARRIVAL, ACTUAL_DEPARTURE, ACTUAL_ARRIVAL, STATUS, ECONOMY_SEATS_AVAILABLE, BUSINESS_SEATS_AVAILABLE, FIRST_SEATS_AVAILABLE) VALUES (94, 'MS194', 8, 4, TO_TIMESTAMP('24-APR-2024 08:00', 'DD-MON-YYYY HH24:MI'), TO_TIMESTAMP('24-APR-2024 14:55', 'DD-MON-YYYY HH24:MI'), TO_TIMESTAMP('24-APR-2024 08:00', 'DD-MON-YYYY HH24:MI'), TO_TIMESTAMP('24-APR-2024 14:53', 'DD-MON-YYYY HH24:MI'), 'COMPLETED', 52, 12, 3);
INSERT INTO  FLIGHTS (FLIGHT_ID, FLIGHT_NUMBER, ROUTE_ID, AIRCRAFT_ID, SCHEDULED_DEPARTURE, SCHEDULED_ARRIVAL, ACTUAL_DEPARTURE, ACTUAL_ARRIVAL, STATUS, ECONOMY_SEATS_AVAILABLE, BUSINESS_SEATS_AVAILABLE, FIRST_SEATS_AVAILABLE) VALUES (95, 'MS195', 11, 5, TO_TIMESTAMP('25-APR-2024 07:30', 'DD-MON-YYYY HH24:MI'), TO_TIMESTAMP('25-APR-2024 15:00', 'DD-MON-YYYY HH24:MI'), TO_TIMESTAMP('25-APR-2024 07:30', 'DD-MON-YYYY HH24:MI'), TO_TIMESTAMP('25-APR-2024 14:58', 'DD-MON-YYYY HH24:MI'), 'COMPLETED', 86, 5, 0);
INSERT INTO  FLIGHTS (FLIGHT_ID, FLIGHT_NUMBER, ROUTE_ID, AIRCRAFT_ID, SCHEDULED_DEPARTURE, SCHEDULED_ARRIVAL, ACTUAL_DEPARTURE, ACTUAL_ARRIVAL, STATUS, ECONOMY_SEATS_AVAILABLE, BUSINESS_SEATS_AVAILABLE, FIRST_SEATS_AVAILABLE) VALUES (96, 'MS196', 7, 2, TO_TIMESTAMP('26-APR-2024 11:30', 'DD-MON-YYYY HH24:MI'), TO_TIMESTAMP('26-APR-2024 15:10', 'DD-MON-YYYY HH24:MI'), TO_TIMESTAMP('26-APR-2024 11:30', 'DD-MON-YYYY HH24:MI'), TO_TIMESTAMP('26-APR-2024 15:09', 'DD-MON-YYYY HH24:MI'), 'COMPLETED', 56, 7, 2);
INSERT INTO  FLIGHTS (FLIGHT_ID, FLIGHT_NUMBER, ROUTE_ID, AIRCRAFT_ID, SCHEDULED_DEPARTURE, SCHEDULED_ARRIVAL, ACTUAL_DEPARTURE, ACTUAL_ARRIVAL, STATUS, ECONOMY_SEATS_AVAILABLE, BUSINESS_SEATS_AVAILABLE, FIRST_SEATS_AVAILABLE) VALUES (97, 'MS197', 6, 1, TO_TIMESTAMP('27-APR-2024 06:00', 'DD-MON-YYYY HH24:MI'), TO_TIMESTAMP('27-APR-2024 08:30', 'DD-MON-YYYY HH24:MI'), TO_TIMESTAMP('27-APR-2024 06:00', 'DD-MON-YYYY HH24:MI'), TO_TIMESTAMP('27-APR-2024 08:28', 'DD-MON-YYYY HH24:MI'), 'COMPLETED', 94, 0, 0);
INSERT INTO  FLIGHTS (FLIGHT_ID, FLIGHT_NUMBER, ROUTE_ID, AIRCRAFT_ID, SCHEDULED_DEPARTURE, SCHEDULED_ARRIVAL, ACTUAL_DEPARTURE, ACTUAL_ARRIVAL, STATUS, ECONOMY_SEATS_AVAILABLE, BUSINESS_SEATS_AVAILABLE, FIRST_SEATS_AVAILABLE) VALUES (98, 'MS198', 13, 3, TO_TIMESTAMP('28-APR-2024 10:00', 'DD-MON-YYYY HH24:MI'), TO_TIMESTAMP('28-APR-2024 12:10', 'DD-MON-YYYY HH24:MI'), TO_TIMESTAMP('28-APR-2024 10:00', 'DD-MON-YYYY HH24:MI'), TO_TIMESTAMP('28-APR-2024 12:09', 'DD-MON-YYYY HH24:MI'), 'COMPLETED', 88, 0, 0);
INSERT INTO  FLIGHTS (FLIGHT_ID, FLIGHT_NUMBER, ROUTE_ID, AIRCRAFT_ID, SCHEDULED_DEPARTURE, SCHEDULED_ARRIVAL, ACTUAL_DEPARTURE, ACTUAL_ARRIVAL, STATUS, ECONOMY_SEATS_AVAILABLE, BUSINESS_SEATS_AVAILABLE, FIRST_SEATS_AVAILABLE) VALUES (99, 'MS199', 14, 6, TO_TIMESTAMP('29-APR-2024 09:00', 'DD-MON-YYYY HH24:MI'), TO_TIMESTAMP('29-APR-2024 11:25', 'DD-MON-YYYY HH24:MI'), TO_TIMESTAMP('29-APR-2024 09:00', 'DD-MON-YYYY HH24:MI'), TO_TIMESTAMP('29-APR-2024 11:24', 'DD-MON-YYYY HH24:MI'), 'COMPLETED', 80, 0, 0);
INSERT INTO  FLIGHTS (FLIGHT_ID, FLIGHT_NUMBER, ROUTE_ID, AIRCRAFT_ID, SCHEDULED_DEPARTURE, SCHEDULED_ARRIVAL, ACTUAL_DEPARTURE, ACTUAL_ARRIVAL, STATUS, ECONOMY_SEATS_AVAILABLE, BUSINESS_SEATS_AVAILABLE, FIRST_SEATS_AVAILABLE) VALUES (100, 'MS200', 15, 6, TO_TIMESTAMP('30-APR-2024 14:00', 'DD-MON-YYYY HH24:MI'), TO_TIMESTAMP('30-APR-2024 16:50', 'DD-MON-YYYY HH24:MI'), TO_TIMESTAMP('30-APR-2024 14:10', 'DD-MON-YYYY HH24:MI'), TO_TIMESTAMP('30-APR-2024 16:58', 'DD-MON-YYYY HH24:MI'), 'DELAYED', 118, 0, 0);
INSERT INTO  FLIGHTS (FLIGHT_ID, FLIGHT_NUMBER, ROUTE_ID, AIRCRAFT_ID, SCHEDULED_DEPARTURE, SCHEDULED_ARRIVAL, ACTUAL_DEPARTURE, ACTUAL_ARRIVAL, STATUS, ECONOMY_SEATS_AVAILABLE, BUSINESS_SEATS_AVAILABLE, FIRST_SEATS_AVAILABLE) VALUES (101, 'MS201', 1, 2, TO_TIMESTAMP('01-MAY-2024 08:00', 'DD-MON-YYYY HH24:MI'), TO_TIMESTAMP('01-MAY-2024 11:15', 'DD-MON-YYYY HH24:MI'), TO_TIMESTAMP('01-MAY-2024 08:05', 'DD-MON-YYYY HH24:MI'), TO_TIMESTAMP('01-MAY-2024 11:18', 'DD-MON-YYYY HH24:MI'), 'COMPLETED', 40, 8, 2);
INSERT INTO  FLIGHTS (FLIGHT_ID, FLIGHT_NUMBER, ROUTE_ID, AIRCRAFT_ID, SCHEDULED_DEPARTURE, SCHEDULED_ARRIVAL, ACTUAL_DEPARTURE, ACTUAL_ARRIVAL, STATUS, ECONOMY_SEATS_AVAILABLE, BUSINESS_SEATS_AVAILABLE, FIRST_SEATS_AVAILABLE) VALUES (102, 'MS202', 9, 4, TO_TIMESTAMP('02-MAY-2024 11:00', 'DD-MON-YYYY HH24:MI'), TO_TIMESTAMP('03-MAY-2024 00:40', 'DD-MON-YYYY HH24:MI'), TO_TIMESTAMP('02-MAY-2024 11:10', 'DD-MON-YYYY HH24:MI'), TO_TIMESTAMP('03-MAY-2024 00:52', 'DD-MON-YYYY HH24:MI'), 'COMPLETED', 26, 7, 2);
INSERT INTO  FLIGHTS (FLIGHT_ID, FLIGHT_NUMBER, ROUTE_ID, AIRCRAFT_ID, SCHEDULED_DEPARTURE, SCHEDULED_ARRIVAL, ACTUAL_DEPARTURE, ACTUAL_ARRIVAL, STATUS, ECONOMY_SEATS_AVAILABLE, BUSINESS_SEATS_AVAILABLE, FIRST_SEATS_AVAILABLE) VALUES (103, 'MS203', 2, 5, TO_TIMESTAMP('03-MAY-2024 09:30', 'DD-MON-YYYY HH24:MI'), TO_TIMESTAMP('03-MAY-2024 14:25', 'DD-MON-YYYY HH24:MI'), TO_TIMESTAMP('03-MAY-2024 09:30', 'DD-MON-YYYY HH24:MI'), TO_TIMESTAMP('03-MAY-2024 14:24', 'DD-MON-YYYY HH24:MI'), 'COMPLETED', 35, 3, 0);
INSERT INTO  FLIGHTS (FLIGHT_ID, FLIGHT_NUMBER, ROUTE_ID, AIRCRAFT_ID, SCHEDULED_DEPARTURE, SCHEDULED_ARRIVAL, ACTUAL_DEPARTURE, ACTUAL_ARRIVAL, STATUS, ECONOMY_SEATS_AVAILABLE, BUSINESS_SEATS_AVAILABLE, FIRST_SEATS_AVAILABLE) VALUES (104, 'MS204', 10, 10, TO_TIMESTAMP('04-MAY-2024 13:00', 'DD-MON-YYYY HH24:MI'), TO_TIMESTAMP('04-MAY-2024 21:20', 'DD-MON-YYYY HH24:MI'), TO_TIMESTAMP('04-MAY-2024 13:00', 'DD-MON-YYYY HH24:MI'), TO_TIMESTAMP('04-MAY-2024 21:19', 'DD-MON-YYYY HH24:MI'), 'COMPLETED', 62, 5, 1);
INSERT INTO  FLIGHTS (FLIGHT_ID, FLIGHT_NUMBER, ROUTE_ID, AIRCRAFT_ID, SCHEDULED_DEPARTURE, SCHEDULED_ARRIVAL, ACTUAL_DEPARTURE, ACTUAL_ARRIVAL, STATUS, ECONOMY_SEATS_AVAILABLE, BUSINESS_SEATS_AVAILABLE, FIRST_SEATS_AVAILABLE) VALUES (105, 'MS205', 4, 3, TO_TIMESTAMP('05-MAY-2024 07:00', 'DD-MON-YYYY HH24:MI'), TO_TIMESTAMP('05-MAY-2024 11:30', 'DD-MON-YYYY HH24:MI'), TO_TIMESTAMP('05-MAY-2024 07:15', 'DD-MON-YYYY HH24:MI'), TO_TIMESTAMP('05-MAY-2024 11:42', 'DD-MON-YYYY HH24:MI'), 'DELAYED', 65, 0, 0);
INSERT INTO  FLIGHTS (FLIGHT_ID, FLIGHT_NUMBER, ROUTE_ID, AIRCRAFT_ID, SCHEDULED_DEPARTURE, SCHEDULED_ARRIVAL, ACTUAL_DEPARTURE, ACTUAL_ARRIVAL, STATUS, ECONOMY_SEATS_AVAILABLE, BUSINESS_SEATS_AVAILABLE, FIRST_SEATS_AVAILABLE) VALUES (106, 'MS206', 5, 8, TO_TIMESTAMP('06-MAY-2024 14:00', 'DD-MON-YYYY HH24:MI'), TO_TIMESTAMP('06-MAY-2024 18:10', 'DD-MON-YYYY HH24:MI'), TO_TIMESTAMP('06-MAY-2024 14:00', 'DD-MON-YYYY HH24:MI'), TO_TIMESTAMP('06-MAY-2024 18:10', 'DD-MON-YYYY HH24:MI'), 'COMPLETED', 78, 5, 0);
INSERT INTO  FLIGHTS (FLIGHT_ID, FLIGHT_NUMBER, ROUTE_ID, AIRCRAFT_ID, SCHEDULED_DEPARTURE, SCHEDULED_ARRIVAL, ACTUAL_DEPARTURE, ACTUAL_ARRIVAL, STATUS, ECONOMY_SEATS_AVAILABLE, BUSINESS_SEATS_AVAILABLE, FIRST_SEATS_AVAILABLE) VALUES (107, 'MS207', 17, 2, TO_TIMESTAMP('07-MAY-2024 09:30', 'DD-MON-YYYY HH24:MI'), TO_TIMESTAMP('07-MAY-2024 11:15', 'DD-MON-YYYY HH24:MI'), TO_TIMESTAMP('07-MAY-2024 09:30', 'DD-MON-YYYY HH24:MI'), TO_TIMESTAMP('07-MAY-2024 11:14', 'DD-MON-YYYY HH24:MI'), 'COMPLETED', 46, 7, 2);
INSERT INTO  FLIGHTS (FLIGHT_ID, FLIGHT_NUMBER, ROUTE_ID, AIRCRAFT_ID, SCHEDULED_DEPARTURE, SCHEDULED_ARRIVAL, ACTUAL_DEPARTURE, ACTUAL_ARRIVAL, STATUS, ECONOMY_SEATS_AVAILABLE, BUSINESS_SEATS_AVAILABLE, FIRST_SEATS_AVAILABLE) VALUES (108, 'MS208', 18, 8, TO_TIMESTAMP('08-MAY-2024 07:00', 'DD-MON-YYYY HH24:MI'), TO_TIMESTAMP('08-MAY-2024 11:10', 'DD-MON-YYYY HH24:MI'), TO_TIMESTAMP('08-MAY-2024 07:05', 'DD-MON-YYYY HH24:MI'), TO_TIMESTAMP('08-MAY-2024 11:13', 'DD-MON-YYYY HH24:MI'), 'COMPLETED', 70, 6, 0);
INSERT INTO  FLIGHTS (FLIGHT_ID, FLIGHT_NUMBER, ROUTE_ID, AIRCRAFT_ID, SCHEDULED_DEPARTURE, SCHEDULED_ARRIVAL, ACTUAL_DEPARTURE, ACTUAL_ARRIVAL, STATUS, ECONOMY_SEATS_AVAILABLE, BUSINESS_SEATS_AVAILABLE, FIRST_SEATS_AVAILABLE) VALUES (109, 'MS209', 22, 4, TO_TIMESTAMP('09-MAY-2024 09:00', 'DD-MON-YYYY HH24:MI'), TO_TIMESTAMP('09-MAY-2024 19:30', 'DD-MON-YYYY HH24:MI'), TO_TIMESTAMP('09-MAY-2024 09:00', 'DD-MON-YYYY HH24:MI'), TO_TIMESTAMP('09-MAY-2024 19:28', 'DD-MON-YYYY HH24:MI'), 'COMPLETED', 22, 7, 1);
INSERT INTO  FLIGHTS (FLIGHT_ID, FLIGHT_NUMBER, ROUTE_ID, AIRCRAFT_ID, SCHEDULED_DEPARTURE, SCHEDULED_ARRIVAL, ACTUAL_DEPARTURE, ACTUAL_ARRIVAL, STATUS, ECONOMY_SEATS_AVAILABLE, BUSINESS_SEATS_AVAILABLE, FIRST_SEATS_AVAILABLE) VALUES (110, 'MS210', 23, 4, TO_TIMESTAMP('10-MAY-2024 09:00', 'DD-MON-YYYY HH24:MI'), TO_TIMESTAMP('10-MAY-2024 21:00', 'DD-MON-YYYY HH24:MI'), TO_TIMESTAMP('10-MAY-2024 09:05', 'DD-MON-YYYY HH24:MI'), TO_TIMESTAMP('10-MAY-2024 21:08', 'DD-MON-YYYY HH24:MI'), 'COMPLETED', 18, 8, 2);
INSERT INTO  FLIGHTS (FLIGHT_ID, FLIGHT_NUMBER, ROUTE_ID, AIRCRAFT_ID, SCHEDULED_DEPARTURE, SCHEDULED_ARRIVAL, ACTUAL_DEPARTURE, ACTUAL_ARRIVAL, STATUS, ECONOMY_SEATS_AVAILABLE, BUSINESS_SEATS_AVAILABLE, FIRST_SEATS_AVAILABLE) VALUES (111, 'MS211', 6, 1, TO_TIMESTAMP('11-MAY-2024 06:00', 'DD-MON-YYYY HH24:MI'), TO_TIMESTAMP('11-MAY-2024 08:30', 'DD-MON-YYYY HH24:MI'), TO_TIMESTAMP('11-MAY-2024 06:00', 'DD-MON-YYYY HH24:MI'), TO_TIMESTAMP('11-MAY-2024 08:29', 'DD-MON-YYYY HH24:MI'), 'COMPLETED', 92, 0, 0);
INSERT INTO  FLIGHTS (FLIGHT_ID, FLIGHT_NUMBER, ROUTE_ID, AIRCRAFT_ID, SCHEDULED_DEPARTURE, SCHEDULED_ARRIVAL, ACTUAL_DEPARTURE, ACTUAL_ARRIVAL, STATUS, ECONOMY_SEATS_AVAILABLE, BUSINESS_SEATS_AVAILABLE, FIRST_SEATS_AVAILABLE) VALUES (112, 'MS212', 16, 12, TO_TIMESTAMP('12-MAY-2024 07:00', 'DD-MON-YYYY HH24:MI'), TO_TIMESTAMP('12-MAY-2024 08:35', 'DD-MON-YYYY HH24:MI'), TO_TIMESTAMP('12-MAY-2024 07:00', 'DD-MON-YYYY HH24:MI'), TO_TIMESTAMP('12-MAY-2024 08:34', 'DD-MON-YYYY HH24:MI'), 'COMPLETED', 56, 0, 0);
INSERT INTO  FLIGHTS (FLIGHT_ID, FLIGHT_NUMBER, ROUTE_ID, AIRCRAFT_ID, SCHEDULED_DEPARTURE, SCHEDULED_ARRIVAL, ACTUAL_DEPARTURE, ACTUAL_ARRIVAL, STATUS, ECONOMY_SEATS_AVAILABLE, BUSINESS_SEATS_AVAILABLE, FIRST_SEATS_AVAILABLE) VALUES (113, 'MS213', 8, 4, TO_TIMESTAMP('13-MAY-2024 08:00', 'DD-MON-YYYY HH24:MI'), TO_TIMESTAMP('13-MAY-2024 14:55', 'DD-MON-YYYY HH24:MI'), TO_TIMESTAMP('13-MAY-2024 08:00', 'DD-MON-YYYY HH24:MI'), TO_TIMESTAMP('13-MAY-2024 14:53', 'DD-MON-YYYY HH24:MI'), 'COMPLETED', 58, 13, 3);
INSERT INTO  FLIGHTS (FLIGHT_ID, FLIGHT_NUMBER, ROUTE_ID, AIRCRAFT_ID, SCHEDULED_DEPARTURE, SCHEDULED_ARRIVAL, ACTUAL_DEPARTURE, ACTUAL_ARRIVAL, STATUS, ECONOMY_SEATS_AVAILABLE, BUSINESS_SEATS_AVAILABLE, FIRST_SEATS_AVAILABLE) VALUES (114, 'MS214', 24, 4, TO_TIMESTAMP('14-MAY-2024 10:00', 'DD-MON-YYYY HH24:MI'), TO_TIMESTAMP('14-MAY-2024 19:50', 'DD-MON-YYYY HH24:MI'), TO_TIMESTAMP('14-MAY-2024 10:10', 'DD-MON-YYYY HH24:MI'), TO_TIMESTAMP('14-MAY-2024 19:58', 'DD-MON-YYYY HH24:MI'), 'COMPLETED', 20, 9, 2);
INSERT INTO  FLIGHTS (FLIGHT_ID, FLIGHT_NUMBER, ROUTE_ID, AIRCRAFT_ID, SCHEDULED_DEPARTURE, SCHEDULED_ARRIVAL, ACTUAL_DEPARTURE, ACTUAL_ARRIVAL, STATUS, ECONOMY_SEATS_AVAILABLE, BUSINESS_SEATS_AVAILABLE, FIRST_SEATS_AVAILABLE) VALUES (115, 'MS215', 25, 8, TO_TIMESTAMP('15-MAY-2024 07:00', 'DD-MON-YYYY HH24:MI'), TO_TIMESTAMP('15-MAY-2024 11:35', 'DD-MON-YYYY HH24:MI'), TO_TIMESTAMP('15-MAY-2024 07:00', 'DD-MON-YYYY HH24:MI'), TO_TIMESTAMP('15-MAY-2024 11:34', 'DD-MON-YYYY HH24:MI'), 'COMPLETED', 82, 6, 0);
INSERT INTO  FLIGHTS (FLIGHT_ID, FLIGHT_NUMBER, ROUTE_ID, AIRCRAFT_ID, SCHEDULED_DEPARTURE, SCHEDULED_ARRIVAL, ACTUAL_DEPARTURE, ACTUAL_ARRIVAL, STATUS, ECONOMY_SEATS_AVAILABLE, BUSINESS_SEATS_AVAILABLE, FIRST_SEATS_AVAILABLE) VALUES (116, 'MS216', 1, 7, TO_TIMESTAMP('16-MAY-2024 12:00', 'DD-MON-YYYY HH24:MI'), TO_TIMESTAMP('16-MAY-2024 15:15', 'DD-MON-YYYY HH24:MI'), TO_TIMESTAMP('16-MAY-2024 12:05', 'DD-MON-YYYY HH24:MI'), TO_TIMESTAMP('16-MAY-2024 15:18', 'DD-MON-YYYY HH24:MI'), 'COMPLETED', 44, 0, 0);
INSERT INTO  FLIGHTS (FLIGHT_ID, FLIGHT_NUMBER, ROUTE_ID, AIRCRAFT_ID, SCHEDULED_DEPARTURE, SCHEDULED_ARRIVAL, ACTUAL_DEPARTURE, ACTUAL_ARRIVAL, STATUS, ECONOMY_SEATS_AVAILABLE, BUSINESS_SEATS_AVAILABLE, FIRST_SEATS_AVAILABLE) VALUES (117, 'MS217', 7, 2, TO_TIMESTAMP('17-MAY-2024 11:30', 'DD-MON-YYYY HH24:MI'), TO_TIMESTAMP('17-MAY-2024 15:10', 'DD-MON-YYYY HH24:MI'), TO_TIMESTAMP('17-MAY-2024 11:30', 'DD-MON-YYYY HH24:MI'), TO_TIMESTAMP('17-MAY-2024 15:09', 'DD-MON-YYYY HH24:MI'), 'COMPLETED', 60, 8, 2);
INSERT INTO  FLIGHTS (FLIGHT_ID, FLIGHT_NUMBER, ROUTE_ID, AIRCRAFT_ID, SCHEDULED_DEPARTURE, SCHEDULED_ARRIVAL, ACTUAL_DEPARTURE, ACTUAL_ARRIVAL, STATUS, ECONOMY_SEATS_AVAILABLE, BUSINESS_SEATS_AVAILABLE, FIRST_SEATS_AVAILABLE) VALUES (118, 'MS218', 3, 5, TO_TIMESTAMP('18-MAY-2024 10:00', 'DD-MON-YYYY HH24:MI'), TO_TIMESTAMP('18-MAY-2024 21:20', 'DD-MON-YYYY HH24:MI'), TO_TIMESTAMP('18-MAY-2024 10:00', 'DD-MON-YYYY HH24:MI'), TO_TIMESTAMP('18-MAY-2024 21:18', 'DD-MON-YYYY HH24:MI'), 'COMPLETED', 48, 2, 0);
INSERT INTO  FLIGHTS (FLIGHT_ID, FLIGHT_NUMBER, ROUTE_ID, AIRCRAFT_ID, SCHEDULED_DEPARTURE, SCHEDULED_ARRIVAL, ACTUAL_DEPARTURE, ACTUAL_ARRIVAL, STATUS, ECONOMY_SEATS_AVAILABLE, BUSINESS_SEATS_AVAILABLE, FIRST_SEATS_AVAILABLE) VALUES (119, 'MS219', 11, 5, TO_TIMESTAMP('19-MAY-2024 07:30', 'DD-MON-YYYY HH24:MI'), TO_TIMESTAMP('19-MAY-2024 15:00', 'DD-MON-YYYY HH24:MI'), TO_TIMESTAMP('19-MAY-2024 07:30', 'DD-MON-YYYY HH24:MI'), TO_TIMESTAMP('19-MAY-2024 14:58', 'DD-MON-YYYY HH24:MI'), 'COMPLETED', 90, 5, 0);
INSERT INTO  FLIGHTS (FLIGHT_ID, FLIGHT_NUMBER, ROUTE_ID, AIRCRAFT_ID, SCHEDULED_DEPARTURE, SCHEDULED_ARRIVAL, ACTUAL_DEPARTURE, ACTUAL_ARRIVAL, STATUS, ECONOMY_SEATS_AVAILABLE, BUSINESS_SEATS_AVAILABLE, FIRST_SEATS_AVAILABLE) VALUES (120, 'MS220', 20, 14, TO_TIMESTAMP('20-MAY-2024 07:00', 'DD-MON-YYYY HH24:MI'), TO_TIMESTAMP('20-MAY-2024 08:20', 'DD-MON-YYYY HH24:MI'), TO_TIMESTAMP('20-MAY-2024 07:00', 'DD-MON-YYYY HH24:MI'), TO_TIMESTAMP('20-MAY-2024 08:20', 'DD-MON-YYYY HH24:MI'), 'COMPLETED', 72, 0, 0);
INSERT INTO  FLIGHTS (FLIGHT_ID, FLIGHT_NUMBER, ROUTE_ID, AIRCRAFT_ID, SCHEDULED_DEPARTURE, SCHEDULED_ARRIVAL, ACTUAL_DEPARTURE, ACTUAL_ARRIVAL, STATUS, ECONOMY_SEATS_AVAILABLE, BUSINESS_SEATS_AVAILABLE, FIRST_SEATS_AVAILABLE) VALUES (121, 'MS221', 13, 1, TO_TIMESTAMP('01-JUN-2024 10:00', 'DD-MON-YYYY HH24:MI'), TO_TIMESTAMP('01-JUN-2024 12:10', 'DD-MON-YYYY HH24:MI'), TO_TIMESTAMP('01-JUN-2024 10:00', 'DD-MON-YYYY HH24:MI'), TO_TIMESTAMP('01-JUN-2024 12:09', 'DD-MON-YYYY HH24:MI'), 'COMPLETED', 86, 0, 0);
INSERT INTO  FLIGHTS (FLIGHT_ID, FLIGHT_NUMBER, ROUTE_ID, AIRCRAFT_ID, SCHEDULED_DEPARTURE, SCHEDULED_ARRIVAL, ACTUAL_DEPARTURE, ACTUAL_ARRIVAL, STATUS, ECONOMY_SEATS_AVAILABLE, BUSINESS_SEATS_AVAILABLE, FIRST_SEATS_AVAILABLE) VALUES (122, 'MS222', 14, 3, TO_TIMESTAMP('02-JUN-2024 09:00', 'DD-MON-YYYY HH24:MI'), TO_TIMESTAMP('02-JUN-2024 11:25', 'DD-MON-YYYY HH24:MI'), TO_TIMESTAMP('02-JUN-2024 09:00', 'DD-MON-YYYY HH24:MI'), TO_TIMESTAMP('02-JUN-2024 11:24', 'DD-MON-YYYY HH24:MI'), 'COMPLETED', 82, 0, 0);
INSERT INTO  FLIGHTS (FLIGHT_ID, FLIGHT_NUMBER, ROUTE_ID, AIRCRAFT_ID, SCHEDULED_DEPARTURE, SCHEDULED_ARRIVAL, ACTUAL_DEPARTURE, ACTUAL_ARRIVAL, STATUS, ECONOMY_SEATS_AVAILABLE, BUSINESS_SEATS_AVAILABLE, FIRST_SEATS_AVAILABLE) VALUES (123, 'MS223', 6, 7, TO_TIMESTAMP('03-JUN-2024 06:00', 'DD-MON-YYYY HH24:MI'), TO_TIMESTAMP('03-JUN-2024 08:30', 'DD-MON-YYYY HH24:MI'), TO_TIMESTAMP('03-JUN-2024 06:00', 'DD-MON-YYYY HH24:MI'), TO_TIMESTAMP('03-JUN-2024 08:28', 'DD-MON-YYYY HH24:MI'), 'COMPLETED', 96, 0, 0);
INSERT INTO  FLIGHTS (FLIGHT_ID, FLIGHT_NUMBER, ROUTE_ID, AIRCRAFT_ID, SCHEDULED_DEPARTURE, SCHEDULED_ARRIVAL, ACTUAL_DEPARTURE, ACTUAL_ARRIVAL, STATUS, ECONOMY_SEATS_AVAILABLE, BUSINESS_SEATS_AVAILABLE, FIRST_SEATS_AVAILABLE) VALUES (124, 'MS224', 15, 6, TO_TIMESTAMP('04-JUN-2024 14:00', 'DD-MON-YYYY HH24:MI'), TO_TIMESTAMP('04-JUN-2024 16:50', 'DD-MON-YYYY HH24:MI'), TO_TIMESTAMP('04-JUN-2024 14:00', 'DD-MON-YYYY HH24:MI'), TO_TIMESTAMP('04-JUN-2024 16:49', 'DD-MON-YYYY HH24:MI'), 'COMPLETED', 122, 0, 0);
INSERT INTO  FLIGHTS (FLIGHT_ID, FLIGHT_NUMBER, ROUTE_ID, AIRCRAFT_ID, SCHEDULED_DEPARTURE, SCHEDULED_ARRIVAL, ACTUAL_DEPARTURE, ACTUAL_ARRIVAL, STATUS, ECONOMY_SEATS_AVAILABLE, BUSINESS_SEATS_AVAILABLE, FIRST_SEATS_AVAILABLE) VALUES (125, 'MS225', 17, 2, TO_TIMESTAMP('05-JUN-2024 09:30', 'DD-MON-YYYY HH24:MI'), TO_TIMESTAMP('05-JUN-2024 11:15', 'DD-MON-YYYY HH24:MI'), TO_TIMESTAMP('05-JUN-2024 09:35', 'DD-MON-YYYY HH24:MI'), TO_TIMESTAMP('05-JUN-2024 11:18', 'DD-MON-YYYY HH24:MI'), 'COMPLETED', 42, 7, 2);
INSERT INTO  FLIGHTS (FLIGHT_ID, FLIGHT_NUMBER, ROUTE_ID, AIRCRAFT_ID, SCHEDULED_DEPARTURE, SCHEDULED_ARRIVAL, ACTUAL_DEPARTURE, ACTUAL_ARRIVAL, STATUS, ECONOMY_SEATS_AVAILABLE, BUSINESS_SEATS_AVAILABLE, FIRST_SEATS_AVAILABLE) VALUES (126, 'MS226', 1, 2, TO_TIMESTAMP('06-JUN-2024 08:00', 'DD-MON-YYYY HH24:MI'), TO_TIMESTAMP('06-JUN-2024 11:15', 'DD-MON-YYYY HH24:MI'), TO_TIMESTAMP('06-JUN-2024 08:00', 'DD-MON-YYYY HH24:MI'), TO_TIMESTAMP('06-JUN-2024 11:14', 'DD-MON-YYYY HH24:MI'), 'COMPLETED', 40, 8, 2);
INSERT INTO  FLIGHTS (FLIGHT_ID, FLIGHT_NUMBER, ROUTE_ID, AIRCRAFT_ID, SCHEDULED_DEPARTURE, SCHEDULED_ARRIVAL, ACTUAL_DEPARTURE, ACTUAL_ARRIVAL, STATUS, ECONOMY_SEATS_AVAILABLE, BUSINESS_SEATS_AVAILABLE, FIRST_SEATS_AVAILABLE) VALUES (127, 'MS227', 2, 4, TO_TIMESTAMP('07-JUN-2024 09:30', 'DD-MON-YYYY HH24:MI'), TO_TIMESTAMP('07-JUN-2024 14:25', 'DD-MON-YYYY HH24:MI'), TO_TIMESTAMP('07-JUN-2024 09:30', 'DD-MON-YYYY HH24:MI'), TO_TIMESTAMP('07-JUN-2024 14:24', 'DD-MON-YYYY HH24:MI'), 'COMPLETED', 24, 7, 2);
INSERT INTO  FLIGHTS (FLIGHT_ID, FLIGHT_NUMBER, ROUTE_ID, AIRCRAFT_ID, SCHEDULED_DEPARTURE, SCHEDULED_ARRIVAL, ACTUAL_DEPARTURE, ACTUAL_ARRIVAL, STATUS, ECONOMY_SEATS_AVAILABLE, BUSINESS_SEATS_AVAILABLE, FIRST_SEATS_AVAILABLE) VALUES (128, 'MS228', 18, 8, TO_TIMESTAMP('08-JUN-2024 07:00', 'DD-MON-YYYY HH24:MI'), TO_TIMESTAMP('08-JUN-2024 11:10', 'DD-MON-YYYY HH24:MI'), TO_TIMESTAMP('08-JUN-2024 07:00', 'DD-MON-YYYY HH24:MI'), TO_TIMESTAMP('08-JUN-2024 11:09', 'DD-MON-YYYY HH24:MI'), 'COMPLETED', 68, 6, 0);
INSERT INTO  FLIGHTS (FLIGHT_ID, FLIGHT_NUMBER, ROUTE_ID, AIRCRAFT_ID, SCHEDULED_DEPARTURE, SCHEDULED_ARRIVAL, ACTUAL_DEPARTURE, ACTUAL_ARRIVAL, STATUS, ECONOMY_SEATS_AVAILABLE, BUSINESS_SEATS_AVAILABLE, FIRST_SEATS_AVAILABLE) VALUES (129, 'MS229', 9, 10, TO_TIMESTAMP('09-JUN-2024 11:00', 'DD-MON-YYYY HH24:MI'), TO_TIMESTAMP('10-JUN-2024 00:40', 'DD-MON-YYYY HH24:MI'), TO_TIMESTAMP('09-JUN-2024 11:05', 'DD-MON-YYYY HH24:MI'), TO_TIMESTAMP('10-JUN-2024 00:48', 'DD-MON-YYYY HH24:MI'), 'COMPLETED', 30, 8, 2);
INSERT INTO  FLIGHTS (FLIGHT_ID, FLIGHT_NUMBER, ROUTE_ID, AIRCRAFT_ID, SCHEDULED_DEPARTURE, SCHEDULED_ARRIVAL, ACTUAL_DEPARTURE, ACTUAL_ARRIVAL, STATUS, ECONOMY_SEATS_AVAILABLE, BUSINESS_SEATS_AVAILABLE, FIRST_SEATS_AVAILABLE) VALUES (130, 'MS230', 5, 8, TO_TIMESTAMP('10-JUN-2024 14:00', 'DD-MON-YYYY HH24:MI'), TO_TIMESTAMP('10-JUN-2024 18:10', 'DD-MON-YYYY HH24:MI'), TO_TIMESTAMP('10-JUN-2024 14:05', 'DD-MON-YYYY HH24:MI'), TO_TIMESTAMP('10-JUN-2024 18:14', 'DD-MON-YYYY HH24:MI'), 'COMPLETED', 80, 5, 0);
COMMIT;


INSERT INTO  FARE_CLASSES (FARE_CLASS_ID, FARE_CODE, FARE_DESCRIPTION, CABIN, REFUNDABLE, MILES_MULTIPLIER) VALUES (1, 'Y', 'Full Economy', 'Economy', 'Y', 1);
INSERT INTO  FARE_CLASSES (FARE_CLASS_ID, FARE_CODE, FARE_DESCRIPTION, CABIN, REFUNDABLE, MILES_MULTIPLIER) VALUES (2, 'M', 'Discount Economy', 'Economy', 'N', 0.5);
INSERT INTO  FARE_CLASSES (FARE_CLASS_ID, FARE_CODE, FARE_DESCRIPTION, CABIN, REFUNDABLE, MILES_MULTIPLIER) VALUES (3, 'B', 'Business Full', 'Business', 'Y', 2);
INSERT INTO  FARE_CLASSES (FARE_CLASS_ID, FARE_CODE, FARE_DESCRIPTION, CABIN, REFUNDABLE, MILES_MULTIPLIER) VALUES (4, 'J', 'Business Discount', 'Business', 'N', 1.5);
INSERT INTO  FARE_CLASSES (FARE_CLASS_ID, FARE_CODE, FARE_DESCRIPTION, CABIN, REFUNDABLE, MILES_MULTIPLIER) VALUES (5, 'F', 'First Class', 'First', 'Y', 3);
INSERT INTO  FARE_CLASSES (FARE_CLASS_ID, FARE_CODE, FARE_DESCRIPTION, CABIN, REFUNDABLE, MILES_MULTIPLIER) VALUES (6, 'P', 'Promotional Economy', 'Economy', 'N', 0.25);
COMMIT;


INSERT INTO  BOOKING_CHANNELS (CHANNEL_ID, CHANNEL_NAME, CHANNEL_TYPE, IS_ONLINE) VALUES (1, 'Website', 'Digital', 'Y');
INSERT INTO  BOOKING_CHANNELS (CHANNEL_ID, CHANNEL_NAME, CHANNEL_TYPE, IS_ONLINE) VALUES (2, 'Mobile App', 'Digital', 'Y');
INSERT INTO  BOOKING_CHANNELS (CHANNEL_ID, CHANNEL_NAME, CHANNEL_TYPE, IS_ONLINE) VALUES (3, 'Call Center', 'Human', 'N');
INSERT INTO  BOOKING_CHANNELS (CHANNEL_ID, CHANNEL_NAME, CHANNEL_TYPE, IS_ONLINE) VALUES (4, 'Travel Agent', 'Human', 'N');
INSERT INTO  BOOKING_CHANNELS (CHANNEL_ID, CHANNEL_NAME, CHANNEL_TYPE, IS_ONLINE) VALUES (5, 'Airport Kiosk', 'Digital', 'N');
COMMIT;


INSERT INTO  FREQUENT_FLYER_TIERS (TIER_ID, TIER_NAME, MIN_MILES, LOUNGE_ACCESS, PRIORITY_BOARDING, UPGRADE_ELIGIBLE, BONUS_MILES_PCT) VALUES (1, 'Blue', 0, 'N', 'N', 'N', 0);
INSERT INTO  FREQUENT_FLYER_TIERS (TIER_ID, TIER_NAME, MIN_MILES, LOUNGE_ACCESS, PRIORITY_BOARDING, UPGRADE_ELIGIBLE, BONUS_MILES_PCT) VALUES (2, 'Silver', 25000, 'N', 'Y', 'N', 25);
INSERT INTO  FREQUENT_FLYER_TIERS (TIER_ID, TIER_NAME, MIN_MILES, LOUNGE_ACCESS, PRIORITY_BOARDING, UPGRADE_ELIGIBLE, BONUS_MILES_PCT) VALUES (3, 'Gold', 50000, 'Y', 'Y', 'Y', 50);
INSERT INTO  FREQUENT_FLYER_TIERS (TIER_ID, TIER_NAME, MIN_MILES, LOUNGE_ACCESS, PRIORITY_BOARDING, UPGRADE_ELIGIBLE, BONUS_MILES_PCT) VALUES (4, 'Platinum', 100000, 'Y', 'Y', 'Y', 75);
INSERT INTO  FREQUENT_FLYER_TIERS (TIER_ID, TIER_NAME, MIN_MILES, LOUNGE_ACCESS, PRIORITY_BOARDING, UPGRADE_ELIGIBLE, BONUS_MILES_PCT) VALUES (5, 'Titanium', 200000, 'Y', 'Y', 'Y', 100);
COMMIT;


INSERT INTO  PASSENGERS (PASSENGER_ID, FIRST_NAME, LAST_NAME, GENDER, DATE_OF_BIRTH, NATIONALITY, PASSPORT_NUMBER, EMAIL, PHONE, FF_NUMBER, TIER_ID, TOTAL_MILES, JOIN_DATE) VALUES (1, 'Ahmed', 'Hassan', 'M', TO_DATE('15-JAN-1985', 'DD-MON-YYYY'), 'Egyptian', 'A12345678', 'ahmed.hassan@email.com', '+20-10-1234-5678', 'FF100001', 3, 75420, TO_DATE('10-MAR-2015', 'DD-MON-YYYY'));
INSERT INTO  PASSENGERS (PASSENGER_ID, FIRST_NAME, LAST_NAME, GENDER, DATE_OF_BIRTH, NATIONALITY, PASSPORT_NUMBER, EMAIL, PHONE, FF_NUMBER, TIER_ID, TOTAL_MILES, JOIN_DATE) VALUES (2, 'Sara', 'Ali', 'F', TO_DATE('22-MAR-1990', 'DD-MON-YYYY'), 'Egyptian', 'B23456789', 'sara.ali@email.com', '+20-11-2345-6789', 'FF100002', 2, 32100, TO_DATE('05-JUN-2017', 'DD-MON-YYYY'));
INSERT INTO  PASSENGERS (PASSENGER_ID, FIRST_NAME, LAST_NAME, GENDER, DATE_OF_BIRTH, NATIONALITY, PASSPORT_NUMBER, EMAIL, PHONE, FF_NUMBER, TIER_ID, TOTAL_MILES, JOIN_DATE) VALUES (3, 'Mohamed', 'Ibrahim', 'M', TO_DATE('08-JUL-1978', 'DD-MON-YYYY'), 'Egyptian', 'C34567890', 'm.ibrahim@email.com', '+20-12-3456-7890', 'FF100003', 4, 128500, TO_DATE('20-JAN-2012', 'DD-MON-YYYY'));
INSERT INTO  PASSENGERS (PASSENGER_ID, FIRST_NAME, LAST_NAME, GENDER, DATE_OF_BIRTH, NATIONALITY, PASSPORT_NUMBER, EMAIL, PHONE, FF_NUMBER, TIER_ID, TOTAL_MILES, JOIN_DATE) VALUES (4, 'Nadia', 'Farouk', 'F', TO_DATE('14-NOV-1992', 'DD-MON-YYYY'), 'Egyptian', 'D45678901', 'nadia.f@email.com', '+20-10-4567-8901', 'FF100004', 1, 8200, TO_DATE('15-AUG-2020', 'DD-MON-YYYY'));
INSERT INTO  PASSENGERS (PASSENGER_ID, FIRST_NAME, LAST_NAME, GENDER, DATE_OF_BIRTH, NATIONALITY, PASSPORT_NUMBER, EMAIL, PHONE, FF_NUMBER, TIER_ID, TOTAL_MILES, JOIN_DATE) VALUES (5, 'Khaled', 'Mahmoud', 'M', TO_DATE('30-APR-1975', 'DD-MON-YYYY'), 'Egyptian', 'E56789012', 'k.mahmoud@email.com', '+20-11-5678-9012', 'FF100005', 5, 215300, TO_DATE('01-FEB-2010', 'DD-MON-YYYY'));
INSERT INTO  PASSENGERS (PASSENGER_ID, FIRST_NAME, LAST_NAME, GENDER, DATE_OF_BIRTH, NATIONALITY, PASSPORT_NUMBER, EMAIL, PHONE, FF_NUMBER, TIER_ID, TOTAL_MILES, JOIN_DATE) VALUES (6, 'Layla', 'Mostafa', 'F', TO_DATE('17-SEP-1988', 'DD-MON-YYYY'), 'Egyptian', 'F67890123', 'layla.m@email.com', '+20-12-6789-0123', 'FF100006', 3, 62800, TO_DATE('22-APR-2016', 'DD-MON-YYYY'));
INSERT INTO  PASSENGERS (PASSENGER_ID, FIRST_NAME, LAST_NAME, GENDER, DATE_OF_BIRTH, NATIONALITY, PASSPORT_NUMBER, EMAIL, PHONE, FF_NUMBER, TIER_ID, TOTAL_MILES, JOIN_DATE) VALUES (7, 'Omar', 'Sayed', 'M', TO_DATE('03-DEC-1995', 'DD-MON-YYYY'), 'Egyptian', 'G78901234', 'omar.s@email.com', '+20-10-7890-1234', 'FF100007', 1, 4500, TO_DATE('10-OCT-2021', 'DD-MON-YYYY'));
INSERT INTO  PASSENGERS (PASSENGER_ID, FIRST_NAME, LAST_NAME, GENDER, DATE_OF_BIRTH, NATIONALITY, PASSPORT_NUMBER, EMAIL, PHONE, FF_NUMBER, TIER_ID, TOTAL_MILES, JOIN_DATE) VALUES (8, 'Hana', 'Nasser', 'F', TO_DATE('26-FEB-1983', 'DD-MON-YYYY'), 'Egyptian', 'H89012345', 'hana.n@email.com', '+20-11-8901-2345', 'FF100008', 2, 28700, TO_DATE('30-JUL-2018', 'DD-MON-YYYY'));
INSERT INTO  PASSENGERS (PASSENGER_ID, FIRST_NAME, LAST_NAME, GENDER, DATE_OF_BIRTH, NATIONALITY, PASSPORT_NUMBER, EMAIL, PHONE, FF_NUMBER, TIER_ID, TOTAL_MILES, JOIN_DATE) VALUES (9, 'Tarek', 'Adel', 'M', TO_DATE('11-JUN-1970', 'DD-MON-YYYY'), 'Egyptian', 'I90123456', 'tarek.a@email.com', '+20-12-9012-3456', 'FF100009', 4, 142000, TO_DATE('14-MAR-2008', 'DD-MON-YYYY'));
INSERT INTO  PASSENGERS (PASSENGER_ID, FIRST_NAME, LAST_NAME, GENDER, DATE_OF_BIRTH, NATIONALITY, PASSPORT_NUMBER, EMAIL, PHONE, FF_NUMBER, TIER_ID, TOTAL_MILES, JOIN_DATE) VALUES (10, 'Dina', 'Wael', 'F', TO_DATE('19-AUG-1998', 'DD-MON-YYYY'), 'Egyptian', 'J01234567', 'dina.w@email.com', '+20-10-0123-4567', 'FF100010', 1, 1200, TO_DATE('25-JAN-2022', 'DD-MON-YYYY'));
INSERT INTO  PASSENGERS (PASSENGER_ID, FIRST_NAME, LAST_NAME, GENDER, DATE_OF_BIRTH, NATIONALITY, PASSPORT_NUMBER, EMAIL, PHONE, FF_NUMBER, TIER_ID, TOTAL_MILES, JOIN_DATE) VALUES (11, 'Youssef', 'Samir', 'M', TO_DATE('07-MAR-1982', 'DD-MON-YYYY'), 'Egyptian', 'K11234568', 'y.samir@email.com', '+20-11-1234-5680', 'FF100011', 3, 55900, TO_DATE('08-SEP-2014', 'DD-MON-YYYY'));
INSERT INTO  PASSENGERS (PASSENGER_ID, FIRST_NAME, LAST_NAME, GENDER, DATE_OF_BIRTH, NATIONALITY, PASSPORT_NUMBER, EMAIL, PHONE, FF_NUMBER, TIER_ID, TOTAL_MILES, JOIN_DATE) VALUES (12, 'Rania', 'Zaki', 'F', TO_DATE('23-OCT-1991', 'DD-MON-YYYY'), 'Egyptian', 'L22345679', 'rania.z@email.com', '+20-12-2345-6791', 'FF100012', 2, 41200, TO_DATE('12-DEC-2016', 'DD-MON-YYYY'));
INSERT INTO  PASSENGERS (PASSENGER_ID, FIRST_NAME, LAST_NAME, GENDER, DATE_OF_BIRTH, NATIONALITY, PASSPORT_NUMBER, EMAIL, PHONE, FF_NUMBER, TIER_ID, TOTAL_MILES, JOIN_DATE) VALUES (13, 'Hassan', 'Fathi', 'M', TO_DATE('16-JAN-1965', 'DD-MON-YYYY'), 'Egyptian', 'M33456780', 'h.fathi@email.com', '+20-10-3456-7892', 'FF100013', 5, 287600, TO_DATE('05-MAY-2005', 'DD-MON-YYYY'));
INSERT INTO  PASSENGERS (PASSENGER_ID, FIRST_NAME, LAST_NAME, GENDER, DATE_OF_BIRTH, NATIONALITY, PASSPORT_NUMBER, EMAIL, PHONE, FF_NUMBER, TIER_ID, TOTAL_MILES, JOIN_DATE) VALUES (14, 'Mona', 'Shawki', 'F', TO_DATE('04-JUL-1987', 'DD-MON-YYYY'), 'Egyptian', 'N44567891', 'mona.sh@email.com', '+20-11-4567-8903', 'FF100014', 3, 68400, TO_DATE('19-FEB-2013', 'DD-MON-YYYY'));
INSERT INTO  PASSENGERS (PASSENGER_ID, FIRST_NAME, LAST_NAME, GENDER, DATE_OF_BIRTH, NATIONALITY, PASSPORT_NUMBER, EMAIL, PHONE, FF_NUMBER, TIER_ID, TOTAL_MILES, JOIN_DATE) VALUES (15, 'Amr', 'Helal', 'M', TO_DATE('28-NOV-1993', 'DD-MON-YYYY'), 'Egyptian', 'O55678902', 'amr.h@email.com', '+20-12-5678-9014', 'FF100015', 1, 9800, TO_DATE('03-NOV-2019', 'DD-MON-YYYY'));
INSERT INTO  PASSENGERS (PASSENGER_ID, FIRST_NAME, LAST_NAME, GENDER, DATE_OF_BIRTH, NATIONALITY, PASSPORT_NUMBER, EMAIL, PHONE, FF_NUMBER, TIER_ID, TOTAL_MILES, JOIN_DATE) VALUES (16, 'Nour', 'Salah', 'F', TO_DATE('12-APR-1996', 'DD-MON-YYYY'), 'Egyptian', 'P66789013', 'nour.s@email.com', '+20-10-6789-0125', 'FF100016', 1, 3400, TO_DATE('17-MAR-2021', 'DD-MON-YYYY'));
INSERT INTO  PASSENGERS (PASSENGER_ID, FIRST_NAME, LAST_NAME, GENDER, DATE_OF_BIRTH, NATIONALITY, PASSPORT_NUMBER, EMAIL, PHONE, FF_NUMBER, TIER_ID, TOTAL_MILES, JOIN_DATE) VALUES (17, 'Sherif', 'Kamal', 'M', TO_DATE('09-AUG-1979', 'DD-MON-YYYY'), 'Egyptian', 'Q77890124', 'sherif.k@email.com', '+20-11-7890-1236', 'FF100017', 4, 156800, TO_DATE('28-JUN-2011', 'DD-MON-YYYY'));
INSERT INTO  PASSENGERS (PASSENGER_ID, FIRST_NAME, LAST_NAME, GENDER, DATE_OF_BIRTH, NATIONALITY, PASSPORT_NUMBER, EMAIL, PHONE, FF_NUMBER, TIER_ID, TOTAL_MILES, JOIN_DATE) VALUES (18, 'Iman', 'Sobhi', 'F', TO_DATE('31-DEC-1984', 'DD-MON-YYYY'), 'Egyptian', 'R88901235', 'iman.so@email.com', '+20-12-8901-2347', 'FF100018', 3, 72100, TO_DATE('14-OCT-2015', 'DD-MON-YYYY'));
INSERT INTO  PASSENGERS (PASSENGER_ID, FIRST_NAME, LAST_NAME, GENDER, DATE_OF_BIRTH, NATIONALITY, PASSPORT_NUMBER, EMAIL, PHONE, FF_NUMBER, TIER_ID, TOTAL_MILES, JOIN_DATE) VALUES (19, 'Bassem', 'Ragab', 'M', TO_DATE('20-MAY-1972', 'DD-MON-YYYY'), 'Egyptian', 'S99012346', 'b.ragab@email.com', '+20-10-9012-3458', 'FF100019', 4, 198400, TO_DATE('22-AUG-2009', 'DD-MON-YYYY'));
INSERT INTO  PASSENGERS (PASSENGER_ID, FIRST_NAME, LAST_NAME, GENDER, DATE_OF_BIRTH, NATIONALITY, PASSPORT_NUMBER, EMAIL, PHONE, FF_NUMBER, TIER_ID, TOTAL_MILES, JOIN_DATE) VALUES (20, 'Yasmin', 'Hafez', 'F', TO_DATE('05-FEB-1999', 'DD-MON-YYYY'), 'Egyptian', 'T00123457', 'yasmin.h@email.com', '+20-11-0123-4569', 'FF100020', 1, 600, TO_DATE('09-JUL-2023', 'DD-MON-YYYY'));
INSERT INTO  PASSENGERS (PASSENGER_ID, FIRST_NAME, LAST_NAME, GENDER, DATE_OF_BIRTH, NATIONALITY, PASSPORT_NUMBER, EMAIL, PHONE, FF_NUMBER, TIER_ID, TOTAL_MILES, JOIN_DATE) VALUES (21, 'James', 'Wilson', 'M', TO_DATE('14-MAR-1980', 'DD-MON-YYYY'), 'British', 'UK1234567', 'j.wilson@email.co.uk', '+44-20-1234-5678', 'FF100021', 2, 35600, TO_DATE('15-APR-2017', 'DD-MON-YYYY'));
INSERT INTO  PASSENGERS (PASSENGER_ID, FIRST_NAME, LAST_NAME, GENDER, DATE_OF_BIRTH, NATIONALITY, PASSPORT_NUMBER, EMAIL, PHONE, FF_NUMBER, TIER_ID, TOTAL_MILES, JOIN_DATE) VALUES (22, 'Emily', 'Clarke', 'F', TO_DATE('27-JUN-1992', 'DD-MON-YYYY'), 'British', 'UK2345678', 'e.clarke@email.co.uk', '+44-20-2345-6789', 'FF100022', 3, 58200, TO_DATE('20-JAN-2016', 'DD-MON-YYYY'));
INSERT INTO  PASSENGERS (PASSENGER_ID, FIRST_NAME, LAST_NAME, GENDER, DATE_OF_BIRTH, NATIONALITY, PASSPORT_NUMBER, EMAIL, PHONE, FF_NUMBER, TIER_ID, TOTAL_MILES, JOIN_DATE) VALUES (23, 'Michael', 'Brown', 'M', TO_DATE('03-SEP-1975', 'DD-MON-YYYY'), 'American', 'US3456789', 'm.brown@email.com', '+1-212-345-6789', 'FF100023', 4, 134500, TO_DATE('10-MAR-2012', 'DD-MON-YYYY'));
INSERT INTO  PASSENGERS (PASSENGER_ID, FIRST_NAME, LAST_NAME, GENDER, DATE_OF_BIRTH, NATIONALITY, PASSPORT_NUMBER, EMAIL, PHONE, FF_NUMBER, TIER_ID, TOTAL_MILES, JOIN_DATE) VALUES (24, 'Jennifer', 'Davis', 'F', TO_DATE('18-DEC-1988', 'DD-MON-YYYY'), 'American', 'US4567890', 'j.davis@email.com', '+1-212-456-7890', 'FF100024', 2, 29800, TO_DATE('05-AUG-2018', 'DD-MON-YYYY'));
INSERT INTO  PASSENGERS (PASSENGER_ID, FIRST_NAME, LAST_NAME, GENDER, DATE_OF_BIRTH, NATIONALITY, PASSPORT_NUMBER, EMAIL, PHONE, FF_NUMBER, TIER_ID, TOTAL_MILES, JOIN_DATE) VALUES (25, 'Hans', 'Mueller', 'M', TO_DATE('22-JAN-1971', 'DD-MON-YYYY'), 'German', 'DE5678901', 'h.mueller@email.de', '+49-30-567-8901', 'FF100025', 5, 245000, TO_DATE('01-JAN-2008', 'DD-MON-YYYY'));
INSERT INTO  PASSENGERS (PASSENGER_ID, FIRST_NAME, LAST_NAME, GENDER, DATE_OF_BIRTH, NATIONALITY, PASSPORT_NUMBER, EMAIL, PHONE, FF_NUMBER, TIER_ID, TOTAL_MILES, JOIN_DATE) VALUES (26, 'Anna', 'Schmidt', 'F', TO_DATE('09-APR-1985', 'DD-MON-YYYY'), 'German', 'DE6789012', 'a.schmidt@email.de', '+49-30-678-9012', 'FF100026', 3, 67300, TO_DATE('18-JUN-2014', 'DD-MON-YYYY'));
INSERT INTO  PASSENGERS (PASSENGER_ID, FIRST_NAME, LAST_NAME, GENDER, DATE_OF_BIRTH, NATIONALITY, PASSPORT_NUMBER, EMAIL, PHONE, FF_NUMBER, TIER_ID, TOTAL_MILES, JOIN_DATE) VALUES (27, 'Pierre', 'Dupont', 'M', TO_DATE('16-AUG-1978', 'DD-MON-YYYY'), 'French', 'FR7890123', 'p.dupont@email.fr', '+33-1-789-0123', 'FF100027', 4, 112400, TO_DATE('25-SEP-2011', 'DD-MON-YYYY'));
INSERT INTO  PASSENGERS (PASSENGER_ID, FIRST_NAME, LAST_NAME, GENDER, DATE_OF_BIRTH, NATIONALITY, PASSPORT_NUMBER, EMAIL, PHONE, FF_NUMBER, TIER_ID, TOTAL_MILES, JOIN_DATE) VALUES (28, 'Marie', 'Laurent', 'F', TO_DATE('30-NOV-1994', 'DD-MON-YYYY'), 'French', 'FR8901234', 'm.laurent@email.fr', '+33-1-890-1234', 'FF100028', 1, 7600, TO_DATE('12-FEB-2020', 'DD-MON-YYYY'));
INSERT INTO  PASSENGERS (PASSENGER_ID, FIRST_NAME, LAST_NAME, GENDER, DATE_OF_BIRTH, NATIONALITY, PASSPORT_NUMBER, EMAIL, PHONE, FF_NUMBER, TIER_ID, TOTAL_MILES, JOIN_DATE) VALUES (29, 'Ali', 'Al-Rashid', 'M', TO_DATE('11-MAY-1968', 'DD-MON-YYYY'), 'Emirati', 'AE9012345', 'ali.rashid@email.ae', '+971-50-901-2345', 'FF100029', 5, 312000, TO_DATE('08-OCT-2003', 'DD-MON-YYYY'));
INSERT INTO  PASSENGERS (PASSENGER_ID, FIRST_NAME, LAST_NAME, GENDER, DATE_OF_BIRTH, NATIONALITY, PASSPORT_NUMBER, EMAIL, PHONE, FF_NUMBER, TIER_ID, TOTAL_MILES, JOIN_DATE) VALUES (30, 'Fatima', 'Al-Mansouri', 'F', TO_DATE('24-SEP-1990', 'DD-MON-YYYY'), 'Emirati', 'AE0123456', 'f.mansouri@email.ae', '+971-50-012-3456', 'FF100030', 3, 81200, TO_DATE('30-APR-2015', 'DD-MON-YYYY'));
INSERT INTO  PASSENGERS (PASSENGER_ID, FIRST_NAME, LAST_NAME, GENDER, DATE_OF_BIRTH, NATIONALITY, PASSPORT_NUMBER, EMAIL, PHONE, FF_NUMBER, TIER_ID, TOTAL_MILES, JOIN_DATE) VALUES (31, 'Ahmed', 'Al-Sayed', 'M', TO_DATE('07-FEB-1983', 'DD-MON-YYYY'), 'Saudi', 'SA1234568', 'ahmed.sayed@email.sa', '+966-50-123-4568', 'FF100031', 4, 165000, TO_DATE('14-JUL-2012', 'DD-MON-YYYY'));
INSERT INTO  PASSENGERS (PASSENGER_ID, FIRST_NAME, LAST_NAME, GENDER, DATE_OF_BIRTH, NATIONALITY, PASSPORT_NUMBER, EMAIL, PHONE, FF_NUMBER, TIER_ID, TOTAL_MILES, JOIN_DATE) VALUES (32, 'Nora', 'Al-Otaibi', 'F', TO_DATE('19-JUL-1997', 'DD-MON-YYYY'), 'Saudi', 'SA2345679', 'nora.otaibi@email.sa', '+966-50-234-5679', 'FF100032', 1, 2100, TO_DATE('28-MAY-2022', 'DD-MON-YYYY'));
INSERT INTO  PASSENGERS (PASSENGER_ID, FIRST_NAME, LAST_NAME, GENDER, DATE_OF_BIRTH, NATIONALITY, PASSPORT_NUMBER, EMAIL, PHONE, FF_NUMBER, TIER_ID, TOTAL_MILES, JOIN_DATE) VALUES (33, 'Yuki', 'Tanaka', 'M', TO_DATE('13-OCT-1981', 'DD-MON-YYYY'), 'Japanese', 'JP3456780', 'y.tanaka@email.jp', '+81-3-345-6780', 'FF100033', 3, 59700, TO_DATE('03-DEC-2015', 'DD-MON-YYYY'));
INSERT INTO  PASSENGERS (PASSENGER_ID, FIRST_NAME, LAST_NAME, GENDER, DATE_OF_BIRTH, NATIONALITY, PASSPORT_NUMBER, EMAIL, PHONE, FF_NUMBER, TIER_ID, TOTAL_MILES, JOIN_DATE) VALUES (34, 'Sakura', 'Yamamoto', 'F', TO_DATE('06-JAN-1995', 'DD-MON-YYYY'), 'Japanese', 'JP4567891', 's.yamamoto@email.jp', '+81-3-456-7891', 'FF100034', 2, 33400, TO_DATE('17-AUG-2019', 'DD-MON-YYYY'));
INSERT INTO  PASSENGERS (PASSENGER_ID, FIRST_NAME, LAST_NAME, GENDER, DATE_OF_BIRTH, NATIONALITY, PASSPORT_NUMBER, EMAIL, PHONE, FF_NUMBER, TIER_ID, TOTAL_MILES, JOIN_DATE) VALUES (35, 'Wei', 'Zhang', 'M', TO_DATE('29-MAR-1977', 'DD-MON-YYYY'), 'Chinese', 'CN5678902', 'w.zhang@email.cn', '+86-10-567-8902', 'FF100035', 4, 178900, TO_DATE('22-FEB-2010', 'DD-MON-YYYY'));
INSERT INTO  PASSENGERS (PASSENGER_ID, FIRST_NAME, LAST_NAME, GENDER, DATE_OF_BIRTH, NATIONALITY, PASSPORT_NUMBER, EMAIL, PHONE, FF_NUMBER, TIER_ID, TOTAL_MILES, JOIN_DATE) VALUES (36, 'Mei', 'Li', 'F', TO_DATE('15-AUG-1989', 'DD-MON-YYYY'), 'Chinese', 'CN6789013', 'm.li@email.cn', '+86-10-678-9013', 'FF100036', 3, 64100, TO_DATE('09-NOV-2016', 'DD-MON-YYYY'));
INSERT INTO  PASSENGERS (PASSENGER_ID, FIRST_NAME, LAST_NAME, GENDER, DATE_OF_BIRTH, NATIONALITY, PASSPORT_NUMBER, EMAIL, PHONE, FF_NUMBER, TIER_ID, TOTAL_MILES, JOIN_DATE) VALUES (37, 'Carlos', 'Garcia', 'M', TO_DATE('23-JUN-1974', 'DD-MON-YYYY'), 'Spanish', 'ES7890124', 'c.garcia@email.es', '+34-91-789-0124', 'FF100037', 3, 71500, TO_DATE('27-MAR-2013', 'DD-MON-YYYY'));
INSERT INTO  PASSENGERS (PASSENGER_ID, FIRST_NAME, LAST_NAME, GENDER, DATE_OF_BIRTH, NATIONALITY, PASSPORT_NUMBER, EMAIL, PHONE, FF_NUMBER, TIER_ID, TOTAL_MILES, JOIN_DATE) VALUES (38, 'Sofia', 'Martinez', 'F', TO_DATE('08-DEC-1991', 'DD-MON-YYYY'), 'Spanish', 'ES8901235', 's.martinez@email.es', '+34-91-890-1235', 'FF100038', 2, 38900, TO_DATE('05-OCT-2018', 'DD-MON-YYYY'));
INSERT INTO  PASSENGERS (PASSENGER_ID, FIRST_NAME, LAST_NAME, GENDER, DATE_OF_BIRTH, NATIONALITY, PASSPORT_NUMBER, EMAIL, PHONE, FF_NUMBER, TIER_ID, TOTAL_MILES, JOIN_DATE) VALUES (39, 'Raj', 'Patel', 'M', TO_DATE('17-APR-1979', 'DD-MON-YYYY'), 'Indian', 'IN9012346', 'r.patel@email.in', '+91-98-901-2346', 'FF100039', 4, 143700, TO_DATE('11-JAN-2011', 'DD-MON-YYYY'));
INSERT INTO  PASSENGERS (PASSENGER_ID, FIRST_NAME, LAST_NAME, GENDER, DATE_OF_BIRTH, NATIONALITY, PASSPORT_NUMBER, EMAIL, PHONE, FF_NUMBER, TIER_ID, TOTAL_MILES, JOIN_DATE) VALUES (40, 'Priya', 'Sharma', 'F', TO_DATE('02-SEP-1993', 'DD-MON-YYYY'), 'Indian', 'IN0123457', 'p.sharma@email.in', '+91-98-012-3457', 'FF100040', 2, 26500, TO_DATE('20-JUN-2019', 'DD-MON-YYYY'));
INSERT INTO  PASSENGERS (PASSENGER_ID, FIRST_NAME, LAST_NAME, GENDER, DATE_OF_BIRTH, NATIONALITY, PASSPORT_NUMBER, EMAIL, PHONE, FF_NUMBER, TIER_ID, TOTAL_MILES, JOIN_DATE) VALUES (41, 'Mahmoud', 'El-Sisi', 'M', TO_DATE('25-JAN-1976', 'DD-MON-YYYY'), 'Egyptian', 'A21111111', 'm.elsisi@email.com', '+20-10-1111-1111', 'FF100041', 3, 88200, TO_DATE('10-JAN-2013', 'DD-MON-YYYY'));
INSERT INTO  PASSENGERS (PASSENGER_ID, FIRST_NAME, LAST_NAME, GENDER, DATE_OF_BIRTH, NATIONALITY, PASSPORT_NUMBER, EMAIL, PHONE, FF_NUMBER, TIER_ID, TOTAL_MILES, JOIN_DATE) VALUES (42, 'Salma', 'El-Gebaly', 'F', TO_DATE('14-JUN-1988', 'DD-MON-YYYY'), 'Egyptian', 'B32222222', 's.elgebaly@email.com', '+20-11-2222-2222', 'FF100042', 2, 31500, TO_DATE('05-MAR-2018', 'DD-MON-YYYY'));
INSERT INTO  PASSENGERS (PASSENGER_ID, FIRST_NAME, LAST_NAME, GENDER, DATE_OF_BIRTH, NATIONALITY, PASSPORT_NUMBER, EMAIL, PHONE, FF_NUMBER, TIER_ID, TOTAL_MILES, JOIN_DATE) VALUES (43, 'Tamer', 'El-Tohamy', 'M', TO_DATE('03-OCT-1982', 'DD-MON-YYYY'), 'Egyptian', 'C43333333', 't.eltohamy@email.com', '+20-12-3333-3333', 'FF100043', 4, 121000, TO_DATE('20-AUG-2012', 'DD-MON-YYYY'));
INSERT INTO  PASSENGERS (PASSENGER_ID, FIRST_NAME, LAST_NAME, GENDER, DATE_OF_BIRTH, NATIONALITY, PASSPORT_NUMBER, EMAIL, PHONE, FF_NUMBER, TIER_ID, TOTAL_MILES, JOIN_DATE) VALUES (44, 'Asmaa', 'Badawi', 'F', TO_DATE('19-FEB-1995', 'DD-MON-YYYY'), 'Egyptian', 'D54444444', 'asmaa.b@email.com', '+20-10-4444-4444', 'FF100044', 1, 5600, TO_DATE('15-NOV-2020', 'DD-MON-YYYY'));
INSERT INTO  PASSENGERS (PASSENGER_ID, FIRST_NAME, LAST_NAME, GENDER, DATE_OF_BIRTH, NATIONALITY, PASSPORT_NUMBER, EMAIL, PHONE, FF_NUMBER, TIER_ID, TOTAL_MILES, JOIN_DATE) VALUES (45, 'Wael', 'Gomaa', 'M', TO_DATE('07-AUG-1969', 'DD-MON-YYYY'), 'Egyptian', 'E65555555', 'w.gomaa@email.com', '+20-11-5555-5555', 'FF100045', 5, 234800, TO_DATE('01-JUN-2007', 'DD-MON-YYYY'));
INSERT INTO  PASSENGERS (PASSENGER_ID, FIRST_NAME, LAST_NAME, GENDER, DATE_OF_BIRTH, NATIONALITY, PASSPORT_NUMBER, EMAIL, PHONE, FF_NUMBER, TIER_ID, TOTAL_MILES, JOIN_DATE) VALUES (46, 'Heba', 'Morsi', 'F', TO_DATE('28-DEC-1986', 'DD-MON-YYYY'), 'Egyptian', 'F76666666', 'heba.m@email.com', '+20-12-6666-6666', 'FF100046', 3, 55100, TO_DATE('22-OCT-2014', 'DD-MON-YYYY'));
INSERT INTO  PASSENGERS (PASSENGER_ID, FIRST_NAME, LAST_NAME, GENDER, DATE_OF_BIRTH, NATIONALITY, PASSPORT_NUMBER, EMAIL, PHONE, FF_NUMBER, TIER_ID, TOTAL_MILES, JOIN_DATE) VALUES (47, 'Samer', 'El-Naggar', 'M', TO_DATE('12-MAY-1991', 'DD-MON-YYYY'), 'Egyptian', 'G87777777', 's.elnaggar@email.com', '+20-10-7777-7777', 'FF100047', 2, 44700, TO_DATE('10-APR-2017', 'DD-MON-YYYY'));
INSERT INTO  PASSENGERS (PASSENGER_ID, FIRST_NAME, LAST_NAME, GENDER, DATE_OF_BIRTH, NATIONALITY, PASSPORT_NUMBER, EMAIL, PHONE, FF_NUMBER, TIER_ID, TOTAL_MILES, JOIN_DATE) VALUES (48, 'Noha', 'Khattab', 'F', TO_DATE('04-SEP-1984', 'DD-MON-YYYY'), 'Egyptian', 'H98888888', 'noha.k@email.com', '+20-11-8888-8888', 'FF100048', 3, 62300, TO_DATE('30-JAN-2015', 'DD-MON-YYYY'));
INSERT INTO  PASSENGERS (PASSENGER_ID, FIRST_NAME, LAST_NAME, GENDER, DATE_OF_BIRTH, NATIONALITY, PASSPORT_NUMBER, EMAIL, PHONE, FF_NUMBER, TIER_ID, TOTAL_MILES, JOIN_DATE) VALUES (49, 'Islam', 'El-Masry', 'M', TO_DATE('21-MAR-1979', 'DD-MON-YYYY'), 'Egyptian', 'I09999999', 'islam.m@email.com', '+20-12-9999-9999', 'FF100049', 4, 167400, TO_DATE('14-JUL-2011', 'DD-MON-YYYY'));
INSERT INTO  PASSENGERS (PASSENGER_ID, FIRST_NAME, LAST_NAME, GENDER, DATE_OF_BIRTH, NATIONALITY, PASSPORT_NUMBER, EMAIL, PHONE, FF_NUMBER, TIER_ID, TOTAL_MILES, JOIN_DATE) VALUES (50, 'Ghada', 'Youssef', 'F', TO_DATE('16-JUL-1997', 'DD-MON-YYYY'), 'Egyptian', 'J10000000', 'ghada.y@email.com', '+20-10-0000-0001', 'FF100050', 1, 1800, TO_DATE('25-SEP-2022', 'DD-MON-YYYY'));
INSERT INTO  PASSENGERS (PASSENGER_ID, FIRST_NAME, LAST_NAME, GENDER, DATE_OF_BIRTH, NATIONALITY, PASSPORT_NUMBER, EMAIL, PHONE, FF_NUMBER, TIER_ID, TOTAL_MILES, JOIN_DATE) VALUES (51, 'David', 'Johnson', 'M', TO_DATE('11-FEB-1977', 'DD-MON-YYYY'), 'American', 'US5678901', 'd.johnson@email.com', '+1-310-567-8901', 'FF100051', 3, 73600, TO_DATE('08-MAY-2014', 'DD-MON-YYYY'));
INSERT INTO  PASSENGERS (PASSENGER_ID, FIRST_NAME, LAST_NAME, GENDER, DATE_OF_BIRTH, NATIONALITY, PASSPORT_NUMBER, EMAIL, PHONE, FF_NUMBER, TIER_ID, TOTAL_MILES, JOIN_DATE) VALUES (52, 'Sarah', 'Williams', 'F', TO_DATE('26-AUG-1990', 'DD-MON-YYYY'), 'American', 'US6789012', 's.williams@email.com', '+1-310-678-9012', 'FF100052', 2, 27300, TO_DATE('12-JAN-2019', 'DD-MON-YYYY'));
INSERT INTO  PASSENGERS (PASSENGER_ID, FIRST_NAME, LAST_NAME, GENDER, DATE_OF_BIRTH, NATIONALITY, PASSPORT_NUMBER, EMAIL, PHONE, FF_NUMBER, TIER_ID, TOTAL_MILES, JOIN_DATE) VALUES (53, 'Robert', 'Anderson', 'M', TO_DATE('09-APR-1972', 'DD-MON-YYYY'), 'American', 'US7890123', 'r.anderson@email.com', '+1-310-789-0123', 'FF100053', 5, 268000, TO_DATE('25-MAR-2007', 'DD-MON-YYYY'));
INSERT INTO  PASSENGERS (PASSENGER_ID, FIRST_NAME, LAST_NAME, GENDER, DATE_OF_BIRTH, NATIONALITY, PASSPORT_NUMBER, EMAIL, PHONE, FF_NUMBER, TIER_ID, TOTAL_MILES, JOIN_DATE) VALUES (54, 'Lisa', 'Taylor', 'F', TO_DATE('22-NOV-1986', 'DD-MON-YYYY'), 'American', 'US8901234', 'l.taylor@email.com', '+1-310-890-1234', 'FF100054', 3, 79800, TO_DATE('18-AUG-2013', 'DD-MON-YYYY'));
INSERT INTO  PASSENGERS (PASSENGER_ID, FIRST_NAME, LAST_NAME, GENDER, DATE_OF_BIRTH, NATIONALITY, PASSPORT_NUMBER, EMAIL, PHONE, FF_NUMBER, TIER_ID, TOTAL_MILES, JOIN_DATE) VALUES (55, 'John', 'Thomas', 'M', TO_DATE('15-JUL-1981', 'DD-MON-YYYY'), 'British', 'UK9012345', 'j.thomas@email.co.uk', '+44-20-901-2345', 'FF100055', 4, 188200, TO_DATE('02-FEB-2010', 'DD-MON-YYYY'));
INSERT INTO  PASSENGERS (PASSENGER_ID, FIRST_NAME, LAST_NAME, GENDER, DATE_OF_BIRTH, NATIONALITY, PASSPORT_NUMBER, EMAIL, PHONE, FF_NUMBER, TIER_ID, TOTAL_MILES, JOIN_DATE) VALUES (56, 'Emma', 'White', 'F', TO_DATE('30-MAR-1994', 'DD-MON-YYYY'), 'British', 'UK0123456', 'e.white@email.co.uk', '+44-20-012-3456', 'FF100056', 2, 36100, TO_DATE('16-OCT-2018', 'DD-MON-YYYY'));
INSERT INTO  PASSENGERS (PASSENGER_ID, FIRST_NAME, LAST_NAME, GENDER, DATE_OF_BIRTH, NATIONALITY, PASSPORT_NUMBER, EMAIL, PHONE, FF_NUMBER, TIER_ID, TOTAL_MILES, JOIN_DATE) VALUES (57, 'Luca', 'Rossi', 'M', TO_DATE('13-SEP-1980', 'DD-MON-YYYY'), 'Italian', 'IT1234568', 'l.rossi@email.it', '+39-06-123-4568', 'FF100057', 3, 61400, TO_DATE('04-DEC-2015', 'DD-MON-YYYY'));
INSERT INTO  PASSENGERS (PASSENGER_ID, FIRST_NAME, LAST_NAME, GENDER, DATE_OF_BIRTH, NATIONALITY, PASSPORT_NUMBER, EMAIL, PHONE, FF_NUMBER, TIER_ID, TOTAL_MILES, JOIN_DATE) VALUES (58, 'Giulia', 'Ferrari', 'F', TO_DATE('07-JAN-1993', 'DD-MON-YYYY'), 'Italian', 'IT2345679', 'g.ferrari@email.it', '+39-06-234-5679', 'FF100058', 1, 6800, TO_DATE('21-JUN-2020', 'DD-MON-YYYY'));
INSERT INTO  PASSENGERS (PASSENGER_ID, FIRST_NAME, LAST_NAME, GENDER, DATE_OF_BIRTH, NATIONALITY, PASSPORT_NUMBER, EMAIL, PHONE, FF_NUMBER, TIER_ID, TOTAL_MILES, JOIN_DATE) VALUES (59, 'Dmitri', 'Volkov', 'M', TO_DATE('20-MAY-1975', 'DD-MON-YYYY'), 'Russian', 'RU3456780', 'd.volkov@email.ru', '+7-495-345-6780', 'FF100059', 4, 152300, TO_DATE('07-SEP-2011', 'DD-MON-YYYY'));
INSERT INTO  PASSENGERS (PASSENGER_ID, FIRST_NAME, LAST_NAME, GENDER, DATE_OF_BIRTH, NATIONALITY, PASSPORT_NUMBER, EMAIL, PHONE, FF_NUMBER, TIER_ID, TOTAL_MILES, JOIN_DATE) VALUES (60, 'Natasha', 'Ivanova', 'F', TO_DATE('04-DEC-1988', 'DD-MON-YYYY'), 'Russian', 'RU4567891', 'n.ivanova@email.ru', '+7-495-456-7891', 'FF100060', 3, 58700, TO_DATE('23-APR-2016', 'DD-MON-YYYY'));
INSERT INTO  PASSENGERS (PASSENGER_ID, FIRST_NAME, LAST_NAME, GENDER, DATE_OF_BIRTH, NATIONALITY, PASSPORT_NUMBER, EMAIL, PHONE, FF_NUMBER, TIER_ID, TOTAL_MILES, JOIN_DATE) VALUES (61, 'Khalid', 'Al-Thani', 'M', TO_DATE('18-JUN-1973', 'DD-MON-YYYY'), 'Qatari', 'QA5678902', 'k.althani@email.qa', '+974-50-567-8902', 'FF100061', 5, 301400, TO_DATE('15-JUN-2005', 'DD-MON-YYYY'));
INSERT INTO  PASSENGERS (PASSENGER_ID, FIRST_NAME, LAST_NAME, GENDER, DATE_OF_BIRTH, NATIONALITY, PASSPORT_NUMBER, EMAIL, PHONE, FF_NUMBER, TIER_ID, TOTAL_MILES, JOIN_DATE) VALUES (62, 'Maryam', 'Al-Kuwari', 'F', TO_DATE('03-JAN-1990', 'DD-MON-YYYY'), 'Qatari', 'QA6789013', 'm.alkuwari@email.qa', '+974-50-678-9013', 'FF100062', 3, 77900, TO_DATE('10-FEB-2014', 'DD-MON-YYYY'));
INSERT INTO  PASSENGERS (PASSENGER_ID, FIRST_NAME, LAST_NAME, GENDER, DATE_OF_BIRTH, NATIONALITY, PASSPORT_NUMBER, EMAIL, PHONE, FF_NUMBER, TIER_ID, TOTAL_MILES, JOIN_DATE) VALUES (63, 'Abdullah', 'Al-Dosari', 'M', TO_DATE('27-SEP-1968', 'DD-MON-YYYY'), 'Bahraini', 'BH7890124', 'a.aldosari@email.bh', '+973-36-789-0124', 'FF100063', 4, 134800, TO_DATE('28-JUL-2009', 'DD-MON-YYYY'));
INSERT INTO  PASSENGERS (PASSENGER_ID, FIRST_NAME, LAST_NAME, GENDER, DATE_OF_BIRTH, NATIONALITY, PASSPORT_NUMBER, EMAIL, PHONE, FF_NUMBER, TIER_ID, TOTAL_MILES, JOIN_DATE) VALUES (64, 'Aisha', 'Al-Zayani', 'F', TO_DATE('11-APR-1985', 'DD-MON-YYYY'), 'Bahraini', 'BH8901235', 'ai.alzayani@email.bh', '+973-36-890-1235', 'FF100064', 2, 28400, TO_DATE('14-NOV-2017', 'DD-MON-YYYY'));
INSERT INTO  PASSENGERS (PASSENGER_ID, FIRST_NAME, LAST_NAME, GENDER, DATE_OF_BIRTH, NATIONALITY, PASSPORT_NUMBER, EMAIL, PHONE, FF_NUMBER, TIER_ID, TOTAL_MILES, JOIN_DATE) VALUES (65, 'Faisal', 'Al-Mutairi', 'M', TO_DATE('25-DEC-1978', 'DD-MON-YYYY'), 'Kuwaiti', 'KW9012346', 'f.almutairi@email.kw', '+965-60-901-2346', 'FF100065', 4, 176500, TO_DATE('05-MAR-2010', 'DD-MON-YYYY'));
INSERT INTO  PASSENGERS (PASSENGER_ID, FIRST_NAME, LAST_NAME, GENDER, DATE_OF_BIRTH, NATIONALITY, PASSPORT_NUMBER, EMAIL, PHONE, FF_NUMBER, TIER_ID, TOTAL_MILES, JOIN_DATE) VALUES (66, 'Hessa', 'Al-Ajmi', 'F', TO_DATE('08-AUG-1992', 'DD-MON-YYYY'), 'Kuwaiti', 'KW0123457', 'h.alajmi@email.kw', '+965-60-012-3457', 'FF100066', 2, 42100, TO_DATE('19-JUL-2018', 'DD-MON-YYYY'));
INSERT INTO  PASSENGERS (PASSENGER_ID, FIRST_NAME, LAST_NAME, GENDER, DATE_OF_BIRTH, NATIONALITY, PASSPORT_NUMBER, EMAIL, PHONE, FF_NUMBER, TIER_ID, TOTAL_MILES, JOIN_DATE) VALUES (67, 'Omar', 'Al-Ameri', 'M', TO_DATE('14-FEB-1976', 'DD-MON-YYYY'), 'Jordanian', 'JO1234568', 'o.alameri@email.jo', '+962-79-123-4568', 'FF100067', 3, 66800, TO_DATE('06-OCT-2014', 'DD-MON-YYYY'));
INSERT INTO  PASSENGERS (PASSENGER_ID, FIRST_NAME, LAST_NAME, GENDER, DATE_OF_BIRTH, NATIONALITY, PASSPORT_NUMBER, EMAIL, PHONE, FF_NUMBER, TIER_ID, TOTAL_MILES, JOIN_DATE) VALUES (68, 'Rima', 'Al-Khatib', 'F', TO_DATE('29-OCT-1989', 'DD-MON-YYYY'), 'Jordanian', 'JO2345679', 'r.alkhatib@email.jo', '+962-79-234-5679', 'FF100068', 2, 31200, TO_DATE('22-JAN-2019', 'DD-MON-YYYY'));
INSERT INTO  PASSENGERS (PASSENGER_ID, FIRST_NAME, LAST_NAME, GENDER, DATE_OF_BIRTH, NATIONALITY, PASSPORT_NUMBER, EMAIL, PHONE, FF_NUMBER, TIER_ID, TOTAL_MILES, JOIN_DATE) VALUES (69, 'Ahmed', 'Hassan', 'M', TO_DATE('15-JAN-1985', 'DD-MON-YYYY'), 'Egyptian', 'A99999999', 'ahmed.hassan2@email.com', '+20-10-9999-0001', 'FF100069', 2, 18400, TO_DATE('01-JUN-2019', 'DD-MON-YYYY'));
INSERT INTO  PASSENGERS (PASSENGER_ID, FIRST_NAME, LAST_NAME, GENDER, DATE_OF_BIRTH, NATIONALITY, PASSPORT_NUMBER, EMAIL, PHONE, FF_NUMBER, TIER_ID, TOTAL_MILES, JOIN_DATE) VALUES (70, 'Mona', 'Shawki', 'F', TO_DATE('04-JUL-1987', 'DD-MON-YYYY'), 'Egyptian', 'N88888888', 'mona.shawki2@email.com', '+20-11-8888-0002', 'FF100070', 1, 4100, TO_DATE('12-JAN-2021', 'DD-MON-YYYY'));
INSERT INTO  PASSENGERS (PASSENGER_ID, FIRST_NAME, LAST_NAME, GENDER, DATE_OF_BIRTH, NATIONALITY, PASSPORT_NUMBER, EMAIL, PHONE, FF_NUMBER, TIER_ID, TOTAL_MILES, JOIN_DATE) VALUES (71, 'Lena', 'Hoffmann', 'F', TO_DATE('17-MAR-1983', 'DD-MON-YYYY'), 'German', 'DE8901236', 'l.hoffmann@email.de', '+49-30-890-1236', 'FF100071', 3, 53400, TO_DATE('25-MAY-2015', 'DD-MON-YYYY'));
INSERT INTO  PASSENGERS (PASSENGER_ID, FIRST_NAME, LAST_NAME, GENDER, DATE_OF_BIRTH, NATIONALITY, PASSPORT_NUMBER, EMAIL, PHONE, FF_NUMBER, TIER_ID, TOTAL_MILES, JOIN_DATE) VALUES (72, 'Klaus', 'Bauer', 'M', TO_DATE('02-NOV-1970', 'DD-MON-YYYY'), 'German', 'DE9012347', 'k.bauer@email.de', '+49-30-901-2347', 'FF100072', 4, 141200, TO_DATE('11-DEC-2010', 'DD-MON-YYYY'));
INSERT INTO  PASSENGERS (PASSENGER_ID, FIRST_NAME, LAST_NAME, GENDER, DATE_OF_BIRTH, NATIONALITY, PASSPORT_NUMBER, EMAIL, PHONE, FF_NUMBER, TIER_ID, TOTAL_MILES, JOIN_DATE) VALUES (73, 'Isabelle', 'Bernard', 'F', TO_DATE('19-JUL-1986', 'DD-MON-YYYY'), 'French', 'FR0123458', 'i.bernard@email.fr', '+33-1-012-3458', 'FF100073', 3, 69700, TO_DATE('30-AUG-2014', 'DD-MON-YYYY'));
INSERT INTO  PASSENGERS (PASSENGER_ID, FIRST_NAME, LAST_NAME, GENDER, DATE_OF_BIRTH, NATIONALITY, PASSPORT_NUMBER, EMAIL, PHONE, FF_NUMBER, TIER_ID, TOTAL_MILES, JOIN_DATE) VALUES (74, 'Francois', 'Petit', 'M', TO_DATE('06-FEB-1979', 'DD-MON-YYYY'), 'French', 'FR1234569', 'f.petit@email.fr', '+33-1-123-4569', 'FF100074', 2, 38100, TO_DATE('16-MAR-2018', 'DD-MON-YYYY'));
INSERT INTO  PASSENGERS (PASSENGER_ID, FIRST_NAME, LAST_NAME, GENDER, DATE_OF_BIRTH, NATIONALITY, PASSPORT_NUMBER, EMAIL, PHONE, FF_NUMBER, TIER_ID, TOTAL_MILES, JOIN_DATE) VALUES (75, 'Hiroshi', 'Watanabe', 'M', TO_DATE('23-AUG-1977', 'DD-MON-YYYY'), 'Japanese', 'JP5678902', 'h.watanabe@email.jp', '+81-3-567-8902', 'FF100075', 4, 159600, TO_DATE('03-SEP-2011', 'DD-MON-YYYY'));
INSERT INTO  PASSENGERS (PASSENGER_ID, FIRST_NAME, LAST_NAME, GENDER, DATE_OF_BIRTH, NATIONALITY, PASSPORT_NUMBER, EMAIL, PHONE, FF_NUMBER, TIER_ID, TOTAL_MILES, JOIN_DATE) VALUES (76, 'Yuko', 'Suzuki', 'F', TO_DATE('10-JAN-1993', 'DD-MON-YYYY'), 'Japanese', 'JP6789013', 'y.suzuki@email.jp', '+81-3-678-9013', 'FF100076', 2, 24700, TO_DATE('28-APR-2020', 'DD-MON-YYYY'));
INSERT INTO  PASSENGERS (PASSENGER_ID, FIRST_NAME, LAST_NAME, GENDER, DATE_OF_BIRTH, NATIONALITY, PASSPORT_NUMBER, EMAIL, PHONE, FF_NUMBER, TIER_ID, TOTAL_MILES, JOIN_DATE) VALUES (77, 'Li', 'Chen', 'M', TO_DATE('28-JUN-1975', 'DD-MON-YYYY'), 'Chinese', 'CN7890124', 'l.chen@email.cn', '+86-10-789-0124', 'FF100077', 5, 256800, TO_DATE('12-NOV-2006', 'DD-MON-YYYY'));
INSERT INTO  PASSENGERS (PASSENGER_ID, FIRST_NAME, LAST_NAME, GENDER, DATE_OF_BIRTH, NATIONALITY, PASSPORT_NUMBER, EMAIL, PHONE, FF_NUMBER, TIER_ID, TOTAL_MILES, JOIN_DATE) VALUES (78, 'Xiao', 'Wang', 'F', TO_DATE('15-DEC-1987', 'DD-MON-YYYY'), 'Chinese', 'CN8901235', 'x.wang@email.cn', '+86-10-890-1235', 'FF100078', 3, 72400, TO_DATE('20-FEB-2015', 'DD-MON-YYYY'));
INSERT INTO  PASSENGERS (PASSENGER_ID, FIRST_NAME, LAST_NAME, GENDER, DATE_OF_BIRTH, NATIONALITY, PASSPORT_NUMBER, EMAIL, PHONE, FF_NUMBER, TIER_ID, TOTAL_MILES, JOIN_DATE) VALUES (79, 'Arjun', 'Kumar', 'M', TO_DATE('04-APR-1981', 'DD-MON-YYYY'), 'Indian', 'IN1234568', 'a.kumar@email.in', '+91-98-123-4568', 'FF100079', 4, 138900, TO_DATE('07-JUL-2012', 'DD-MON-YYYY'));
INSERT INTO  PASSENGERS (PASSENGER_ID, FIRST_NAME, LAST_NAME, GENDER, DATE_OF_BIRTH, NATIONALITY, PASSPORT_NUMBER, EMAIL, PHONE, FF_NUMBER, TIER_ID, TOTAL_MILES, JOIN_DATE) VALUES (80, 'Ananya', 'Gupta', 'F', TO_DATE('21-NOV-1994', 'DD-MON-YYYY'), 'Indian', 'IN2345679', 'an.gupta@email.in', '+91-98-234-5679', 'FF100080', 1, 8900, TO_DATE('14-FEB-2021', 'DD-MON-YYYY'));
INSERT INTO  PASSENGERS (PASSENGER_ID, FIRST_NAME, LAST_NAME, GENDER, DATE_OF_BIRTH, NATIONALITY, PASSPORT_NUMBER, EMAIL, PHONE, FF_NUMBER, TIER_ID, TOTAL_MILES, JOIN_DATE) VALUES (81, 'Pedro', 'Alves', 'M', TO_DATE('09-SEP-1978', 'DD-MON-YYYY'), 'Portuguese', 'PT3456780', 'p.alves@email.pt', '+351-21-345-6780', 'FF100081', 3, 64200, TO_DATE('02-JAN-2015', 'DD-MON-YYYY'));
INSERT INTO  PASSENGERS (PASSENGER_ID, FIRST_NAME, LAST_NAME, GENDER, DATE_OF_BIRTH, NATIONALITY, PASSPORT_NUMBER, EMAIL, PHONE, FF_NUMBER, TIER_ID, TOTAL_MILES, JOIN_DATE) VALUES (82, 'Ana', 'Costa', 'F', TO_DATE('26-MAR-1991', 'DD-MON-YYYY'), 'Portuguese', 'PT4567891', 'a.costa@email.pt', '+351-21-456-7891', 'FF100082', 2, 29600, TO_DATE('18-SEP-2019', 'DD-MON-YYYY'));
INSERT INTO  PASSENGERS (PASSENGER_ID, FIRST_NAME, LAST_NAME, GENDER, DATE_OF_BIRTH, NATIONALITY, PASSPORT_NUMBER, EMAIL, PHONE, FF_NUMBER, TIER_ID, TOTAL_MILES, JOIN_DATE) VALUES (83, 'Mehmet', 'Yilmaz', 'M', TO_DATE('12-DEC-1974', 'DD-MON-YYYY'), 'Turkish', 'TR5678902', 'm.yilmaz@email.tr', '+90-212-567-8902', 'FF100083', 4, 172300, TO_DATE('25-APR-2010', 'DD-MON-YYYY'));
INSERT INTO  PASSENGERS (PASSENGER_ID, FIRST_NAME, LAST_NAME, GENDER, DATE_OF_BIRTH, NATIONALITY, PASSPORT_NUMBER, EMAIL, PHONE, FF_NUMBER, TIER_ID, TOTAL_MILES, JOIN_DATE) VALUES (84, 'Ayse', 'Kaya', 'F', TO_DATE('29-JUL-1988', 'DD-MON-YYYY'), 'Turkish', 'TR6789013', 'a.kaya@email.tr', '+90-212-678-9013', 'FF100084', 3, 61800, TO_DATE('10-NOV-2015', 'DD-MON-YYYY'));
INSERT INTO  PASSENGERS (PASSENGER_ID, FIRST_NAME, LAST_NAME, GENDER, DATE_OF_BIRTH, NATIONALITY, PASSPORT_NUMBER, EMAIL, PHONE, FF_NUMBER, TIER_ID, TOTAL_MILES, JOIN_DATE) VALUES (85, 'Sven', 'Lindgren', 'M', TO_DATE('16-MAY-1976', 'DD-MON-YYYY'), 'Swedish', 'SE7890124', 's.lindgren@email.se', '+46-8-789-0124', 'FF100085', 3, 78300, TO_DATE('22-JUN-2013', 'DD-MON-YYYY'));
INSERT INTO  PASSENGERS (PASSENGER_ID, FIRST_NAME, LAST_NAME, GENDER, DATE_OF_BIRTH, NATIONALITY, PASSPORT_NUMBER, EMAIL, PHONE, FF_NUMBER, TIER_ID, TOTAL_MILES, JOIN_DATE) VALUES (86, 'Ingrid', 'Larsson', 'F', TO_DATE('03-OCT-1989', 'DD-MON-YYYY'), 'Swedish', 'SE8901235', 'i.larsson@email.se', '+46-8-890-1235', 'FF100086', 2, 34500, TO_DATE('07-MAR-2018', 'DD-MON-YYYY'));
INSERT INTO  PASSENGERS (PASSENGER_ID, FIRST_NAME, LAST_NAME, GENDER, DATE_OF_BIRTH, NATIONALITY, PASSPORT_NUMBER, EMAIL, PHONE, FF_NUMBER, TIER_ID, TOTAL_MILES, JOIN_DATE) VALUES (87, 'Andrei', 'Popescu', 'M', TO_DATE('21-JAN-1982', 'DD-MON-YYYY'), 'Romanian', 'RO9012346', 'a.popescu@email.ro', '+40-21-901-2346', 'FF100087', 1, 12300, TO_DATE('14-AUG-2020', 'DD-MON-YYYY'));
INSERT INTO  PASSENGERS (PASSENGER_ID, FIRST_NAME, LAST_NAME, GENDER, DATE_OF_BIRTH, NATIONALITY, PASSPORT_NUMBER, EMAIL, PHONE, FF_NUMBER, TIER_ID, TOTAL_MILES, JOIN_DATE) VALUES (88, 'Maria', 'Ionescu', 'F', TO_DATE('08-JUN-1995', 'DD-MON-YYYY'), 'Romanian', 'RO0123457', 'm.ionescu@email.ro', '+40-21-012-3457', 'FF100088', 1, 3700, TO_DATE('29-JAN-2022', 'DD-MON-YYYY'));
INSERT INTO  PASSENGERS (PASSENGER_ID, FIRST_NAME, LAST_NAME, GENDER, DATE_OF_BIRTH, NATIONALITY, PASSPORT_NUMBER, EMAIL, PHONE, FF_NUMBER, TIER_ID, TOTAL_MILES, JOIN_DATE) VALUES (89, 'Nikos', 'Papadopoulos', 'M', TO_DATE('25-FEB-1973', 'DD-MON-YYYY'), 'Greek', 'GR1234568', 'n.papadopoulos@email.gr', '+30-21-123-4568', 'FF100089', 3, 68900, TO_DATE('03-OCT-2014', 'DD-MON-YYYY'));
INSERT INTO  PASSENGERS (PASSENGER_ID, FIRST_NAME, LAST_NAME, GENDER, DATE_OF_BIRTH, NATIONALITY, PASSPORT_NUMBER, EMAIL, PHONE, FF_NUMBER, TIER_ID, TOTAL_MILES, JOIN_DATE) VALUES (90, 'Elena', 'Stavros', 'F', TO_DATE('13-SEP-1986', 'DD-MON-YYYY'), 'Greek', 'GR2345679', 'e.stavros@email.gr', '+30-21-234-5679', 'FF100090', 2, 41800, TO_DATE('19-MAY-2017', 'DD-MON-YYYY'));
INSERT INTO  PASSENGERS (PASSENGER_ID, FIRST_NAME, LAST_NAME, GENDER, DATE_OF_BIRTH, NATIONALITY, PASSPORT_NUMBER, EMAIL, PHONE, FF_NUMBER, TIER_ID, TOTAL_MILES, JOIN_DATE) VALUES (91, 'Karim', 'Benali', 'M', TO_DATE('30-APR-1980', 'DD-MON-YYYY'), 'Moroccan', 'MA3456780', 'k.benali@email.ma', '+212-5-345-6780', 'FF100091', 3, 57200, TO_DATE('06-FEB-2015', 'DD-MON-YYYY'));
INSERT INTO  PASSENGERS (PASSENGER_ID, FIRST_NAME, LAST_NAME, GENDER, DATE_OF_BIRTH, NATIONALITY, PASSPORT_NUMBER, EMAIL, PHONE, FF_NUMBER, TIER_ID, TOTAL_MILES, JOIN_DATE) VALUES (92, 'Zineb', 'Tahiri', 'F', TO_DATE('17-NOV-1993', 'DD-MON-YYYY'), 'Moroccan', 'MA4567891', 'z.tahiri@email.ma', '+212-5-456-7891', 'FF100092', 1, 6100, TO_DATE('21-AUG-2021', 'DD-MON-YYYY'));
INSERT INTO  PASSENGERS (PASSENGER_ID, FIRST_NAME, LAST_NAME, GENDER, DATE_OF_BIRTH, NATIONALITY, PASSPORT_NUMBER, EMAIL, PHONE, FF_NUMBER, TIER_ID, TOTAL_MILES, JOIN_DATE) VALUES (93, 'Emre', 'Arslan', 'M', TO_DATE('04-AUG-1977', 'DD-MON-YYYY'), 'Turkish', 'TR7890124', 'e.arslan@email.tr', '+90-212-789-0124', 'FF100093', 4, 145600, TO_DATE('15-NOV-2011', 'DD-MON-YYYY'));
INSERT INTO  PASSENGERS (PASSENGER_ID, FIRST_NAME, LAST_NAME, GENDER, DATE_OF_BIRTH, NATIONALITY, PASSPORT_NUMBER, EMAIL, PHONE, FF_NUMBER, TIER_ID, TOTAL_MILES, JOIN_DATE) VALUES (94, 'Sibel', 'Celik', 'F', TO_DATE('21-MAR-1991', 'DD-MON-YYYY'), 'Turkish', 'TR8901235', 's.celik@email.tr', '+90-212-890-1235', 'FF100094', 2, 37800, TO_DATE('04-JUL-2018', 'DD-MON-YYYY'));
INSERT INTO  PASSENGERS (PASSENGER_ID, FIRST_NAME, LAST_NAME, GENDER, DATE_OF_BIRTH, NATIONALITY, PASSPORT_NUMBER, EMAIL, PHONE, FF_NUMBER, TIER_ID, TOTAL_MILES, JOIN_DATE) VALUES (95, 'Nguyen', 'Van-Minh', 'M', TO_DATE('08-DEC-1979', 'DD-MON-YYYY'), 'Vietnamese', 'VN9012346', 'n.vanminh@email.vn', '+84-24-901-2346', 'FF100095', 3, 63500, TO_DATE('28-SEP-2015', 'DD-MON-YYYY'));
INSERT INTO  PASSENGERS (PASSENGER_ID, FIRST_NAME, LAST_NAME, GENDER, DATE_OF_BIRTH, NATIONALITY, PASSPORT_NUMBER, EMAIL, PHONE, FF_NUMBER, TIER_ID, TOTAL_MILES, JOIN_DATE) VALUES (96, 'Tran', 'Thi-Lan', 'F', TO_DATE('25-JUN-1992', 'DD-MON-YYYY'), 'Vietnamese', 'VN0123457', 't.thilan@email.vn', '+84-24-012-3457', 'FF100096', 1, 9400, TO_DATE('12-APR-2021', 'DD-MON-YYYY'));
INSERT INTO  PASSENGERS (PASSENGER_ID, FIRST_NAME, LAST_NAME, GENDER, DATE_OF_BIRTH, NATIONALITY, PASSPORT_NUMBER, EMAIL, PHONE, FF_NUMBER, TIER_ID, TOTAL_MILES, JOIN_DATE) VALUES (97, 'Ibrahim', 'El-Amin', 'M', TO_DATE('11-JAN-1968', 'DD-MON-YYYY'), 'Sudanese', 'SD1234568', 'i.elamin@email.sd', '+249-91-123-4568', 'FF100097', 2, 23800, TO_DATE('07-JUN-2019', 'DD-MON-YYYY'));
INSERT INTO  PASSENGERS (PASSENGER_ID, FIRST_NAME, LAST_NAME, GENDER, DATE_OF_BIRTH, NATIONALITY, PASSPORT_NUMBER, EMAIL, PHONE, FF_NUMBER, TIER_ID, TOTAL_MILES, JOIN_DATE) VALUES (98, 'Hind', 'Osman', 'F', TO_DATE('28-AUG-1984', 'DD-MON-YYYY'), 'Sudanese', 'SD2345679', 'h.osman@email.sd', '+249-91-234-5679', 'FF100098', 1, 7200, TO_DATE('23-DEC-2020', 'DD-MON-YYYY'));
INSERT INTO  PASSENGERS (PASSENGER_ID, FIRST_NAME, LAST_NAME, GENDER, DATE_OF_BIRTH, NATIONALITY, PASSPORT_NUMBER, EMAIL, PHONE, FF_NUMBER, TIER_ID, TOTAL_MILES, JOIN_DATE) VALUES (99, 'Mohamed', 'El-Deeb', 'M', TO_DATE('15-MAY-1976', 'DD-MON-YYYY'), 'Egyptian', 'A55555555', NULL, '+20-10-5555-5555', 'FF100099', 3, 54300, TO_DATE('09-MAR-2015', 'DD-MON-YYYY'));
INSERT INTO  PASSENGERS (PASSENGER_ID, FIRST_NAME, LAST_NAME, GENDER, DATE_OF_BIRTH, NATIONALITY, PASSPORT_NUMBER, EMAIL, PHONE, FF_NUMBER, TIER_ID, TOTAL_MILES, JOIN_DATE) VALUES (100, 'Fatma', 'El-Zahraa', 'F', TO_DATE('02-SEP-1982', 'DD-MON-YYYY'), 'Egyptian', 'B66666666', 'fatma.elzahraa@email.com', NULL, 'FF100100', 4, 109800, TO_DATE('17-JAN-2012', 'DD-MON-YYYY'));
INSERT INTO  PASSENGERS (PASSENGER_ID, FIRST_NAME, LAST_NAME, GENDER, DATE_OF_BIRTH, NATIONALITY, PASSPORT_NUMBER, EMAIL, PHONE, FF_NUMBER, TIER_ID, TOTAL_MILES, JOIN_DATE) VALUES (101, 'Sherif', 'El-Masri', 'M', TO_DATE('19-DEC-1990', 'DD-MON-YYYY'), 'Egyptian', 'C77777777', 'sherif.elmasri@email.com', '+20-12-7777-0001', 'FF100101', 2, 28100, TO_DATE('03-OCT-2019', 'DD-MON-YYYY'));
INSERT INTO  PASSENGERS (PASSENGER_ID, FIRST_NAME, LAST_NAME, GENDER, DATE_OF_BIRTH, NATIONALITY, PASSPORT_NUMBER, EMAIL, PHONE, FF_NUMBER, TIER_ID, TOTAL_MILES, JOIN_DATE) VALUES (102, 'Dalia', 'Fouad', 'F', TO_DATE('06-JUL-1987', 'DD-MON-YYYY'), 'Egyptian', 'D88888888', 'dalia.fouad@email.com', '+20-10-8888-0002', 'FF100102', 3, 71600, TO_DATE('18-JUN-2014', 'DD-MON-YYYY'));
INSERT INTO  PASSENGERS (PASSENGER_ID, FIRST_NAME, LAST_NAME, GENDER, DATE_OF_BIRTH, NATIONALITY, PASSPORT_NUMBER, EMAIL, PHONE, FF_NUMBER, TIER_ID, TOTAL_MILES, JOIN_DATE) VALUES (103, 'Essam', 'Badran', 'M', TO_DATE('23-FEB-1973', 'DD-MON-YYYY'), 'Egyptian', 'E99999990', 'essam.b@email.com', '+20-11-9999-0003', 'FF100103', 4, 133700, TO_DATE('25-APR-2011', 'DD-MON-YYYY'));
INSERT INTO  PASSENGERS (PASSENGER_ID, FIRST_NAME, LAST_NAME, GENDER, DATE_OF_BIRTH, NATIONALITY, PASSPORT_NUMBER, EMAIL, PHONE, FF_NUMBER, TIER_ID, TOTAL_MILES, JOIN_DATE) VALUES (104, 'Soha', 'Mansour', 'F', TO_DATE('10-OCT-1996', 'DD-MON-YYYY'), 'Egyptian', 'F00000001', 'soha.m@email.com', '+20-12-0000-0004', 'FF100104', 1, 4800, TO_DATE('30-JUL-2022', 'DD-MON-YYYY'));
INSERT INTO  PASSENGERS (PASSENGER_ID, FIRST_NAME, LAST_NAME, GENDER, DATE_OF_BIRTH, NATIONALITY, PASSPORT_NUMBER, EMAIL, PHONE, FF_NUMBER, TIER_ID, TOTAL_MILES, JOIN_DATE) VALUES (105, 'Gamal', 'Hosny', 'M', TO_DATE('27-MAY-1971', 'DD-MON-YYYY'), 'Egyptian', 'G11111110', 'g.hosny@email.com', '+20-10-1111-0005', 'FF100105', 5, 221400, TO_DATE('12-NOV-2007', 'DD-MON-YYYY'));
INSERT INTO  PASSENGERS (PASSENGER_ID, FIRST_NAME, LAST_NAME, GENDER, DATE_OF_BIRTH, NATIONALITY, PASSPORT_NUMBER, EMAIL, PHONE, FF_NUMBER, TIER_ID, TOTAL_MILES, JOIN_DATE) VALUES (106, 'Mervat', 'Nazih', 'F', TO_DATE('14-JAN-1984', 'DD-MON-YYYY'), 'Egyptian', 'H22222221', 'mervat.n@email.com', '+20-11-2222-0006', 'FF100106', 3, 65200, TO_DATE('08-AUG-2015', 'DD-MON-YYYY'));
INSERT INTO  PASSENGERS (PASSENGER_ID, FIRST_NAME, LAST_NAME, GENDER, DATE_OF_BIRTH, NATIONALITY, PASSPORT_NUMBER, EMAIL, PHONE, FF_NUMBER, TIER_ID, TOTAL_MILES, JOIN_DATE) VALUES (107, 'Ashraf', 'Talaat', 'M', TO_DATE('01-AUG-1978', 'DD-MON-YYYY'), 'Egyptian', 'I33333332', 'ashraf.t@email.com', '+20-12-3333-0007', 'FF100107', 4, 178300, TO_DATE('14-FEB-2012', 'DD-MON-YYYY'));
INSERT INTO  PASSENGERS (PASSENGER_ID, FIRST_NAME, LAST_NAME, GENDER, DATE_OF_BIRTH, NATIONALITY, PASSPORT_NUMBER, EMAIL, PHONE, FF_NUMBER, TIER_ID, TOTAL_MILES, JOIN_DATE) VALUES (108, 'Nevine', 'Fayek', 'F', TO_DATE('18-APR-1995', 'DD-MON-YYYY'), 'Egyptian', 'J44444443', 'nevine.f@email.com', '+20-10-4444-0008', 'FF100108', 1, 2600, TO_DATE('05-MAY-2023', 'DD-MON-YYYY'));
INSERT INTO  PASSENGERS (PASSENGER_ID, FIRST_NAME, LAST_NAME, GENDER, DATE_OF_BIRTH, NATIONALITY, PASSPORT_NUMBER, EMAIL, PHONE, FF_NUMBER, TIER_ID, TOTAL_MILES, JOIN_DATE) VALUES (109, 'Magdy', 'El-Wakil', 'M', TO_DATE('05-NOV-1967', 'DD-MON-YYYY'), 'Egyptian', 'K55555554', 'm.elwakil@email.com', '+20-11-5555-0009', 'FF100109', 5, 298700, TO_DATE('20-SEP-2004', 'DD-MON-YYYY'));
INSERT INTO  PASSENGERS (PASSENGER_ID, FIRST_NAME, LAST_NAME, GENDER, DATE_OF_BIRTH, NATIONALITY, PASSPORT_NUMBER, EMAIL, PHONE, FF_NUMBER, TIER_ID, TOTAL_MILES, JOIN_DATE) VALUES (110, 'Hala', 'Rizk', 'F', TO_DATE('22-JUN-1981', 'DD-MON-YYYY'), 'Egyptian', 'L66666665', 'hala.rizk@email.com', '+20-12-6666-0010', 'FF100110', 3, 84100, TO_DATE('27-MAR-2013', 'DD-MON-YYYY'));
INSERT INTO  PASSENGERS (PASSENGER_ID, FIRST_NAME, LAST_NAME, GENDER, DATE_OF_BIRTH, NATIONALITY, PASSPORT_NUMBER, EMAIL, PHONE, FF_NUMBER, TIER_ID, TOTAL_MILES, JOIN_DATE) VALUES (111, 'Wafaa', 'Labib', 'F', TO_DATE('09-MAR-1979', 'DD-MON-YYYY'), 'Egyptian', 'M77777776', 'wafaa.l@email.com', '+20-10-7777-0011', 'FF100111', 4, 161200, TO_DATE('11-OCT-2011', 'DD-MON-YYYY'));
INSERT INTO  PASSENGERS (PASSENGER_ID, FIRST_NAME, LAST_NAME, GENDER, DATE_OF_BIRTH, NATIONALITY, PASSPORT_NUMBER, EMAIL, PHONE, FF_NUMBER, TIER_ID, TOTAL_MILES, JOIN_DATE) VALUES (112, 'Hesham', 'El-Gazzar', 'M', TO_DATE('26-OCT-1986', 'DD-MON-YYYY'), 'Egyptian', 'N88888887', 'h.elgazzar@email.com', '+20-11-8888-0012', 'FF100112', 2, 38600, TO_DATE('06-JAN-2018', 'DD-MON-YYYY'));
INSERT INTO  PASSENGERS (PASSENGER_ID, FIRST_NAME, LAST_NAME, GENDER, DATE_OF_BIRTH, NATIONALITY, PASSPORT_NUMBER, EMAIL, PHONE, FF_NUMBER, TIER_ID, TOTAL_MILES, JOIN_DATE) VALUES (113, 'Rasha', 'Abdallah', 'F', TO_DATE('13-JUL-1993', 'DD-MON-YYYY'), 'Egyptian', 'O99999998', 'rasha.a@email.com', '+20-12-9999-0013', 'FF100113', 1, 7100, TO_DATE('21-AUG-2021', 'DD-MON-YYYY'));
INSERT INTO  PASSENGERS (PASSENGER_ID, FIRST_NAME, LAST_NAME, GENDER, DATE_OF_BIRTH, NATIONALITY, PASSPORT_NUMBER, EMAIL, PHONE, FF_NUMBER, TIER_ID, TOTAL_MILES, JOIN_DATE) VALUES (114, 'Sherif', 'Gamal', 'M', TO_DATE('30-JAN-1975', 'DD-MON-YYYY'), 'Egyptian', 'P00000009', 'sherif.gamal@email.com', '+20-10-0000-0014', 'FF100114', 3, 59800, TO_DATE('18-DEC-2015', 'DD-MON-YYYY'));
INSERT INTO  PASSENGERS (PASSENGER_ID, FIRST_NAME, LAST_NAME, GENDER, DATE_OF_BIRTH, NATIONALITY, PASSPORT_NUMBER, EMAIL, PHONE, FF_NUMBER, TIER_ID, TOTAL_MILES, JOIN_DATE) VALUES (115, 'Hanaa', 'El-Salam', 'F', TO_DATE('17-AUG-1989', 'DD-MON-YYYY'), 'Egyptian', 'Q11111120', 'hanaa.s@email.com', '+20-11-1111-0015', 'FF100115', 2, 33900, TO_DATE('04-SEP-2019', 'DD-MON-YYYY'));
INSERT INTO  PASSENGERS (PASSENGER_ID, FIRST_NAME, LAST_NAME, GENDER, DATE_OF_BIRTH, NATIONALITY, PASSPORT_NUMBER, EMAIL, PHONE, FF_NUMBER, TIER_ID, TOTAL_MILES, JOIN_DATE) VALUES (116, 'Tariq', 'El-Hawary', 'M', TO_DATE('04-DEC-1983', 'DD-MON-YYYY'), 'Egyptian', 'R22222231', 't.elhawary@email.com', '+20-12-2222-0016', 'FF100116', 4, 144500, TO_DATE('22-JUL-2012', 'DD-MON-YYYY'));
INSERT INTO  PASSENGERS (PASSENGER_ID, FIRST_NAME, LAST_NAME, GENDER, DATE_OF_BIRTH, NATIONALITY, PASSPORT_NUMBER, EMAIL, PHONE, FF_NUMBER, TIER_ID, TOTAL_MILES, JOIN_DATE) VALUES (117, 'Enas', 'Gabr', 'F', TO_DATE('21-MAY-1997', 'DD-MON-YYYY'), 'Egyptian', 'S33333342', 'enas.g@email.com', '+20-10-3333-0017', 'FF100117', 1, 1500, TO_DATE('10-FEB-2023', 'DD-MON-YYYY'));
INSERT INTO  PASSENGERS (PASSENGER_ID, FIRST_NAME, LAST_NAME, GENDER, DATE_OF_BIRTH, NATIONALITY, PASSPORT_NUMBER, EMAIL, PHONE, FF_NUMBER, TIER_ID, TOTAL_MILES, JOIN_DATE) VALUES (118, 'Usama', 'El-Komy', 'M', TO_DATE('08-FEB-1974', 'DD-MON-YYYY'), 'Egyptian', 'T44444453', 'u.elkomy@email.com', '+20-11-4444-0018', 'FF100118', 5, 267800, TO_DATE('15-APR-2006', 'DD-MON-YYYY'));
INSERT INTO  PASSENGERS (PASSENGER_ID, FIRST_NAME, LAST_NAME, GENDER, DATE_OF_BIRTH, NATIONALITY, PASSPORT_NUMBER, EMAIL, PHONE, FF_NUMBER, TIER_ID, TOTAL_MILES, JOIN_DATE) VALUES (119, 'Samira', 'Hamdi', 'F', TO_DATE('25-SEP-1988', 'DD-MON-YYYY'), 'Egyptian', 'U55555564', 'samira.h@email.com', '+20-12-5555-0019', 'FF100119', 3, 70400, TO_DATE('01-NOV-2014', 'DD-MON-YYYY'));
INSERT INTO  PASSENGERS (PASSENGER_ID, FIRST_NAME, LAST_NAME, GENDER, DATE_OF_BIRTH, NATIONALITY, PASSPORT_NUMBER, EMAIL, PHONE, FF_NUMBER, TIER_ID, TOTAL_MILES, JOIN_DATE) VALUES (120, 'Taha', 'El-Badry', 'M', TO_DATE('12-APR-1992', 'DD-MON-YYYY'), 'Egyptian', 'V66666675', 'taha.b@email.com', '+20-10-6666-0020', 'FF100120', 2, 25100, TO_DATE('28-JUN-2020', 'DD-MON-YYYY'));
COMMIT;


INSERT INTO  RESERVATIONS (RESERVATION_ID, PASSENGER_ID, FLIGHT_ID, FARE_CLASS_ID, CHANNEL_ID, SEAT_NUMBER, BOOKING_DATE, PAYMENT_METHOD, AMOUNT_PAID, MILES_EARNED, MILES_REDEEMED, PROMO_ID, IS_UPGRADE, STATUS) VALUES (1, 1, 1, 3, 1, '10B', TO_DATE('28-DEC-2023', 'DD-MON-YYYY'), 'CREDIT_CARD', 1240, 1500, 0, 3, 'N', 'COMPLETED');
INSERT INTO  RESERVATIONS (RESERVATION_ID, PASSENGER_ID, FLIGHT_ID, FARE_CLASS_ID, CHANNEL_ID, SEAT_NUMBER, BOOKING_DATE, PAYMENT_METHOD, AMOUNT_PAID, MILES_EARNED, MILES_REDEEMED, PROMO_ID, IS_UPGRADE, STATUS) VALUES (2, 3, 2, 5, 4, '2A', TO_DATE('30-DEC-2023', 'DD-MON-YYYY'), 'CREDIT_CARD', 2800, 8400, 0, NULL, 'N', 'COMPLETED');
INSERT INTO  RESERVATIONS (RESERVATION_ID, PASSENGER_ID, FLIGHT_ID, FARE_CLASS_ID, CHANNEL_ID, SEAT_NUMBER, BOOKING_DATE, PAYMENT_METHOD, AMOUNT_PAID, MILES_EARNED, MILES_REDEEMED, PROMO_ID, IS_UPGRADE, STATUS) VALUES (3, 5, 3, 3, 1, '15C', TO_DATE('31-DEC-2023', 'DD-MON-YYYY'), 'MILES', 0, 0, 15000, NULL, 'N', 'COMPLETED');
INSERT INTO  RESERVATIONS (RESERVATION_ID, PASSENGER_ID, FLIGHT_ID, FARE_CLASS_ID, CHANNEL_ID, SEAT_NUMBER, BOOKING_DATE, PAYMENT_METHOD, AMOUNT_PAID, MILES_EARNED, MILES_REDEEMED, PROMO_ID, IS_UPGRADE, STATUS) VALUES (4, 9, 4, 1, 2, '22F', TO_DATE('01-JAN-2024', 'DD-MON-YYYY'), 'CREDIT_CARD', 420, 210, 0, NULL, 'N', 'COMPLETED');
INSERT INTO  RESERVATIONS (RESERVATION_ID, PASSENGER_ID, FLIGHT_ID, FARE_CLASS_ID, CHANNEL_ID, SEAT_NUMBER, BOOKING_DATE, PAYMENT_METHOD, AMOUNT_PAID, MILES_EARNED, MILES_REDEEMED, PROMO_ID, IS_UPGRADE, STATUS) VALUES (5, 13, 5, 4, 4, '8B', TO_DATE('02-JAN-2024', 'DD-MON-YYYY'), 'CREDIT_CARD', 585, 877, 0, NULL, 'N', 'COMPLETED');
INSERT INTO  RESERVATIONS (RESERVATION_ID, PASSENGER_ID, FLIGHT_ID, FARE_CLASS_ID, CHANNEL_ID, SEAT_NUMBER, BOOKING_DATE, PAYMENT_METHOD, AMOUNT_PAID, MILES_EARNED, MILES_REDEEMED, PROMO_ID, IS_UPGRADE, STATUS) VALUES (6, 17, 6, 1, 1, '34A', TO_DATE('03-JAN-2024', 'DD-MON-YYYY'), 'DEBIT_CARD', 147, 73, 0, NULL, 'N', 'COMPLETED');
INSERT INTO  RESERVATIONS (RESERVATION_ID, PASSENGER_ID, FLIGHT_ID, FARE_CLASS_ID, CHANNEL_ID, SEAT_NUMBER, BOOKING_DATE, PAYMENT_METHOD, AMOUNT_PAID, MILES_EARNED, MILES_REDEEMED, PROMO_ID, IS_UPGRADE, STATUS) VALUES (7, 19, 7, 2, 2, '45C', TO_DATE('04-JAN-2024', 'DD-MON-YYYY'), 'CREDIT_CARD', 196, 49, 0, NULL, 'N', 'COMPLETED');
INSERT INTO  RESERVATIONS (RESERVATION_ID, PASSENGER_ID, FLIGHT_ID, FARE_CLASS_ID, CHANNEL_ID, SEAT_NUMBER, BOOKING_DATE, PAYMENT_METHOD, AMOUNT_PAID, MILES_EARNED, MILES_REDEEMED, PROMO_ID, IS_UPGRADE, STATUS) VALUES (8, 29, 8, 5, 4, '1A', TO_DATE('05-JAN-2024', 'DD-MON-YYYY'), 'CREDIT_CARD', 3600, 21600, 0, NULL, 'N', 'COMPLETED');
INSERT INTO  RESERVATIONS (RESERVATION_ID, PASSENGER_ID, FLIGHT_ID, FARE_CLASS_ID, CHANNEL_ID, SEAT_NUMBER, BOOKING_DATE, PAYMENT_METHOD, AMOUNT_PAID, MILES_EARNED, MILES_REDEEMED, PROMO_ID, IS_UPGRADE, STATUS) VALUES (9, 25, 9, 3, 3, '12B', TO_DATE('06-JAN-2024', 'DD-MON-YYYY'), 'CREDIT_CARD', 1900, 3800, 0, NULL, 'N', 'COMPLETED');
INSERT INTO  RESERVATIONS (RESERVATION_ID, PASSENGER_ID, FLIGHT_ID, FARE_CLASS_ID, CHANNEL_ID, SEAT_NUMBER, BOOKING_DATE, PAYMENT_METHOD, AMOUNT_PAID, MILES_EARNED, MILES_REDEEMED, PROMO_ID, IS_UPGRADE, STATUS) VALUES (10, 45, 10, 1, 1, '33D', TO_DATE('07-JAN-2024', 'DD-MON-YYYY'), 'CREDIT_CARD', 820, 0, 0, NULL, 'N', 'CANCELLED');
INSERT INTO  RESERVATIONS (RESERVATION_ID, PASSENGER_ID, FLIGHT_ID, FARE_CLASS_ID, CHANNEL_ID, SEAT_NUMBER, BOOKING_DATE, PAYMENT_METHOD, AMOUNT_PAID, MILES_EARNED, MILES_REDEEMED, PROMO_ID, IS_UPGRADE, STATUS) VALUES (11, 6, 11, 3, 2, '18B', TO_DATE('08-JAN-2024', 'DD-MON-YYYY'), 'CREDIT_CARD', 1500, 3000, 0, NULL, 'N', 'COMPLETED');
INSERT INTO  RESERVATIONS (RESERVATION_ID, PASSENGER_ID, FLIGHT_ID, FARE_CLASS_ID, CHANNEL_ID, SEAT_NUMBER, BOOKING_DATE, PAYMENT_METHOD, AMOUNT_PAID, MILES_EARNED, MILES_REDEEMED, PROMO_ID, IS_UPGRADE, STATUS) VALUES (12, 14, 12, 5, 4, '2B', TO_DATE('09-JAN-2024', 'DD-MON-YYYY'), 'CREDIT_CARD', 3800, 22800, 0, NULL, 'N', 'COMPLETED');
INSERT INTO  RESERVATIONS (RESERVATION_ID, PASSENGER_ID, FLIGHT_ID, FARE_CLASS_ID, CHANNEL_ID, SEAT_NUMBER, BOOKING_DATE, PAYMENT_METHOD, AMOUNT_PAID, MILES_EARNED, MILES_REDEEMED, PROMO_ID, IS_UPGRADE, STATUS) VALUES (13, 27, 13, 3, 1, '20C', TO_DATE('10-JAN-2024', 'DD-MON-YYYY'), 'CREDIT_CARD', 1350, 2700, 0, NULL, 'N', 'COMPLETED');
INSERT INTO  RESERVATIONS (RESERVATION_ID, PASSENGER_ID, FLIGHT_ID, FARE_CLASS_ID, CHANNEL_ID, SEAT_NUMBER, BOOKING_DATE, PAYMENT_METHOD, AMOUNT_PAID, MILES_EARNED, MILES_REDEEMED, PROMO_ID, IS_UPGRADE, STATUS) VALUES (14, 35, 14, 4, 3, '9C', TO_DATE('11-JAN-2024', 'DD-MON-YYYY'), 'CREDIT_CARD', 480, 960, 0, NULL, 'N', 'COMPLETED');
INSERT INTO  RESERVATIONS (RESERVATION_ID, PASSENGER_ID, FLIGHT_ID, FARE_CLASS_ID, CHANNEL_ID, SEAT_NUMBER, BOOKING_DATE, PAYMENT_METHOD, AMOUNT_PAID, MILES_EARNED, MILES_REDEEMED, PROMO_ID, IS_UPGRADE, STATUS) VALUES (15, 61, 15, 1, 2, '55E', TO_DATE('12-JAN-2024', 'DD-MON-YYYY'), 'CREDIT_CARD', 180, 45, 0, NULL, 'N', 'COMPLETED');
INSERT INTO  RESERVATIONS (RESERVATION_ID, PASSENGER_ID, FLIGHT_ID, FARE_CLASS_ID, CHANNEL_ID, SEAT_NUMBER, BOOKING_DATE, PAYMENT_METHOD, AMOUNT_PAID, MILES_EARNED, MILES_REDEEMED, PROMO_ID, IS_UPGRADE, STATUS) VALUES (16, 2, 16, 1, 1, '40B', TO_DATE('13-JAN-2024', 'DD-MON-YYYY'), 'DEBIT_CARD', 195, 97, 0, NULL, 'N', 'COMPLETED');
INSERT INTO  RESERVATIONS (RESERVATION_ID, PASSENGER_ID, FLIGHT_ID, FARE_CLASS_ID, CHANNEL_ID, SEAT_NUMBER, BOOKING_DATE, PAYMENT_METHOD, AMOUNT_PAID, MILES_EARNED, MILES_REDEEMED, PROMO_ID, IS_UPGRADE, STATUS) VALUES (17, 8, 17, 2, 5, '88D', TO_DATE('14-JAN-2024', 'DD-MON-YYYY'), 'CREDIT_CARD', 55, 13, 0, NULL, 'N', 'COMPLETED');
INSERT INTO  RESERVATIONS (RESERVATION_ID, PASSENGER_ID, FLIGHT_ID, FARE_CLASS_ID, CHANNEL_ID, SEAT_NUMBER, BOOKING_DATE, PAYMENT_METHOD, AMOUNT_PAID, MILES_EARNED, MILES_REDEEMED, PROMO_ID, IS_UPGRADE, STATUS) VALUES (18, 12, 18, 3, 2, '25B', TO_DATE('15-JAN-2024', 'DD-MON-YYYY'), 'CREDIT_CARD', 600, 1200, 0, NULL, 'N', 'COMPLETED');
INSERT INTO  RESERVATIONS (RESERVATION_ID, PASSENGER_ID, FLIGHT_ID, FARE_CLASS_ID, CHANNEL_ID, SEAT_NUMBER, BOOKING_DATE, PAYMENT_METHOD, AMOUNT_PAID, MILES_EARNED, MILES_REDEEMED, PROMO_ID, IS_UPGRADE, STATUS) VALUES (19, 21, 19, 1, 1, '50F', TO_DATE('16-JAN-2024', 'DD-MON-YYYY'), 'CREDIT_CARD', 310, 155, 0, NULL, 'N', 'COMPLETED');
INSERT INTO  RESERVATIONS (RESERVATION_ID, PASSENGER_ID, FLIGHT_ID, FARE_CLASS_ID, CHANNEL_ID, SEAT_NUMBER, BOOKING_DATE, PAYMENT_METHOD, AMOUNT_PAID, MILES_EARNED, MILES_REDEEMED, PROMO_ID, IS_UPGRADE, STATUS) VALUES (20, 33, 20, 2, 4, '77A', TO_DATE('17-JAN-2024', 'DD-MON-YYYY'), 'MILES', 0, 0, 8000, NULL, 'N', 'COMPLETED');
INSERT INTO  RESERVATIONS (RESERVATION_ID, PASSENGER_ID, FLIGHT_ID, FARE_CLASS_ID, CHANNEL_ID, SEAT_NUMBER, BOOKING_DATE, PAYMENT_METHOD, AMOUNT_PAID, MILES_EARNED, MILES_REDEEMED, PROMO_ID, IS_UPGRADE, STATUS) VALUES (21, 41, 21, 1, 1, '60C', TO_DATE('18-JAN-2024', 'DD-MON-YYYY'), 'CREDIT_CARD', 390, 97, 0, NULL, 'N', 'COMPLETED');
INSERT INTO  RESERVATIONS (RESERVATION_ID, PASSENGER_ID, FLIGHT_ID, FARE_CLASS_ID, CHANNEL_ID, SEAT_NUMBER, BOOKING_DATE, PAYMENT_METHOD, AMOUNT_PAID, MILES_EARNED, MILES_REDEEMED, PROMO_ID, IS_UPGRADE, STATUS) VALUES (22, 43, 22, 3, 3, '22B', TO_DATE('19-JAN-2024', 'DD-MON-YYYY'), 'CREDIT_CARD', 1170, 2340, 0, NULL, 'Y', 'COMPLETED');
INSERT INTO  RESERVATIONS (RESERVATION_ID, PASSENGER_ID, FLIGHT_ID, FARE_CLASS_ID, CHANNEL_ID, SEAT_NUMBER, BOOKING_DATE, PAYMENT_METHOD, AMOUNT_PAID, MILES_EARNED, MILES_REDEEMED, PROMO_ID, IS_UPGRADE, STATUS) VALUES (23, 47, 23, 1, 2, '70D', TO_DATE('20-JAN-2024', 'DD-MON-YYYY'), 'DEBIT_CARD', 210, 52, 0, NULL, 'N', 'COMPLETED');
INSERT INTO  RESERVATIONS (RESERVATION_ID, PASSENGER_ID, FLIGHT_ID, FARE_CLASS_ID, CHANNEL_ID, SEAT_NUMBER, BOOKING_DATE, PAYMENT_METHOD, AMOUNT_PAID, MILES_EARNED, MILES_REDEEMED, PROMO_ID, IS_UPGRADE, STATUS) VALUES (24, 49, 24, 5, 4, '3A', TO_DATE('21-JAN-2024', 'DD-MON-YYYY'), 'CREDIT_CARD', 3600, 21600, 0, NULL, 'N', 'COMPLETED');
INSERT INTO  RESERVATIONS (RESERVATION_ID, PASSENGER_ID, FLIGHT_ID, FARE_CLASS_ID, CHANNEL_ID, SEAT_NUMBER, BOOKING_DATE, PAYMENT_METHOD, AMOUNT_PAID, MILES_EARNED, MILES_REDEEMED, PROMO_ID, IS_UPGRADE, STATUS) VALUES (25, 53, 25, 3, 1, '15B', TO_DATE('22-JAN-2024', 'DD-MON-YYYY'), 'CREDIT_CARD', 900, 0, 0, NULL, 'N', 'CANCELLED');
INSERT INTO  RESERVATIONS (RESERVATION_ID, PASSENGER_ID, FLIGHT_ID, FARE_CLASS_ID, CHANNEL_ID, SEAT_NUMBER, BOOKING_DATE, PAYMENT_METHOD, AMOUNT_PAID, MILES_EARNED, MILES_REDEEMED, PROMO_ID, IS_UPGRADE, STATUS) VALUES (26, 55, 26, 4, 3, '11C', TO_DATE('23-JAN-2024', 'DD-MON-YYYY'), 'CREDIT_CARD', 900, 1800, 0, NULL, 'N', 'COMPLETED');
INSERT INTO  RESERVATIONS (RESERVATION_ID, PASSENGER_ID, FLIGHT_ID, FARE_CLASS_ID, CHANNEL_ID, SEAT_NUMBER, BOOKING_DATE, PAYMENT_METHOD, AMOUNT_PAID, MILES_EARNED, MILES_REDEEMED, PROMO_ID, IS_UPGRADE, STATUS) VALUES (27, 59, 27, 1, 2, '44E', TO_DATE('24-JAN-2024', 'DD-MON-YYYY'), 'CREDIT_CARD', 180, 45, 0, NULL, 'N', 'COMPLETED');
INSERT INTO  RESERVATIONS (RESERVATION_ID, PASSENGER_ID, FLIGHT_ID, FARE_CLASS_ID, CHANNEL_ID, SEAT_NUMBER, BOOKING_DATE, PAYMENT_METHOD, AMOUNT_PAID, MILES_EARNED, MILES_REDEEMED, PROMO_ID, IS_UPGRADE, STATUS) VALUES (28, 63, 28, 2, 1, '66F', TO_DATE('25-JAN-2024', 'DD-MON-YYYY'), 'DEBIT_CARD', 156, 39, 0, NULL, 'N', 'COMPLETED');
INSERT INTO  RESERVATIONS (RESERVATION_ID, PASSENGER_ID, FLIGHT_ID, FARE_CLASS_ID, CHANNEL_ID, SEAT_NUMBER, BOOKING_DATE, PAYMENT_METHOD, AMOUNT_PAID, MILES_EARNED, MILES_REDEEMED, PROMO_ID, IS_UPGRADE, STATUS) VALUES (29, 65, 29, 3, 4, '19B', TO_DATE('26-JAN-2024', 'DD-MON-YYYY'), 'CREDIT_CARD', 525, 1050, 0, NULL, 'N', 'COMPLETED');
INSERT INTO  RESERVATIONS (RESERVATION_ID, PASSENGER_ID, FLIGHT_ID, FARE_CLASS_ID, CHANNEL_ID, SEAT_NUMBER, BOOKING_DATE, PAYMENT_METHOD, AMOUNT_PAID, MILES_EARNED, MILES_REDEEMED, PROMO_ID, IS_UPGRADE, STATUS) VALUES (30, 77, 30, 3, 2, '23B', TO_DATE('27-JAN-2024', 'DD-MON-YYYY'), 'CREDIT_CARD', 600, 1200, 0, NULL, 'N', 'COMPLETED');
INSERT INTO  RESERVATIONS (RESERVATION_ID, PASSENGER_ID, FLIGHT_ID, FARE_CLASS_ID, CHANNEL_ID, SEAT_NUMBER, BOOKING_DATE, PAYMENT_METHOD, AMOUNT_PAID, MILES_EARNED, MILES_REDEEMED, PROMO_ID, IS_UPGRADE, STATUS) VALUES (31, 1, 31, 3, 1, '10C', TO_DATE('28-JAN-2024', 'DD-MON-YYYY'), 'CREDIT_CARD', 1240, 1500, 0, NULL, 'N', 'COMPLETED');
INSERT INTO  RESERVATIONS (RESERVATION_ID, PASSENGER_ID, FLIGHT_ID, FARE_CLASS_ID, CHANNEL_ID, SEAT_NUMBER, BOOKING_DATE, PAYMENT_METHOD, AMOUNT_PAID, MILES_EARNED, MILES_REDEEMED, PROMO_ID, IS_UPGRADE, STATUS) VALUES (32, 3, 32, 5, 4, '1B', TO_DATE('29-JAN-2024', 'DD-MON-YYYY'), 'CREDIT_CARD', 2800, 8400, 0, NULL, 'N', 'COMPLETED');
INSERT INTO  RESERVATIONS (RESERVATION_ID, PASSENGER_ID, FLIGHT_ID, FARE_CLASS_ID, CHANNEL_ID, SEAT_NUMBER, BOOKING_DATE, PAYMENT_METHOD, AMOUNT_PAID, MILES_EARNED, MILES_REDEEMED, PROMO_ID, IS_UPGRADE, STATUS) VALUES (33, 5, 33, 2, 2, '28A', TO_DATE('30-JAN-2024', 'DD-MON-YYYY'), 'MILES', 0, 0, 4000, NULL, 'N', 'COMPLETED');
INSERT INTO  RESERVATIONS (RESERVATION_ID, PASSENGER_ID, FLIGHT_ID, FARE_CLASS_ID, CHANNEL_ID, SEAT_NUMBER, BOOKING_DATE, PAYMENT_METHOD, AMOUNT_PAID, MILES_EARNED, MILES_REDEEMED, PROMO_ID, IS_UPGRADE, STATUS) VALUES (34, 9, 34, 1, 3, '35B', TO_DATE('31-JAN-2024', 'DD-MON-YYYY'), 'CREDIT_CARD', 390, 97, 0, NULL, 'N', 'COMPLETED');
INSERT INTO  RESERVATIONS (RESERVATION_ID, PASSENGER_ID, FLIGHT_ID, FARE_CLASS_ID, CHANNEL_ID, SEAT_NUMBER, BOOKING_DATE, PAYMENT_METHOD, AMOUNT_PAID, MILES_EARNED, MILES_REDEEMED, PROMO_ID, IS_UPGRADE, STATUS) VALUES (35, 11, 35, 1, 1, '40C', TO_DATE('01-FEB-2024', 'DD-MON-YYYY'), 'DEBIT_CARD', 210, 52, 0, NULL, 'N', 'COMPLETED');
INSERT INTO  RESERVATIONS (RESERVATION_ID, PASSENGER_ID, FLIGHT_ID, FARE_CLASS_ID, CHANNEL_ID, SEAT_NUMBER, BOOKING_DATE, PAYMENT_METHOD, AMOUNT_PAID, MILES_EARNED, MILES_REDEEMED, PROMO_ID, IS_UPGRADE, STATUS) VALUES (36, 13, 36, 4, 4, '8C', TO_DATE('02-FEB-2024', 'DD-MON-YYYY'), 'CREDIT_CARD', 800, 1600, 0, NULL, 'Y', 'COMPLETED');
INSERT INTO  RESERVATIONS (RESERVATION_ID, PASSENGER_ID, FLIGHT_ID, FARE_CLASS_ID, CHANNEL_ID, SEAT_NUMBER, BOOKING_DATE, PAYMENT_METHOD, AMOUNT_PAID, MILES_EARNED, MILES_REDEEMED, PROMO_ID, IS_UPGRADE, STATUS) VALUES (37, 17, 37, 5, 1, '1A', TO_DATE('03-FEB-2024', 'DD-MON-YYYY'), 'CREDIT_CARD', 3600, 21600, 0, NULL, 'N', 'COMPLETED');
INSERT INTO  RESERVATIONS (RESERVATION_ID, PASSENGER_ID, FLIGHT_ID, FARE_CLASS_ID, CHANNEL_ID, SEAT_NUMBER, BOOKING_DATE, PAYMENT_METHOD, AMOUNT_PAID, MILES_EARNED, MILES_REDEEMED, PROMO_ID, IS_UPGRADE, STATUS) VALUES (38, 19, 38, 3, 3, '22C', TO_DATE('04-FEB-2024', 'DD-MON-YYYY'), 'CREDIT_CARD', 620, 1240, 0, NULL, 'N', 'COMPLETED');
INSERT INTO  RESERVATIONS (RESERVATION_ID, PASSENGER_ID, FLIGHT_ID, FARE_CLASS_ID, CHANNEL_ID, SEAT_NUMBER, BOOKING_DATE, PAYMENT_METHOD, AMOUNT_PAID, MILES_EARNED, MILES_REDEEMED, PROMO_ID, IS_UPGRADE, STATUS) VALUES (39, 23, 39, 4, 2, '14C', TO_DATE('05-FEB-2024', 'DD-MON-YYYY'), 'CREDIT_CARD', 870, 1740, 0, NULL, 'N', 'COMPLETED');
INSERT INTO  RESERVATIONS (RESERVATION_ID, PASSENGER_ID, FLIGHT_ID, FARE_CLASS_ID, CHANNEL_ID, SEAT_NUMBER, BOOKING_DATE, PAYMENT_METHOD, AMOUNT_PAID, MILES_EARNED, MILES_REDEEMED, PROMO_ID, IS_UPGRADE, STATUS) VALUES (40, 25, 40, 1, 1, '30D', TO_DATE('06-FEB-2024', 'DD-MON-YYYY'), 'CREDIT_CARD', 140, 35, 0, NULL, 'N', 'COMPLETED');
INSERT INTO  RESERVATIONS (RESERVATION_ID, PASSENGER_ID, FLIGHT_ID, FARE_CLASS_ID, CHANNEL_ID, SEAT_NUMBER, BOOKING_DATE, PAYMENT_METHOD, AMOUNT_PAID, MILES_EARNED, MILES_REDEEMED, PROMO_ID, IS_UPGRADE, STATUS) VALUES (41, 29, 41, 5, 4, '2A', TO_DATE('07-FEB-2024', 'DD-MON-YYYY'), 'CREDIT_CARD', 4500, 27000, 0, 4, 'N', 'COMPLETED');
INSERT INTO  RESERVATIONS (RESERVATION_ID, PASSENGER_ID, FLIGHT_ID, FARE_CLASS_ID, CHANNEL_ID, SEAT_NUMBER, BOOKING_DATE, PAYMENT_METHOD, AMOUNT_PAID, MILES_EARNED, MILES_REDEEMED, PROMO_ID, IS_UPGRADE, STATUS) VALUES (42, 31, 42, 3, 3, '16B', TO_DATE('08-FEB-2024', 'DD-MON-YYYY'), 'CREDIT_CARD', 1350, 2700, 0, NULL, 'N', 'COMPLETED');
INSERT INTO  RESERVATIONS (RESERVATION_ID, PASSENGER_ID, FLIGHT_ID, FARE_CLASS_ID, CHANNEL_ID, SEAT_NUMBER, BOOKING_DATE, PAYMENT_METHOD, AMOUNT_PAID, MILES_EARNED, MILES_REDEEMED, PROMO_ID, IS_UPGRADE, STATUS) VALUES (43, 33, 43, 1, 1, '50A', TO_DATE('09-FEB-2024', 'DD-MON-YYYY'), 'DEBIT_CARD', 180, 45, 0, NULL, 'N', 'COMPLETED');
INSERT INTO  RESERVATIONS (RESERVATION_ID, PASSENGER_ID, FLIGHT_ID, FARE_CLASS_ID, CHANNEL_ID, SEAT_NUMBER, BOOKING_DATE, PAYMENT_METHOD, AMOUNT_PAID, MILES_EARNED, MILES_REDEEMED, PROMO_ID, IS_UPGRADE, STATUS) VALUES (44, 35, 44, 2, 2, '35D', TO_DATE('10-FEB-2024', 'DD-MON-YYYY'), 'CREDIT_CARD', 195, 48, 0, NULL, 'N', 'COMPLETED');
INSERT INTO  RESERVATIONS (RESERVATION_ID, PASSENGER_ID, FLIGHT_ID, FARE_CLASS_ID, CHANNEL_ID, SEAT_NUMBER, BOOKING_DATE, PAYMENT_METHOD, AMOUNT_PAID, MILES_EARNED, MILES_REDEEMED, PROMO_ID, IS_UPGRADE, STATUS) VALUES (45, 37, 45, 1, 5, '60E', TO_DATE('11-FEB-2024', 'DD-MON-YYYY'), 'CREDIT_CARD', 220, 55, 0, NULL, 'N', 'COMPLETED');
INSERT INTO  RESERVATIONS (RESERVATION_ID, PASSENGER_ID, FLIGHT_ID, FARE_CLASS_ID, CHANNEL_ID, SEAT_NUMBER, BOOKING_DATE, PAYMENT_METHOD, AMOUNT_PAID, MILES_EARNED, MILES_REDEEMED, PROMO_ID, IS_UPGRADE, STATUS) VALUES (46, 39, 46, 1, 1, '45B', TO_DATE('12-FEB-2024', 'DD-MON-YYYY'), 'CREDIT_CARD', 195, 0, 0, NULL, 'N', 'CANCELLED');
INSERT INTO  RESERVATIONS (RESERVATION_ID, PASSENGER_ID, FLIGHT_ID, FARE_CLASS_ID, CHANNEL_ID, SEAT_NUMBER, BOOKING_DATE, PAYMENT_METHOD, AMOUNT_PAID, MILES_EARNED, MILES_REDEEMED, PROMO_ID, IS_UPGRADE, STATUS) VALUES (47, 41, 47, 3, 3, '22D', TO_DATE('13-FEB-2024', 'DD-MON-YYYY'), 'CREDIT_CARD', 2280, 4560, 0, NULL, 'N', 'COMPLETED');
INSERT INTO  RESERVATIONS (RESERVATION_ID, PASSENGER_ID, FLIGHT_ID, FARE_CLASS_ID, CHANNEL_ID, SEAT_NUMBER, BOOKING_DATE, PAYMENT_METHOD, AMOUNT_PAID, MILES_EARNED, MILES_REDEEMED, PROMO_ID, IS_UPGRADE, STATUS) VALUES (48, 43, 48, 3, 2, '21B', TO_DATE('14-FEB-2024', 'DD-MON-YYYY'), 'CREDIT_CARD', 525, 1050, 0, NULL, 'Y', 'COMPLETED');
INSERT INTO  RESERVATIONS (RESERVATION_ID, PASSENGER_ID, FLIGHT_ID, FARE_CLASS_ID, CHANNEL_ID, SEAT_NUMBER, BOOKING_DATE, PAYMENT_METHOD, AMOUNT_PAID, MILES_EARNED, MILES_REDEEMED, PROMO_ID, IS_UPGRADE, STATUS) VALUES (49, 45, 49, 3, 4, '24B', TO_DATE('15-FEB-2024', 'DD-MON-YYYY'), 'CREDIT_CARD', 600, 1200, 0, NULL, 'N', 'COMPLETED');
INSERT INTO  RESERVATIONS (RESERVATION_ID, PASSENGER_ID, FLIGHT_ID, FARE_CLASS_ID, CHANNEL_ID, SEAT_NUMBER, BOOKING_DATE, PAYMENT_METHOD, AMOUNT_PAID, MILES_EARNED, MILES_REDEEMED, PROMO_ID, IS_UPGRADE, STATUS) VALUES (50, 47, 50, 1, 1, '38C', TO_DATE('16-FEB-2024', 'DD-MON-YYYY'), 'DEBIT_CARD', 150, 37, 0, NULL, 'N', 'COMPLETED');
INSERT INTO  RESERVATIONS (RESERVATION_ID, PASSENGER_ID, FLIGHT_ID, FARE_CLASS_ID, CHANNEL_ID, SEAT_NUMBER, BOOKING_DATE, PAYMENT_METHOD, AMOUNT_PAID, MILES_EARNED, MILES_REDEEMED, PROMO_ID, IS_UPGRADE, STATUS) VALUES (51, 4, 51, 6, 2, '80D', TO_DATE('17-FEB-2024', 'DD-MON-YYYY'), 'CREDIT_CARD', 196, 49, 0, 5, 'N', 'COMPLETED');
INSERT INTO  RESERVATIONS (RESERVATION_ID, PASSENGER_ID, FLIGHT_ID, FARE_CLASS_ID, CHANNEL_ID, SEAT_NUMBER, BOOKING_DATE, PAYMENT_METHOD, AMOUNT_PAID, MILES_EARNED, MILES_REDEEMED, PROMO_ID, IS_UPGRADE, STATUS) VALUES (52, 7, 52, 5, 4, '3B', TO_DATE('18-FEB-2024', 'DD-MON-YYYY'), 'CREDIT_CARD', 4500, 27000, 0, NULL, 'N', 'COMPLETED');
INSERT INTO  RESERVATIONS (RESERVATION_ID, PASSENGER_ID, FLIGHT_ID, FARE_CLASS_ID, CHANNEL_ID, SEAT_NUMBER, BOOKING_DATE, PAYMENT_METHOD, AMOUNT_PAID, MILES_EARNED, MILES_REDEEMED, PROMO_ID, IS_UPGRADE, STATUS) VALUES (53, 10, 53, 1, 1, '45E', TO_DATE('19-FEB-2024', 'DD-MON-YYYY'), 'DEBIT_CARD', 360, 90, 0, NULL, 'N', 'COMPLETED');
INSERT INTO  RESERVATIONS (RESERVATION_ID, PASSENGER_ID, FLIGHT_ID, FARE_CLASS_ID, CHANNEL_ID, SEAT_NUMBER, BOOKING_DATE, PAYMENT_METHOD, AMOUNT_PAID, MILES_EARNED, MILES_REDEEMED, PROMO_ID, IS_UPGRADE, STATUS) VALUES (54, 16, 54, 2, 3, '29C', TO_DATE('20-FEB-2024', 'DD-MON-YYYY'), 'CREDIT_CARD', 195, 48, 0, NULL, 'N', 'COMPLETED');
INSERT INTO  RESERVATIONS (RESERVATION_ID, PASSENGER_ID, FLIGHT_ID, FARE_CLASS_ID, CHANNEL_ID, SEAT_NUMBER, BOOKING_DATE, PAYMENT_METHOD, AMOUNT_PAID, MILES_EARNED, MILES_REDEEMED, PROMO_ID, IS_UPGRADE, STATUS) VALUES (55, 20, 55, 1, 5, '65A', TO_DATE('21-FEB-2024', 'DD-MON-YYYY'), 'CREDIT_CARD', 180, 45, 0, NULL, 'N', 'COMPLETED');
INSERT INTO  RESERVATIONS (RESERVATION_ID, PASSENGER_ID, FLIGHT_ID, FARE_CLASS_ID, CHANNEL_ID, SEAT_NUMBER, BOOKING_DATE, PAYMENT_METHOD, AMOUNT_PAID, MILES_EARNED, MILES_REDEEMED, PROMO_ID, IS_UPGRADE, STATUS) VALUES (56, 22, 56, 3, 1, '18C', TO_DATE('22-FEB-2024', 'DD-MON-YYYY'), 'CREDIT_CARD', 1350, 2700, 0, NULL, 'N', 'COMPLETED');
INSERT INTO  RESERVATIONS (RESERVATION_ID, PASSENGER_ID, FLIGHT_ID, FARE_CLASS_ID, CHANNEL_ID, SEAT_NUMBER, BOOKING_DATE, PAYMENT_METHOD, AMOUNT_PAID, MILES_EARNED, MILES_REDEEMED, PROMO_ID, IS_UPGRADE, STATUS) VALUES (57, 26, 57, 4, 2, '12D', TO_DATE('23-FEB-2024', 'DD-MON-YYYY'), 'CREDIT_CARD', 900, 1800, 0, NULL, 'N', 'COMPLETED');
INSERT INTO  RESERVATIONS (RESERVATION_ID, PASSENGER_ID, FLIGHT_ID, FARE_CLASS_ID, CHANNEL_ID, SEAT_NUMBER, BOOKING_DATE, PAYMENT_METHOD, AMOUNT_PAID, MILES_EARNED, MILES_REDEEMED, PROMO_ID, IS_UPGRADE, STATUS) VALUES (58, 28, 58, 1, 4, '70B', TO_DATE('24-FEB-2024', 'DD-MON-YYYY'), 'MILES', 0, 0, 5000, NULL, 'N', 'COMPLETED');
INSERT INTO  RESERVATIONS (RESERVATION_ID, PASSENGER_ID, FLIGHT_ID, FARE_CLASS_ID, CHANNEL_ID, SEAT_NUMBER, BOOKING_DATE, PAYMENT_METHOD, AMOUNT_PAID, MILES_EARNED, MILES_REDEEMED, PROMO_ID, IS_UPGRADE, STATUS) VALUES (59, 30, 59, 1, 1, '55C', TO_DATE('25-FEB-2024', 'DD-MON-YYYY'), 'DEBIT_CARD', 180, 45, 0, NULL, 'N', 'COMPLETED');
INSERT INTO  RESERVATIONS (RESERVATION_ID, PASSENGER_ID, FLIGHT_ID, FARE_CLASS_ID, CHANNEL_ID, SEAT_NUMBER, BOOKING_DATE, PAYMENT_METHOD, AMOUNT_PAID, MILES_EARNED, MILES_REDEEMED, PROMO_ID, IS_UPGRADE, STATUS) VALUES (60, 32, 60, 2, 3, '44D', TO_DATE('26-FEB-2024', 'DD-MON-YYYY'), 'CREDIT_CARD', 110, 27, 0, 2, 'N', 'COMPLETED');
INSERT INTO  RESERVATIONS (RESERVATION_ID, PASSENGER_ID, FLIGHT_ID, FARE_CLASS_ID, CHANNEL_ID, SEAT_NUMBER, BOOKING_DATE, PAYMENT_METHOD, AMOUNT_PAID, MILES_EARNED, MILES_REDEEMED, PROMO_ID, IS_UPGRADE, STATUS) VALUES (61, 34, 61, 3, 2, '20C', TO_DATE('27-FEB-2024', 'DD-MON-YYYY'), 'CREDIT_CARD', 780, 1560, 0, NULL, 'N', 'COMPLETED');
INSERT INTO  RESERVATIONS (RESERVATION_ID, PASSENGER_ID, FLIGHT_ID, FARE_CLASS_ID, CHANNEL_ID, SEAT_NUMBER, BOOKING_DATE, PAYMENT_METHOD, AMOUNT_PAID, MILES_EARNED, MILES_REDEEMED, PROMO_ID, IS_UPGRADE, STATUS) VALUES (62, 36, 62, 2, 1, '40E', TO_DATE('28-FEB-2024', 'DD-MON-YYYY'), 'CREDIT_CARD', 224, 56, 0, NULL, 'N', 'COMPLETED');
INSERT INTO  RESERVATIONS (RESERVATION_ID, PASSENGER_ID, FLIGHT_ID, FARE_CLASS_ID, CHANNEL_ID, SEAT_NUMBER, BOOKING_DATE, PAYMENT_METHOD, AMOUNT_PAID, MILES_EARNED, MILES_REDEEMED, PROMO_ID, IS_UPGRADE, STATUS) VALUES (63, 38, 63, 3, 4, '19C', TO_DATE('01-MAR-2024', 'DD-MON-YYYY'), 'CREDIT_CARD', 525, 1050, 0, 7, 'N', 'COMPLETED');
INSERT INTO  RESERVATIONS (RESERVATION_ID, PASSENGER_ID, FLIGHT_ID, FARE_CLASS_ID, CHANNEL_ID, SEAT_NUMBER, BOOKING_DATE, PAYMENT_METHOD, AMOUNT_PAID, MILES_EARNED, MILES_REDEEMED, PROMO_ID, IS_UPGRADE, STATUS) VALUES (64, 40, 64, 3, 3, '25C', TO_DATE('02-MAR-2024', 'DD-MON-YYYY'), 'CREDIT_CARD', 600, 1200, 0, 7, 'N', 'COMPLETED');
INSERT INTO  RESERVATIONS (RESERVATION_ID, PASSENGER_ID, FLIGHT_ID, FARE_CLASS_ID, CHANNEL_ID, SEAT_NUMBER, BOOKING_DATE, PAYMENT_METHOD, AMOUNT_PAID, MILES_EARNED, MILES_REDEEMED, PROMO_ID, IS_UPGRADE, STATUS) VALUES (65, 42, 65, 1, 1, '60B', TO_DATE('03-MAR-2024', 'DD-MON-YYYY'), 'DEBIT_CARD', 210, 52, 0, NULL, 'N', 'COMPLETED');
INSERT INTO  RESERVATIONS (RESERVATION_ID, PASSENGER_ID, FLIGHT_ID, FARE_CLASS_ID, CHANNEL_ID, SEAT_NUMBER, BOOKING_DATE, PAYMENT_METHOD, AMOUNT_PAID, MILES_EARNED, MILES_REDEEMED, PROMO_ID, IS_UPGRADE, STATUS) VALUES (66, 44, 66, 1, 2, '38D', TO_DATE('04-MAR-2024', 'DD-MON-YYYY'), 'CREDIT_CARD', 195, 48, 0, NULL, 'N', 'COMPLETED');
INSERT INTO  RESERVATIONS (RESERVATION_ID, PASSENGER_ID, FLIGHT_ID, FARE_CLASS_ID, CHANNEL_ID, SEAT_NUMBER, BOOKING_DATE, PAYMENT_METHOD, AMOUNT_PAID, MILES_EARNED, MILES_REDEEMED, PROMO_ID, IS_UPGRADE, STATUS) VALUES (67, 46, 67, 1, 5, '75A', TO_DATE('05-MAR-2024', 'DD-MON-YYYY'), 'CREDIT_CARD', 220, 55, 0, 7, 'N', 'COMPLETED');
INSERT INTO  RESERVATIONS (RESERVATION_ID, PASSENGER_ID, FLIGHT_ID, FARE_CLASS_ID, CHANNEL_ID, SEAT_NUMBER, BOOKING_DATE, PAYMENT_METHOD, AMOUNT_PAID, MILES_EARNED, MILES_REDEEMED, PROMO_ID, IS_UPGRADE, STATUS) VALUES (68, 48, 68, 1, 1, '42B', TO_DATE('06-MAR-2024', 'DD-MON-YYYY'), 'DEBIT_CARD', 140, 35, 0, NULL, 'N', 'COMPLETED');
INSERT INTO  RESERVATIONS (RESERVATION_ID, PASSENGER_ID, FLIGHT_ID, FARE_CLASS_ID, CHANNEL_ID, SEAT_NUMBER, BOOKING_DATE, PAYMENT_METHOD, AMOUNT_PAID, MILES_EARNED, MILES_REDEEMED, PROMO_ID, IS_UPGRADE, STATUS) VALUES (69, 50, 69, 1, 3, '55D', TO_DATE('07-MAR-2024', 'DD-MON-YYYY'), 'CREDIT_CARD', 112, 28, 0, NULL, 'N', 'COMPLETED');
INSERT INTO  RESERVATIONS (RESERVATION_ID, PASSENGER_ID, FLIGHT_ID, FARE_CLASS_ID, CHANNEL_ID, SEAT_NUMBER, BOOKING_DATE, PAYMENT_METHOD, AMOUNT_PAID, MILES_EARNED, MILES_REDEEMED, PROMO_ID, IS_UPGRADE, STATUS) VALUES (70, 52, 70, 3, 4, '20B', TO_DATE('08-MAR-2024', 'DD-MON-YYYY'), 'CREDIT_CARD', 1560, 3120, 0, NULL, 'Y', 'COMPLETED');
INSERT INTO  RESERVATIONS (RESERVATION_ID, PASSENGER_ID, FLIGHT_ID, FARE_CLASS_ID, CHANNEL_ID, SEAT_NUMBER, BOOKING_DATE, PAYMENT_METHOD, AMOUNT_PAID, MILES_EARNED, MILES_REDEEMED, PROMO_ID, IS_UPGRADE, STATUS) VALUES (71, 54, 71, 3, 2, '18D', TO_DATE('09-MAR-2024', 'DD-MON-YYYY'), 'CREDIT_CARD', 1240, 1500, 0, NULL, 'N', 'COMPLETED');
INSERT INTO  RESERVATIONS (RESERVATION_ID, PASSENGER_ID, FLIGHT_ID, FARE_CLASS_ID, CHANNEL_ID, SEAT_NUMBER, BOOKING_DATE, PAYMENT_METHOD, AMOUNT_PAID, MILES_EARNED, MILES_REDEEMED, PROMO_ID, IS_UPGRADE, STATUS) VALUES (72, 56, 72, 4, 1, '10D', TO_DATE('10-MAR-2024', 'DD-MON-YYYY'), 'CREDIT_CARD', 930, 1860, 0, NULL, 'N', 'COMPLETED');
INSERT INTO  RESERVATIONS (RESERVATION_ID, PASSENGER_ID, FLIGHT_ID, FARE_CLASS_ID, CHANNEL_ID, SEAT_NUMBER, BOOKING_DATE, PAYMENT_METHOD, AMOUNT_PAID, MILES_EARNED, MILES_REDEEMED, PROMO_ID, IS_UPGRADE, STATUS) VALUES (73, 58, 73, 1, 3, '50C', TO_DATE('11-MAR-2024', 'DD-MON-YYYY'), 'DEBIT_CARD', 360, 90, 0, NULL, 'N', 'COMPLETED');
INSERT INTO  RESERVATIONS (RESERVATION_ID, PASSENGER_ID, FLIGHT_ID, FARE_CLASS_ID, CHANNEL_ID, SEAT_NUMBER, BOOKING_DATE, PAYMENT_METHOD, AMOUNT_PAID, MILES_EARNED, MILES_REDEEMED, PROMO_ID, IS_UPGRADE, STATUS) VALUES (74, 60, 74, 2, 4, '34B', TO_DATE('12-MAR-2024', 'DD-MON-YYYY'), 'CREDIT_CARD', 195, 48, 0, NULL, 'N', 'COMPLETED');
INSERT INTO  RESERVATIONS (RESERVATION_ID, PASSENGER_ID, FLIGHT_ID, FARE_CLASS_ID, CHANNEL_ID, SEAT_NUMBER, BOOKING_DATE, PAYMENT_METHOD, AMOUNT_PAID, MILES_EARNED, MILES_REDEEMED, PROMO_ID, IS_UPGRADE, STATUS) VALUES (75, 62, 75, 1, 2, '62C', TO_DATE('13-MAR-2024', 'DD-MON-YYYY'), 'CREDIT_CARD', 390, 97, 0, NULL, 'N', 'COMPLETED');
INSERT INTO  RESERVATIONS (RESERVATION_ID, PASSENGER_ID, FLIGHT_ID, FARE_CLASS_ID, CHANNEL_ID, SEAT_NUMBER, BOOKING_DATE, PAYMENT_METHOD, AMOUNT_PAID, MILES_EARNED, MILES_REDEEMED, PROMO_ID, IS_UPGRADE, STATUS) VALUES (76, 64, 76, 5, 1, '4A', TO_DATE('14-MAR-2024', 'DD-MON-YYYY'), 'CREDIT_CARD', 4500, 27000, 0, NULL, 'N', 'COMPLETED');
INSERT INTO  RESERVATIONS (RESERVATION_ID, PASSENGER_ID, FLIGHT_ID, FARE_CLASS_ID, CHANNEL_ID, SEAT_NUMBER, BOOKING_DATE, PAYMENT_METHOD, AMOUNT_PAID, MILES_EARNED, MILES_REDEEMED, PROMO_ID, IS_UPGRADE, STATUS) VALUES (77, 66, 77, 3, 3, '22E', TO_DATE('15-MAR-2024', 'DD-MON-YYYY'), 'CREDIT_CARD', 900, 1800, 0, NULL, 'N', 'COMPLETED');
INSERT INTO  RESERVATIONS (RESERVATION_ID, PASSENGER_ID, FLIGHT_ID, FARE_CLASS_ID, CHANNEL_ID, SEAT_NUMBER, BOOKING_DATE, PAYMENT_METHOD, AMOUNT_PAID, MILES_EARNED, MILES_REDEEMED, PROMO_ID, IS_UPGRADE, STATUS) VALUES (78, 68, 78, 3, 4, '23C', TO_DATE('16-MAR-2024', 'DD-MON-YYYY'), 'CREDIT_CARD', 620, 1240, 0, NULL, 'N', 'COMPLETED');
INSERT INTO  RESERVATIONS (RESERVATION_ID, PASSENGER_ID, FLIGHT_ID, FARE_CLASS_ID, CHANNEL_ID, SEAT_NUMBER, BOOKING_DATE, PAYMENT_METHOD, AMOUNT_PAID, MILES_EARNED, MILES_REDEEMED, PROMO_ID, IS_UPGRADE, STATUS) VALUES (79, 1, 79, 4, 1, '11B', TO_DATE('17-MAR-2024', 'DD-MON-YYYY'), 'CREDIT_CARD', 870, 1740, 0, NULL, 'Y', 'COMPLETED');
INSERT INTO  RESERVATIONS (RESERVATION_ID, PASSENGER_ID, FLIGHT_ID, FARE_CLASS_ID, CHANNEL_ID, SEAT_NUMBER, BOOKING_DATE, PAYMENT_METHOD, AMOUNT_PAID, MILES_EARNED, MILES_REDEEMED, PROMO_ID, IS_UPGRADE, STATUS) VALUES (80, 5, 80, 1, 2, '56A', TO_DATE('18-MAR-2024', 'DD-MON-YYYY'), 'MILES', 0, 0, 3000, NULL, 'N', 'COMPLETED');
INSERT INTO  RESERVATIONS (RESERVATION_ID, PASSENGER_ID, FLIGHT_ID, FARE_CLASS_ID, CHANNEL_ID, SEAT_NUMBER, BOOKING_DATE, PAYMENT_METHOD, AMOUNT_PAID, MILES_EARNED, MILES_REDEEMED, PROMO_ID, IS_UPGRADE, STATUS) VALUES (81, 9, 81, 2, 3, '44C', TO_DATE('19-MAR-2024', 'DD-MON-YYYY'), 'CREDIT_CARD', 156, 39, 0, NULL, 'N', 'COMPLETED');
INSERT INTO  RESERVATIONS (RESERVATION_ID, PASSENGER_ID, FLIGHT_ID, FARE_CLASS_ID, CHANNEL_ID, SEAT_NUMBER, BOOKING_DATE, PAYMENT_METHOD, AMOUNT_PAID, MILES_EARNED, MILES_REDEEMED, PROMO_ID, IS_UPGRADE, STATUS) VALUES (82, 13, 82, 3, 4, '18E', TO_DATE('20-MAR-2024', 'DD-MON-YYYY'), 'CREDIT_CARD', 525, 1050, 0, NULL, 'N', 'COMPLETED');
INSERT INTO  RESERVATIONS (RESERVATION_ID, PASSENGER_ID, FLIGHT_ID, FARE_CLASS_ID, CHANNEL_ID, SEAT_NUMBER, BOOKING_DATE, PAYMENT_METHOD, AMOUNT_PAID, MILES_EARNED, MILES_REDEEMED, PROMO_ID, IS_UPGRADE, STATUS) VALUES (83, 17, 83, 3, 1, '24D', TO_DATE('21-MAR-2024', 'DD-MON-YYYY'), 'CREDIT_CARD', 600, 1200, 0, NULL, 'N', 'COMPLETED');
INSERT INTO  RESERVATIONS (RESERVATION_ID, PASSENGER_ID, FLIGHT_ID, FARE_CLASS_ID, CHANNEL_ID, SEAT_NUMBER, BOOKING_DATE, PAYMENT_METHOD, AMOUNT_PAID, MILES_EARNED, MILES_REDEEMED, PROMO_ID, IS_UPGRADE, STATUS) VALUES (84, 19, 84, 1, 2, '70C', TO_DATE('22-MAR-2024', 'DD-MON-YYYY'), 'DEBIT_CARD', 210, 52, 0, NULL, 'N', 'COMPLETED');
INSERT INTO  RESERVATIONS (RESERVATION_ID, PASSENGER_ID, FLIGHT_ID, FARE_CLASS_ID, CHANNEL_ID, SEAT_NUMBER, BOOKING_DATE, PAYMENT_METHOD, AMOUNT_PAID, MILES_EARNED, MILES_REDEEMED, PROMO_ID, IS_UPGRADE, STATUS) VALUES (85, 29, 85, 2, 4, '37A', TO_DATE('23-MAR-2024', 'DD-MON-YYYY'), 'CREDIT_CARD', 110, 27, 0, NULL, 'N', 'COMPLETED');
INSERT INTO  RESERVATIONS (RESERVATION_ID, PASSENGER_ID, FLIGHT_ID, FARE_CLASS_ID, CHANNEL_ID, SEAT_NUMBER, BOOKING_DATE, PAYMENT_METHOD, AMOUNT_PAID, MILES_EARNED, MILES_REDEEMED, PROMO_ID, IS_UPGRADE, STATUS) VALUES (86, 45, 86, 3, 3, '22F', TO_DATE('24-MAR-2024', 'DD-MON-YYYY'), 'CREDIT_CARD', 780, 1560, 0, NULL, 'N', 'COMPLETED');
INSERT INTO  RESERVATIONS (RESERVATION_ID, PASSENGER_ID, FLIGHT_ID, FARE_CLASS_ID, CHANNEL_ID, SEAT_NUMBER, BOOKING_DATE, PAYMENT_METHOD, AMOUNT_PAID, MILES_EARNED, MILES_REDEEMED, PROMO_ID, IS_UPGRADE, STATUS) VALUES (87, 61, 87, 5, 1, '2C', TO_DATE('25-MAR-2024', 'DD-MON-YYYY'), 'CREDIT_CARD', 4500, 27000, 0, 4, 'N', 'COMPLETED');
INSERT INTO  RESERVATIONS (RESERVATION_ID, PASSENGER_ID, FLIGHT_ID, FARE_CLASS_ID, CHANNEL_ID, SEAT_NUMBER, BOOKING_DATE, PAYMENT_METHOD, AMOUNT_PAID, MILES_EARNED, MILES_REDEEMED, PROMO_ID, IS_UPGRADE, STATUS) VALUES (88, 65, 88, 3, 4, '23D', TO_DATE('26-MAR-2024', 'DD-MON-YYYY'), 'CREDIT_CARD', 645, 1290, 0, NULL, 'N', 'COMPLETED');
INSERT INTO  RESERVATIONS (RESERVATION_ID, PASSENGER_ID, FLIGHT_ID, FARE_CLASS_ID, CHANNEL_ID, SEAT_NUMBER, BOOKING_DATE, PAYMENT_METHOD, AMOUNT_PAID, MILES_EARNED, MILES_REDEEMED, PROMO_ID, IS_UPGRADE, STATUS) VALUES (89, 3, 89, 3, 2, '15D', TO_DATE('27-MAR-2024', 'DD-MON-YYYY'), 'CREDIT_CARD', 1240, 1500, 0, NULL, 'N', 'COMPLETED');
INSERT INTO  RESERVATIONS (RESERVATION_ID, PASSENGER_ID, FLIGHT_ID, FARE_CLASS_ID, CHANNEL_ID, SEAT_NUMBER, BOOKING_DATE, PAYMENT_METHOD, AMOUNT_PAID, MILES_EARNED, MILES_REDEEMED, PROMO_ID, IS_UPGRADE, STATUS) VALUES (90, 25, 90, 5, 4, '1C', TO_DATE('28-MAR-2024', 'DD-MON-YYYY'), 'CREDIT_CARD', 3600, 21600, 0, NULL, 'N', 'COMPLETED');
INSERT INTO  RESERVATIONS (RESERVATION_ID, PASSENGER_ID, FLIGHT_ID, FARE_CLASS_ID, CHANNEL_ID, SEAT_NUMBER, BOOKING_DATE, PAYMENT_METHOD, AMOUNT_PAID, MILES_EARNED, MILES_REDEEMED, PROMO_ID, IS_UPGRADE, STATUS) VALUES (91, 53, 91, 1, 1, '30E', TO_DATE('29-MAR-2024', 'DD-MON-YYYY'), 'CREDIT_CARD', 820, 0, 0, NULL, 'N', 'CANCELLED');
INSERT INTO  RESERVATIONS (RESERVATION_ID, PASSENGER_ID, FLIGHT_ID, FARE_CLASS_ID, CHANNEL_ID, SEAT_NUMBER, BOOKING_DATE, PAYMENT_METHOD, AMOUNT_PAID, MILES_EARNED, MILES_REDEEMED, PROMO_ID, IS_UPGRADE, STATUS) VALUES (92, 77, 92, 2, 3, '36B', TO_DATE('30-MAR-2024', 'DD-MON-YYYY'), 'CREDIT_CARD', 168, 42, 0, NULL, 'N', 'COMPLETED');
INSERT INTO  RESERVATIONS (RESERVATION_ID, PASSENGER_ID, FLIGHT_ID, FARE_CLASS_ID, CHANNEL_ID, SEAT_NUMBER, BOOKING_DATE, PAYMENT_METHOD, AMOUNT_PAID, MILES_EARNED, MILES_REDEEMED, PROMO_ID, IS_UPGRADE, STATUS) VALUES (93, 79, 93, 1, 2, '54D', TO_DATE('31-MAR-2024', 'DD-MON-YYYY'), 'DEBIT_CARD', 390, 97, 0, NULL, 'N', 'COMPLETED');
INSERT INTO  RESERVATIONS (RESERVATION_ID, PASSENGER_ID, FLIGHT_ID, FARE_CLASS_ID, CHANNEL_ID, SEAT_NUMBER, BOOKING_DATE, PAYMENT_METHOD, AMOUNT_PAID, MILES_EARNED, MILES_REDEEMED, PROMO_ID, IS_UPGRADE, STATUS) VALUES (94, 1, 94, 5, 1, '3A', TO_DATE('01-APR-2024', 'DD-MON-YYYY'), 'CREDIT_CARD', 5600, 33600, 0, NULL, 'Y', 'COMPLETED');
INSERT INTO  RESERVATIONS (RESERVATION_ID, PASSENGER_ID, FLIGHT_ID, FARE_CLASS_ID, CHANNEL_ID, SEAT_NUMBER, BOOKING_DATE, PAYMENT_METHOD, AMOUNT_PAID, MILES_EARNED, MILES_REDEEMED, PROMO_ID, IS_UPGRADE, STATUS) VALUES (95, 5, 95, 4, 4, '9D', TO_DATE('02-APR-2024', 'DD-MON-YYYY'), 'CREDIT_CARD', 870, 1740, 0, NULL, 'N', 'COMPLETED');
INSERT INTO  RESERVATIONS (RESERVATION_ID, PASSENGER_ID, FLIGHT_ID, FARE_CLASS_ID, CHANNEL_ID, SEAT_NUMBER, BOOKING_DATE, PAYMENT_METHOD, AMOUNT_PAID, MILES_EARNED, MILES_REDEEMED, PROMO_ID, IS_UPGRADE, STATUS) VALUES (96, 9, 96, 3, 3, '21C', TO_DATE('03-APR-2024', 'DD-MON-YYYY'), 'CREDIT_CARD', 780, 1560, 0, NULL, 'N', 'COMPLETED');
INSERT INTO  RESERVATIONS (RESERVATION_ID, PASSENGER_ID, FLIGHT_ID, FARE_CLASS_ID, CHANNEL_ID, SEAT_NUMBER, BOOKING_DATE, PAYMENT_METHOD, AMOUNT_PAID, MILES_EARNED, MILES_REDEEMED, PROMO_ID, IS_UPGRADE, STATUS) VALUES (97, 13, 97, 1, 1, '45D', TO_DATE('04-APR-2024', 'DD-MON-YYYY'), 'DEBIT_CARD', 210, 52, 0, NULL, 'N', 'COMPLETED');
INSERT INTO  RESERVATIONS (RESERVATION_ID, PASSENGER_ID, FLIGHT_ID, FARE_CLASS_ID, CHANNEL_ID, SEAT_NUMBER, BOOKING_DATE, PAYMENT_METHOD, AMOUNT_PAID, MILES_EARNED, MILES_REDEEMED, PROMO_ID, IS_UPGRADE, STATUS) VALUES (98, 17, 98, 1, 2, '56B', TO_DATE('05-APR-2024', 'DD-MON-YYYY'), 'CREDIT_CARD', 180, 45, 0, NULL, 'N', 'COMPLETED');
INSERT INTO  RESERVATIONS (RESERVATION_ID, PASSENGER_ID, FLIGHT_ID, FARE_CLASS_ID, CHANNEL_ID, SEAT_NUMBER, BOOKING_DATE, PAYMENT_METHOD, AMOUNT_PAID, MILES_EARNED, MILES_REDEEMED, PROMO_ID, IS_UPGRADE, STATUS) VALUES (99, 19, 99, 2, 5, '44E', TO_DATE('06-APR-2024', 'DD-MON-YYYY'), 'CREDIT_CARD', 156, 39, 0, NULL, 'N', 'COMPLETED');
INSERT INTO  RESERVATIONS (RESERVATION_ID, PASSENGER_ID, FLIGHT_ID, FARE_CLASS_ID, CHANNEL_ID, SEAT_NUMBER, BOOKING_DATE, PAYMENT_METHOD, AMOUNT_PAID, MILES_EARNED, MILES_REDEEMED, PROMO_ID, IS_UPGRADE, STATUS) VALUES (100, 45, 100, 1, 3, '65C', TO_DATE('07-APR-2024', 'DD-MON-YYYY'), 'CREDIT_CARD', 220, 55, 0, NULL, 'N', 'COMPLETED');
INSERT INTO  RESERVATIONS (RESERVATION_ID, PASSENGER_ID, FLIGHT_ID, FARE_CLASS_ID, CHANNEL_ID, SEAT_NUMBER, BOOKING_DATE, PAYMENT_METHOD, AMOUNT_PAID, MILES_EARNED, MILES_REDEEMED, PROMO_ID, IS_UPGRADE, STATUS) VALUES (101, 2, 101, 2, 1, '42D', TO_DATE('08-APR-2024', 'DD-MON-YYYY'), 'DEBIT_CARD', 140, 35, 0, 8, 'N', 'COMPLETED');
INSERT INTO  RESERVATIONS (RESERVATION_ID, PASSENGER_ID, FLIGHT_ID, FARE_CLASS_ID, CHANNEL_ID, SEAT_NUMBER, BOOKING_DATE, PAYMENT_METHOD, AMOUNT_PAID, MILES_EARNED, MILES_REDEEMED, PROMO_ID, IS_UPGRADE, STATUS) VALUES (102, 6, 102, 3, 4, '20D', TO_DATE('09-APR-2024', 'DD-MON-YYYY'), 'CREDIT_CARD', 900, 1800, 0, 8, 'N', 'COMPLETED');
INSERT INTO  RESERVATIONS (RESERVATION_ID, PASSENGER_ID, FLIGHT_ID, FARE_CLASS_ID, CHANNEL_ID, SEAT_NUMBER, BOOKING_DATE, PAYMENT_METHOD, AMOUNT_PAID, MILES_EARNED, MILES_REDEEMED, PROMO_ID, IS_UPGRADE, STATUS) VALUES (103, 8, 103, 1, 2, '50D', TO_DATE('10-APR-2024', 'DD-MON-YYYY'), 'CREDIT_CARD', 270, 67, 0, 8, 'N', 'COMPLETED');
INSERT INTO  RESERVATIONS (RESERVATION_ID, PASSENGER_ID, FLIGHT_ID, FARE_CLASS_ID, CHANNEL_ID, SEAT_NUMBER, BOOKING_DATE, PAYMENT_METHOD, AMOUNT_PAID, MILES_EARNED, MILES_REDEEMED, PROMO_ID, IS_UPGRADE, STATUS) VALUES (104, 10, 104, 3, 3, '22G', TO_DATE('11-APR-2024', 'DD-MON-YYYY'), 'CREDIT_CARD', 620, 1240, 0, NULL, 'N', 'COMPLETED');
INSERT INTO  RESERVATIONS (RESERVATION_ID, PASSENGER_ID, FLIGHT_ID, FARE_CLASS_ID, CHANNEL_ID, SEAT_NUMBER, BOOKING_DATE, PAYMENT_METHOD, AMOUNT_PAID, MILES_EARNED, MILES_REDEEMED, PROMO_ID, IS_UPGRADE, STATUS) VALUES (105, 12, 105, 1, 1, '38E', TO_DATE('12-APR-2024', 'DD-MON-YYYY'), 'DEBIT_CARD', 390, 97, 0, NULL, 'N', 'COMPLETED');
INSERT INTO  RESERVATIONS (RESERVATION_ID, PASSENGER_ID, FLIGHT_ID, FARE_CLASS_ID, CHANNEL_ID, SEAT_NUMBER, BOOKING_DATE, PAYMENT_METHOD, AMOUNT_PAID, MILES_EARNED, MILES_REDEEMED, PROMO_ID, IS_UPGRADE, STATUS) VALUES (106, 14, 106, 2, 4, '36C', TO_DATE('13-APR-2024', 'DD-MON-YYYY'), 'CREDIT_CARD', 156, 39, 0, NULL, 'N', 'COMPLETED');
INSERT INTO  RESERVATIONS (RESERVATION_ID, PASSENGER_ID, FLIGHT_ID, FARE_CLASS_ID, CHANNEL_ID, SEAT_NUMBER, BOOKING_DATE, PAYMENT_METHOD, AMOUNT_PAID, MILES_EARNED, MILES_REDEEMED, PROMO_ID, IS_UPGRADE, STATUS) VALUES (107, 16, 107, 3, 2, '19D', TO_DATE('14-APR-2024', 'DD-MON-YYYY'), 'CREDIT_CARD', 525, 1050, 0, NULL, 'N', 'COMPLETED');
INSERT INTO  RESERVATIONS (RESERVATION_ID, PASSENGER_ID, FLIGHT_ID, FARE_CLASS_ID, CHANNEL_ID, SEAT_NUMBER, BOOKING_DATE, PAYMENT_METHOD, AMOUNT_PAID, MILES_EARNED, MILES_REDEEMED, PROMO_ID, IS_UPGRADE, STATUS) VALUES (108, 18, 108, 3, 1, '24E', TO_DATE('15-APR-2024', 'DD-MON-YYYY'), 'CREDIT_CARD', 600, 1200, 0, NULL, 'N', 'COMPLETED');
INSERT INTO  RESERVATIONS (RESERVATION_ID, PASSENGER_ID, FLIGHT_ID, FARE_CLASS_ID, CHANNEL_ID, SEAT_NUMBER, BOOKING_DATE, PAYMENT_METHOD, AMOUNT_PAID, MILES_EARNED, MILES_REDEEMED, PROMO_ID, IS_UPGRADE, STATUS) VALUES (109, 20, 109, 3, 3, '21D', TO_DATE('16-APR-2024', 'DD-MON-YYYY'), 'MILES', 0, 0, 6000, NULL, 'N', 'COMPLETED');
INSERT INTO  RESERVATIONS (RESERVATION_ID, PASSENGER_ID, FLIGHT_ID, FARE_CLASS_ID, CHANNEL_ID, SEAT_NUMBER, BOOKING_DATE, PAYMENT_METHOD, AMOUNT_PAID, MILES_EARNED, MILES_REDEEMED, PROMO_ID, IS_UPGRADE, STATUS) VALUES (110, 22, 110, 4, 4, '12E', TO_DATE('17-APR-2024', 'DD-MON-YYYY'), 'CREDIT_CARD', 1050, 2100, 0, NULL, 'Y', 'COMPLETED');
INSERT INTO  RESERVATIONS (RESERVATION_ID, PASSENGER_ID, FLIGHT_ID, FARE_CLASS_ID, CHANNEL_ID, SEAT_NUMBER, BOOKING_DATE, PAYMENT_METHOD, AMOUNT_PAID, MILES_EARNED, MILES_REDEEMED, PROMO_ID, IS_UPGRADE, STATUS) VALUES (111, 24, 111, 1, 1, '60D', TO_DATE('18-APR-2024', 'DD-MON-YYYY'), 'DEBIT_CARD', 210, 52, 0, NULL, 'N', 'COMPLETED');
INSERT INTO  RESERVATIONS (RESERVATION_ID, PASSENGER_ID, FLIGHT_ID, FARE_CLASS_ID, CHANNEL_ID, SEAT_NUMBER, BOOKING_DATE, PAYMENT_METHOD, AMOUNT_PAID, MILES_EARNED, MILES_REDEEMED, PROMO_ID, IS_UPGRADE, STATUS) VALUES (112, 26, 112, 2, 2, '38F', TO_DATE('19-APR-2024', 'DD-MON-YYYY'), 'CREDIT_CARD', 110, 27, 0, NULL, 'N', 'COMPLETED');
INSERT INTO  RESERVATIONS (RESERVATION_ID, PASSENGER_ID, FLIGHT_ID, FARE_CLASS_ID, CHANNEL_ID, SEAT_NUMBER, BOOKING_DATE, PAYMENT_METHOD, AMOUNT_PAID, MILES_EARNED, MILES_REDEEMED, PROMO_ID, IS_UPGRADE, STATUS) VALUES (113, 28, 113, 5, 4, '4A', TO_DATE('20-APR-2024', 'DD-MON-YYYY'), 'CREDIT_CARD', 5600, 33600, 0, NULL, 'N', 'COMPLETED');
INSERT INTO  RESERVATIONS (RESERVATION_ID, PASSENGER_ID, FLIGHT_ID, FARE_CLASS_ID, CHANNEL_ID, SEAT_NUMBER, BOOKING_DATE, PAYMENT_METHOD, AMOUNT_PAID, MILES_EARNED, MILES_REDEEMED, PROMO_ID, IS_UPGRADE, STATUS) VALUES (114, 30, 114, 3, 3, '22H', TO_DATE('21-APR-2024', 'DD-MON-YYYY'), 'CREDIT_CARD', 900, 1800, 0, NULL, 'N', 'COMPLETED');
INSERT INTO  RESERVATIONS (RESERVATION_ID, PASSENGER_ID, FLIGHT_ID, FARE_CLASS_ID, CHANNEL_ID, SEAT_NUMBER, BOOKING_DATE, PAYMENT_METHOD, AMOUNT_PAID, MILES_EARNED, MILES_REDEEMED, PROMO_ID, IS_UPGRADE, STATUS) VALUES (115, 32, 115, 1, 1, '50E', TO_DATE('22-APR-2024', 'DD-MON-YYYY'), 'DEBIT_CARD', 180, 45, 0, NULL, 'N', 'COMPLETED');
INSERT INTO  RESERVATIONS (RESERVATION_ID, PASSENGER_ID, FLIGHT_ID, FARE_CLASS_ID, CHANNEL_ID, SEAT_NUMBER, BOOKING_DATE, PAYMENT_METHOD, AMOUNT_PAID, MILES_EARNED, MILES_REDEEMED, PROMO_ID, IS_UPGRADE, STATUS) VALUES (116, 34, 116, 1, 2, '65B', TO_DATE('23-APR-2024', 'DD-MON-YYYY'), 'CREDIT_CARD', 195, 48, 0, NULL, 'N', 'COMPLETED');
INSERT INTO  RESERVATIONS (RESERVATION_ID, PASSENGER_ID, FLIGHT_ID, FARE_CLASS_ID, CHANNEL_ID, SEAT_NUMBER, BOOKING_DATE, PAYMENT_METHOD, AMOUNT_PAID, MILES_EARNED, MILES_REDEEMED, PROMO_ID, IS_UPGRADE, STATUS) VALUES (117, 36, 117, 3, 5, '23E', TO_DATE('24-APR-2024', 'DD-MON-YYYY'), 'CREDIT_CARD', 780, 1560, 0, NULL, 'N', 'COMPLETED');
INSERT INTO  RESERVATIONS (RESERVATION_ID, PASSENGER_ID, FLIGHT_ID, FARE_CLASS_ID, CHANNEL_ID, SEAT_NUMBER, BOOKING_DATE, PAYMENT_METHOD, AMOUNT_PAID, MILES_EARNED, MILES_REDEEMED, PROMO_ID, IS_UPGRADE, STATUS) VALUES (118, 38, 118, 1, 1, '45F', TO_DATE('25-APR-2024', 'DD-MON-YYYY'), 'DEBIT_CARD', 360, 90, 0, NULL, 'N', 'COMPLETED');
INSERT INTO  RESERVATIONS (RESERVATION_ID, PASSENGER_ID, FLIGHT_ID, FARE_CLASS_ID, CHANNEL_ID, SEAT_NUMBER, BOOKING_DATE, PAYMENT_METHOD, AMOUNT_PAID, MILES_EARNED, MILES_REDEEMED, PROMO_ID, IS_UPGRADE, STATUS) VALUES (119, 40, 119, 4, 3, '14D', TO_DATE('26-APR-2024', 'DD-MON-YYYY'), 'CREDIT_CARD', 870, 1740, 0, NULL, 'N', 'COMPLETED');
INSERT INTO  RESERVATIONS (RESERVATION_ID, PASSENGER_ID, FLIGHT_ID, FARE_CLASS_ID, CHANNEL_ID, SEAT_NUMBER, BOOKING_DATE, PAYMENT_METHOD, AMOUNT_PAID, MILES_EARNED, MILES_REDEEMED, PROMO_ID, IS_UPGRADE, STATUS) VALUES (120, 42, 120, 1, 4, '38G', TO_DATE('27-APR-2024', 'DD-MON-YYYY'), 'CREDIT_CARD', 140, 35, 0, NULL, 'N', 'COMPLETED');
INSERT INTO  RESERVATIONS (RESERVATION_ID, PASSENGER_ID, FLIGHT_ID, FARE_CLASS_ID, CHANNEL_ID, SEAT_NUMBER, BOOKING_DATE, PAYMENT_METHOD, AMOUNT_PAID, MILES_EARNED, MILES_REDEEMED, PROMO_ID, IS_UPGRADE, STATUS) VALUES (121, 44, 121, 1, 2, '55F', TO_DATE('28-APR-2024', 'DD-MON-YYYY'), 'DEBIT_CARD', 180, 45, 0, NULL, 'N', 'COMPLETED');
INSERT INTO  RESERVATIONS (RESERVATION_ID, PASSENGER_ID, FLIGHT_ID, FARE_CLASS_ID, CHANNEL_ID, SEAT_NUMBER, BOOKING_DATE, PAYMENT_METHOD, AMOUNT_PAID, MILES_EARNED, MILES_REDEEMED, PROMO_ID, IS_UPGRADE, STATUS) VALUES (122, 46, 122, 2, 1, '36D', TO_DATE('29-APR-2024', 'DD-MON-YYYY'), 'CREDIT_CARD', 168, 42, 0, NULL, 'N', 'COMPLETED');
INSERT INTO  RESERVATIONS (RESERVATION_ID, PASSENGER_ID, FLIGHT_ID, FARE_CLASS_ID, CHANNEL_ID, SEAT_NUMBER, BOOKING_DATE, PAYMENT_METHOD, AMOUNT_PAID, MILES_EARNED, MILES_REDEEMED, PROMO_ID, IS_UPGRADE, STATUS) VALUES (123, 48, 123, 1, 3, '60F', TO_DATE('30-APR-2024', 'DD-MON-YYYY'), 'CREDIT_CARD', 210, 52, 0, NULL, 'N', 'COMPLETED');
INSERT INTO  RESERVATIONS (RESERVATION_ID, PASSENGER_ID, FLIGHT_ID, FARE_CLASS_ID, CHANNEL_ID, SEAT_NUMBER, BOOKING_DATE, PAYMENT_METHOD, AMOUNT_PAID, MILES_EARNED, MILES_REDEEMED, PROMO_ID, IS_UPGRADE, STATUS) VALUES (124, 50, 124, 1, 4, '70E', TO_DATE('01-MAY-2024', 'DD-MON-YYYY'), 'DEBIT_CARD', 140, 35, 0, NULL, 'N', 'COMPLETED');
INSERT INTO  RESERVATIONS (RESERVATION_ID, PASSENGER_ID, FLIGHT_ID, FARE_CLASS_ID, CHANNEL_ID, SEAT_NUMBER, BOOKING_DATE, PAYMENT_METHOD, AMOUNT_PAID, MILES_EARNED, MILES_REDEEMED, PROMO_ID, IS_UPGRADE, STATUS) VALUES (125, 52, 125, 3, 2, '20E', TO_DATE('02-MAY-2024', 'DD-MON-YYYY'), 'CREDIT_CARD', 525, 1050, 0, 1, 'N', 'COMPLETED');
INSERT INTO  RESERVATIONS (RESERVATION_ID, PASSENGER_ID, FLIGHT_ID, FARE_CLASS_ID, CHANNEL_ID, SEAT_NUMBER, BOOKING_DATE, PAYMENT_METHOD, AMOUNT_PAID, MILES_EARNED, MILES_REDEEMED, PROMO_ID, IS_UPGRADE, STATUS) VALUES (126, 54, 126, 3, 1, '18F', TO_DATE('03-MAY-2024', 'DD-MON-YYYY'), 'CREDIT_CARD', 1240, 1500, 0, NULL, 'N', 'COMPLETED');
INSERT INTO  RESERVATIONS (RESERVATION_ID, PASSENGER_ID, FLIGHT_ID, FARE_CLASS_ID, CHANNEL_ID, SEAT_NUMBER, BOOKING_DATE, PAYMENT_METHOD, AMOUNT_PAID, MILES_EARNED, MILES_REDEEMED, PROMO_ID, IS_UPGRADE, STATUS) VALUES (127, 56, 127, 4, 4, '10E', TO_DATE('04-MAY-2024', 'DD-MON-YYYY'), 'CREDIT_CARD', 930, 1860, 0, NULL, 'N', 'COMPLETED');
INSERT INTO  RESERVATIONS (RESERVATION_ID, PASSENGER_ID, FLIGHT_ID, FARE_CLASS_ID, CHANNEL_ID, SEAT_NUMBER, BOOKING_DATE, PAYMENT_METHOD, AMOUNT_PAID, MILES_EARNED, MILES_REDEEMED, PROMO_ID, IS_UPGRADE, STATUS) VALUES (128, 58, 128, 3, 3, '25E', TO_DATE('05-MAY-2024', 'DD-MON-YYYY'), 'CREDIT_CARD', 600, 1200, 0, NULL, 'N', 'COMPLETED');
INSERT INTO  RESERVATIONS (RESERVATION_ID, PASSENGER_ID, FLIGHT_ID, FARE_CLASS_ID, CHANNEL_ID, SEAT_NUMBER, BOOKING_DATE, PAYMENT_METHOD, AMOUNT_PAID, MILES_EARNED, MILES_REDEEMED, PROMO_ID, IS_UPGRADE, STATUS) VALUES (129, 60, 129, 4, 2, '12F', TO_DATE('06-MAY-2024', 'DD-MON-YYYY'), 'CREDIT_CARD', 900, 1800, 0, NULL, 'N', 'COMPLETED');
INSERT INTO  RESERVATIONS (RESERVATION_ID, PASSENGER_ID, FLIGHT_ID, FARE_CLASS_ID, CHANNEL_ID, SEAT_NUMBER, BOOKING_DATE, PAYMENT_METHOD, AMOUNT_PAID, MILES_EARNED, MILES_REDEEMED, PROMO_ID, IS_UPGRADE, STATUS) VALUES (130, 62, 130, 1, 1, '48D', TO_DATE('07-MAY-2024', 'DD-MON-YYYY'), 'DEBIT_CARD', 390, 97, 0, NULL, 'N', 'COMPLETED');
INSERT INTO  RESERVATIONS (RESERVATION_ID, PASSENGER_ID, FLIGHT_ID, FARE_CLASS_ID, CHANNEL_ID, SEAT_NUMBER, BOOKING_DATE, PAYMENT_METHOD, AMOUNT_PAID, MILES_EARNED, MILES_REDEEMED, PROMO_ID, IS_UPGRADE, STATUS) VALUES (131, 64, 101, 3, 3, '20F', TO_DATE('08-MAY-2024', 'DD-MON-YYYY'), 'CREDIT_CARD', 1240, 1500, 0, NULL, 'N', 'COMPLETED');
INSERT INTO  RESERVATIONS (RESERVATION_ID, PASSENGER_ID, FLIGHT_ID, FARE_CLASS_ID, CHANNEL_ID, SEAT_NUMBER, BOOKING_DATE, PAYMENT_METHOD, AMOUNT_PAID, MILES_EARNED, MILES_REDEEMED, PROMO_ID, IS_UPGRADE, STATUS) VALUES (132, 66, 102, 5, 4, '2D', TO_DATE('09-MAY-2024', 'DD-MON-YYYY'), 'CREDIT_CARD', 4500, 27000, 0, NULL, 'N', 'COMPLETED');
INSERT INTO  RESERVATIONS (RESERVATION_ID, PASSENGER_ID, FLIGHT_ID, FARE_CLASS_ID, CHANNEL_ID, SEAT_NUMBER, BOOKING_DATE, PAYMENT_METHOD, AMOUNT_PAID, MILES_EARNED, MILES_REDEEMED, PROMO_ID, IS_UPGRADE, STATUS) VALUES (133, 68, 103, 1, 1, '42E', TO_DATE('10-MAY-2024', 'DD-MON-YYYY'), 'DEBIT_CARD', 270, 67, 0, NULL, 'N', 'COMPLETED');
INSERT INTO  RESERVATIONS (RESERVATION_ID, PASSENGER_ID, FLIGHT_ID, FARE_CLASS_ID, CHANNEL_ID, SEAT_NUMBER, BOOKING_DATE, PAYMENT_METHOD, AMOUNT_PAID, MILES_EARNED, MILES_REDEEMED, PROMO_ID, IS_UPGRADE, STATUS) VALUES (134, 70, 104, 3, 2, '22I', TO_DATE('11-MAY-2024', 'DD-MON-YYYY'), 'CREDIT_CARD', 620, 1240, 0, NULL, 'N', 'COMPLETED');
INSERT INTO  RESERVATIONS (RESERVATION_ID, PASSENGER_ID, FLIGHT_ID, FARE_CLASS_ID, CHANNEL_ID, SEAT_NUMBER, BOOKING_DATE, PAYMENT_METHOD, AMOUNT_PAID, MILES_EARNED, MILES_REDEEMED, PROMO_ID, IS_UPGRADE, STATUS) VALUES (135, 72, 105, 1, 5, '35E', TO_DATE('12-MAY-2024', 'DD-MON-YYYY'), 'CREDIT_CARD', 390, 97, 0, NULL, 'N', 'COMPLETED');
INSERT INTO  RESERVATIONS (RESERVATION_ID, PASSENGER_ID, FLIGHT_ID, FARE_CLASS_ID, CHANNEL_ID, SEAT_NUMBER, BOOKING_DATE, PAYMENT_METHOD, AMOUNT_PAID, MILES_EARNED, MILES_REDEEMED, PROMO_ID, IS_UPGRADE, STATUS) VALUES (136, 74, 106, 2, 3, '40F', TO_DATE('13-MAY-2024', 'DD-MON-YYYY'), 'CREDIT_CARD', 156, 39, 0, NULL, 'N', 'COMPLETED');
INSERT INTO  RESERVATIONS (RESERVATION_ID, PASSENGER_ID, FLIGHT_ID, FARE_CLASS_ID, CHANNEL_ID, SEAT_NUMBER, BOOKING_DATE, PAYMENT_METHOD, AMOUNT_PAID, MILES_EARNED, MILES_REDEEMED, PROMO_ID, IS_UPGRADE, STATUS) VALUES (137, 76, 107, 3, 4, '22J', TO_DATE('14-MAY-2024', 'DD-MON-YYYY'), 'CREDIT_CARD', 525, 1050, 0, NULL, 'N', 'COMPLETED');
INSERT INTO  RESERVATIONS (RESERVATION_ID, PASSENGER_ID, FLIGHT_ID, FARE_CLASS_ID, CHANNEL_ID, SEAT_NUMBER, BOOKING_DATE, PAYMENT_METHOD, AMOUNT_PAID, MILES_EARNED, MILES_REDEEMED, PROMO_ID, IS_UPGRADE, STATUS) VALUES (138, 78, 108, 3, 1, '25F', TO_DATE('15-MAY-2024', 'DD-MON-YYYY'), 'CREDIT_CARD', 600, 1200, 0, NULL, 'N', 'COMPLETED');
INSERT INTO  RESERVATIONS (RESERVATION_ID, PASSENGER_ID, FLIGHT_ID, FARE_CLASS_ID, CHANNEL_ID, SEAT_NUMBER, BOOKING_DATE, PAYMENT_METHOD, AMOUNT_PAID, MILES_EARNED, MILES_REDEEMED, PROMO_ID, IS_UPGRADE, STATUS) VALUES (139, 80, 109, 3, 2, '20G', TO_DATE('16-MAY-2024', 'DD-MON-YYYY'), 'MILES', 0, 0, 9000, NULL, 'N', 'COMPLETED');
INSERT INTO  RESERVATIONS (RESERVATION_ID, PASSENGER_ID, FLIGHT_ID, FARE_CLASS_ID, CHANNEL_ID, SEAT_NUMBER, BOOKING_DATE, PAYMENT_METHOD, AMOUNT_PAID, MILES_EARNED, MILES_REDEEMED, PROMO_ID, IS_UPGRADE, STATUS) VALUES (140, 82, 110, 4, 4, '11F', TO_DATE('17-MAY-2024', 'DD-MON-YYYY'), 'CREDIT_CARD', 1050, 2100, 0, NULL, 'Y', 'COMPLETED');
INSERT INTO  RESERVATIONS (RESERVATION_ID, PASSENGER_ID, FLIGHT_ID, FARE_CLASS_ID, CHANNEL_ID, SEAT_NUMBER, BOOKING_DATE, PAYMENT_METHOD, AMOUNT_PAID, MILES_EARNED, MILES_REDEEMED, PROMO_ID, IS_UPGRADE, STATUS) VALUES (141, 84, 111, 1, 1, '58E', TO_DATE('18-MAY-2024', 'DD-MON-YYYY'), 'DEBIT_CARD', 210, 52, 0, NULL, 'N', 'COMPLETED');
INSERT INTO  RESERVATIONS (RESERVATION_ID, PASSENGER_ID, FLIGHT_ID, FARE_CLASS_ID, CHANNEL_ID, SEAT_NUMBER, BOOKING_DATE, PAYMENT_METHOD, AMOUNT_PAID, MILES_EARNED, MILES_REDEEMED, PROMO_ID, IS_UPGRADE, STATUS) VALUES (142, 86, 112, 2, 3, '36E', TO_DATE('19-MAY-2024', 'DD-MON-YYYY'), 'CREDIT_CARD', 110, 27, 0, NULL, 'N', 'COMPLETED');
INSERT INTO  RESERVATIONS (RESERVATION_ID, PASSENGER_ID, FLIGHT_ID, FARE_CLASS_ID, CHANNEL_ID, SEAT_NUMBER, BOOKING_DATE, PAYMENT_METHOD, AMOUNT_PAID, MILES_EARNED, MILES_REDEEMED, PROMO_ID, IS_UPGRADE, STATUS) VALUES (143, 88, 113, 5, 4, '5A', TO_DATE('20-MAY-2024', 'DD-MON-YYYY'), 'CREDIT_CARD', 5600, 33600, 0, NULL, 'N', 'COMPLETED');
INSERT INTO  RESERVATIONS (RESERVATION_ID, PASSENGER_ID, FLIGHT_ID, FARE_CLASS_ID, CHANNEL_ID, SEAT_NUMBER, BOOKING_DATE, PAYMENT_METHOD, AMOUNT_PAID, MILES_EARNED, MILES_REDEEMED, PROMO_ID, IS_UPGRADE, STATUS) VALUES (144, 90, 114, 3, 2, '23F', TO_DATE('21-MAY-2024', 'DD-MON-YYYY'), 'CREDIT_CARD', 900, 1800, 0, NULL, 'N', 'COMPLETED');
INSERT INTO  RESERVATIONS (RESERVATION_ID, PASSENGER_ID, FLIGHT_ID, FARE_CLASS_ID, CHANNEL_ID, SEAT_NUMBER, BOOKING_DATE, PAYMENT_METHOD, AMOUNT_PAID, MILES_EARNED, MILES_REDEEMED, PROMO_ID, IS_UPGRADE, STATUS) VALUES (145, 92, 115, 1, 1, '48E', TO_DATE('22-MAY-2024', 'DD-MON-YYYY'), 'DEBIT_CARD', 180, 45, 0, NULL, 'N', 'COMPLETED');
INSERT INTO  RESERVATIONS (RESERVATION_ID, PASSENGER_ID, FLIGHT_ID, FARE_CLASS_ID, CHANNEL_ID, SEAT_NUMBER, BOOKING_DATE, PAYMENT_METHOD, AMOUNT_PAID, MILES_EARNED, MILES_REDEEMED, PROMO_ID, IS_UPGRADE, STATUS) VALUES (146, 94, 116, 2, 3, '40G', TO_DATE('23-MAY-2024', 'DD-MON-YYYY'), 'CREDIT_CARD', 168, 42, 0, NULL, 'N', 'COMPLETED');
INSERT INTO  RESERVATIONS (RESERVATION_ID, PASSENGER_ID, FLIGHT_ID, FARE_CLASS_ID, CHANNEL_ID, SEAT_NUMBER, BOOKING_DATE, PAYMENT_METHOD, AMOUNT_PAID, MILES_EARNED, MILES_REDEEMED, PROMO_ID, IS_UPGRADE, STATUS) VALUES (147, 96, 117, 3, 4, '22K', TO_DATE('24-MAY-2024', 'DD-MON-YYYY'), 'CREDIT_CARD', 780, 1560, 0, NULL, 'N', 'COMPLETED');
INSERT INTO  RESERVATIONS (RESERVATION_ID, PASSENGER_ID, FLIGHT_ID, FARE_CLASS_ID, CHANNEL_ID, SEAT_NUMBER, BOOKING_DATE, PAYMENT_METHOD, AMOUNT_PAID, MILES_EARNED, MILES_REDEEMED, PROMO_ID, IS_UPGRADE, STATUS) VALUES (148, 98, 118, 1, 1, '45G', TO_DATE('25-MAY-2024', 'DD-MON-YYYY'), 'DEBIT_CARD', 360, 90, 0, NULL, 'N', 'COMPLETED');
INSERT INTO  RESERVATIONS (RESERVATION_ID, PASSENGER_ID, FLIGHT_ID, FARE_CLASS_ID, CHANNEL_ID, SEAT_NUMBER, BOOKING_DATE, PAYMENT_METHOD, AMOUNT_PAID, MILES_EARNED, MILES_REDEEMED, PROMO_ID, IS_UPGRADE, STATUS) VALUES (149, 100, 119, 4, 2, '14E', TO_DATE('26-MAY-2024', 'DD-MON-YYYY'), 'CREDIT_CARD', 870, 1740, 0, NULL, 'N', 'COMPLETED');
INSERT INTO  RESERVATIONS (RESERVATION_ID, PASSENGER_ID, FLIGHT_ID, FARE_CLASS_ID, CHANNEL_ID, SEAT_NUMBER, BOOKING_DATE, PAYMENT_METHOD, AMOUNT_PAID, MILES_EARNED, MILES_REDEEMED, PROMO_ID, IS_UPGRADE, STATUS) VALUES (150, 102, 120, 1, 4, '38H', TO_DATE('27-MAY-2024', 'DD-MON-YYYY'), 'CREDIT_CARD', 140, 35, 0, NULL, 'N', 'COMPLETED');
INSERT INTO  RESERVATIONS (RESERVATION_ID, PASSENGER_ID, FLIGHT_ID, FARE_CLASS_ID, CHANNEL_ID, SEAT_NUMBER, BOOKING_DATE, PAYMENT_METHOD, AMOUNT_PAID, MILES_EARNED, MILES_REDEEMED, PROMO_ID, IS_UPGRADE, STATUS) VALUES (151, 99, 121, 1, 3, '50G', TO_DATE('28-MAY-2024', 'DD-MON-YYYY'), 'CREDIT_CARD', 180, 45, 0, NULL, 'N', 'COMPLETED');
INSERT INTO  RESERVATIONS (RESERVATION_ID, PASSENGER_ID, FLIGHT_ID, FARE_CLASS_ID, CHANNEL_ID, SEAT_NUMBER, BOOKING_DATE, PAYMENT_METHOD, AMOUNT_PAID, MILES_EARNED, MILES_REDEEMED, PROMO_ID, IS_UPGRADE, STATUS) VALUES (152, 101, 122, 2, 1, '38I', TO_DATE('29-MAY-2024', 'DD-MON-YYYY'), 'CREDIT_CARD', 168, 42, 0, NULL, 'N', 'COMPLETED');
INSERT INTO  RESERVATIONS (RESERVATION_ID, PASSENGER_ID, FLIGHT_ID, FARE_CLASS_ID, CHANNEL_ID, SEAT_NUMBER, BOOKING_DATE, PAYMENT_METHOD, AMOUNT_PAID, MILES_EARNED, MILES_REDEEMED, PROMO_ID, IS_UPGRADE, STATUS) VALUES (153, 103, 123, 1, 2, '58F', TO_DATE('30-MAY-2024', 'DD-MON-YYYY'), 'DEBIT_CARD', 210, 52, 0, NULL, 'N', 'COMPLETED');
INSERT INTO  RESERVATIONS (RESERVATION_ID, PASSENGER_ID, FLIGHT_ID, FARE_CLASS_ID, CHANNEL_ID, SEAT_NUMBER, BOOKING_DATE, PAYMENT_METHOD, AMOUNT_PAID, MILES_EARNED, MILES_REDEEMED, PROMO_ID, IS_UPGRADE, STATUS) VALUES (154, 105, 124, 1, 5, '65D', TO_DATE('31-MAY-2024', 'DD-MON-YYYY'), 'CREDIT_CARD', 220, 55, 0, 1, 'N', 'COMPLETED');
INSERT INTO  RESERVATIONS (RESERVATION_ID, PASSENGER_ID, FLIGHT_ID, FARE_CLASS_ID, CHANNEL_ID, SEAT_NUMBER, BOOKING_DATE, PAYMENT_METHOD, AMOUNT_PAID, MILES_EARNED, MILES_REDEEMED, PROMO_ID, IS_UPGRADE, STATUS) VALUES (155, 107, 125, 3, 4, '21E', TO_DATE('01-JUN-2024', 'DD-MON-YYYY'), 'CREDIT_CARD', 525, 1050, 0, 1, 'N', 'COMPLETED');
INSERT INTO  RESERVATIONS (RESERVATION_ID, PASSENGER_ID, FLIGHT_ID, FARE_CLASS_ID, CHANNEL_ID, SEAT_NUMBER, BOOKING_DATE, PAYMENT_METHOD, AMOUNT_PAID, MILES_EARNED, MILES_REDEEMED, PROMO_ID, IS_UPGRADE, STATUS) VALUES (156, 109, 126, 5, 3, '3C', TO_DATE('02-JUN-2024', 'DD-MON-YYYY'), 'CREDIT_CARD', 5600, 33600, 0, NULL, 'N', 'COMPLETED');
INSERT INTO  RESERVATIONS (RESERVATION_ID, PASSENGER_ID, FLIGHT_ID, FARE_CLASS_ID, CHANNEL_ID, SEAT_NUMBER, BOOKING_DATE, PAYMENT_METHOD, AMOUNT_PAID, MILES_EARNED, MILES_REDEEMED, PROMO_ID, IS_UPGRADE, STATUS) VALUES (157, 111, 127, 4, 2, '10F', TO_DATE('03-JUN-2024', 'DD-MON-YYYY'), 'CREDIT_CARD', 930, 1860, 0, NULL, 'N', 'COMPLETED');
INSERT INTO  RESERVATIONS (RESERVATION_ID, PASSENGER_ID, FLIGHT_ID, FARE_CLASS_ID, CHANNEL_ID, SEAT_NUMBER, BOOKING_DATE, PAYMENT_METHOD, AMOUNT_PAID, MILES_EARNED, MILES_REDEEMED, PROMO_ID, IS_UPGRADE, STATUS) VALUES (158, 113, 128, 3, 1, '24F', TO_DATE('04-JUN-2024', 'DD-MON-YYYY'), 'CREDIT_CARD', 600, 1200, 0, NULL, 'N', 'COMPLETED');
INSERT INTO  RESERVATIONS (RESERVATION_ID, PASSENGER_ID, FLIGHT_ID, FARE_CLASS_ID, CHANNEL_ID, SEAT_NUMBER, BOOKING_DATE, PAYMENT_METHOD, AMOUNT_PAID, MILES_EARNED, MILES_REDEEMED, PROMO_ID, IS_UPGRADE, STATUS) VALUES (159, 115, 129, 4, 4, '12G', TO_DATE('05-JUN-2024', 'DD-MON-YYYY'), 'CREDIT_CARD', 900, 1800, 0, 1, 'N', 'COMPLETED');
INSERT INTO  RESERVATIONS (RESERVATION_ID, PASSENGER_ID, FLIGHT_ID, FARE_CLASS_ID, CHANNEL_ID, SEAT_NUMBER, BOOKING_DATE, PAYMENT_METHOD, AMOUNT_PAID, MILES_EARNED, MILES_REDEEMED, PROMO_ID, IS_UPGRADE, STATUS) VALUES (160, 117, 130, 1, 2, '48F', TO_DATE('06-JUN-2024', 'DD-MON-YYYY'), 'DEBIT_CARD', 390, 97, 0, 1, 'N', 'COMPLETED');
COMMIT;


INSERT INTO  TICKETS (TICKET_ID, TICKET_NUMBER, RESERVATION_ID, PASSENGER_ID, FLIGHT_ID, FARE_CLASS_ID, ISSUE_DATE, SEAT_NUMBER, BASE_FARE_USD, TAX_AMOUNT_USD, FEE_AMOUNT_USD, DISCOUNT_AMOUNT_USD, FINAL_TICKET_AMOUNT_USD, TICKET_STATUS, MILES_EARNED, MILES_REDEEMED) VALUES (100001, 'ETKT-2024000001', 1, 1, 1, 3, TO_DATE('28-DEC-2023', 'DD-MON-YYYY'), '10B', 1366.2, 148.8, 35, 310, 1240, 'USED', 1500, 0);
INSERT INTO  TICKETS (TICKET_ID, TICKET_NUMBER, RESERVATION_ID, PASSENGER_ID, FLIGHT_ID, FARE_CLASS_ID, ISSUE_DATE, SEAT_NUMBER, BASE_FARE_USD, TAX_AMOUNT_USD, FEE_AMOUNT_USD, DISCOUNT_AMOUNT_USD, FINAL_TICKET_AMOUNT_USD, TICKET_STATUS, MILES_EARNED, MILES_REDEEMED) VALUES (100002, 'ETKT-2024000002', 2, 3, 2, 5, TO_DATE('30-DEC-2023', 'DD-MON-YYYY'), '2A', 2404, 336, 60, 0, 2800, 'USED', 8400, 0);
INSERT INTO  TICKETS (TICKET_ID, TICKET_NUMBER, RESERVATION_ID, PASSENGER_ID, FLIGHT_ID, FARE_CLASS_ID, ISSUE_DATE, SEAT_NUMBER, BASE_FARE_USD, TAX_AMOUNT_USD, FEE_AMOUNT_USD, DISCOUNT_AMOUNT_USD, FINAL_TICKET_AMOUNT_USD, TICKET_STATUS, MILES_EARNED, MILES_REDEEMED) VALUES (100003, 'ETKT-2024000003', 3, 5, 3, 3, TO_DATE('31-DEC-2023', 'DD-MON-YYYY'), '15C', 0, 0, 35, 0, 0, 'USED', 0, 15000);
INSERT INTO  TICKETS (TICKET_ID, TICKET_NUMBER, RESERVATION_ID, PASSENGER_ID, FLIGHT_ID, FARE_CLASS_ID, ISSUE_DATE, SEAT_NUMBER, BASE_FARE_USD, TAX_AMOUNT_USD, FEE_AMOUNT_USD, DISCOUNT_AMOUNT_USD, FINAL_TICKET_AMOUNT_USD, TICKET_STATUS, MILES_EARNED, MILES_REDEEMED) VALUES (100004, 'ETKT-2024000004', 4, 9, 4, 1, TO_DATE('01-JAN-2024', 'DD-MON-YYYY'), '22F', 354.6, 50.4, 15, 0, 420, 'ISSUED', 210, 0);
INSERT INTO  TICKETS (TICKET_ID, TICKET_NUMBER, RESERVATION_ID, PASSENGER_ID, FLIGHT_ID, FARE_CLASS_ID, ISSUE_DATE, SEAT_NUMBER, BASE_FARE_USD, TAX_AMOUNT_USD, FEE_AMOUNT_USD, DISCOUNT_AMOUNT_USD, FINAL_TICKET_AMOUNT_USD, TICKET_STATUS, MILES_EARNED, MILES_REDEEMED) VALUES (100005, 'ETKT-2024000005', 5, 13, 5, 4, TO_DATE('02-JAN-2024', 'DD-MON-YYYY'), '8B', 479.8, 70.2, 35, 0, 585, 'USED', 877, 0);
INSERT INTO  TICKETS (TICKET_ID, TICKET_NUMBER, RESERVATION_ID, PASSENGER_ID, FLIGHT_ID, FARE_CLASS_ID, ISSUE_DATE, SEAT_NUMBER, BASE_FARE_USD, TAX_AMOUNT_USD, FEE_AMOUNT_USD, DISCOUNT_AMOUNT_USD, FINAL_TICKET_AMOUNT_USD, TICKET_STATUS, MILES_EARNED, MILES_REDEEMED) VALUES (100006, 'ETKT-2024000006', 6, 17, 6, 1, TO_DATE('03-JAN-2024', 'DD-MON-YYYY'), '34A', 114.36, 17.64, 15, 0, 147, 'ISSUED', 73, 0);
INSERT INTO  TICKETS (TICKET_ID, TICKET_NUMBER, RESERVATION_ID, PASSENGER_ID, FLIGHT_ID, FARE_CLASS_ID, ISSUE_DATE, SEAT_NUMBER, BASE_FARE_USD, TAX_AMOUNT_USD, FEE_AMOUNT_USD, DISCOUNT_AMOUNT_USD, FINAL_TICKET_AMOUNT_USD, TICKET_STATUS, MILES_EARNED, MILES_REDEEMED) VALUES (100007, 'ETKT-2024000007', 7, 19, 7, 2, TO_DATE('04-JAN-2024', 'DD-MON-YYYY'), '45C', 157.48, 23.52, 15, 0, 196, 'ISSUED', 49, 0);
INSERT INTO  TICKETS (TICKET_ID, TICKET_NUMBER, RESERVATION_ID, PASSENGER_ID, FLIGHT_ID, FARE_CLASS_ID, ISSUE_DATE, SEAT_NUMBER, BASE_FARE_USD, TAX_AMOUNT_USD, FEE_AMOUNT_USD, DISCOUNT_AMOUNT_USD, FINAL_TICKET_AMOUNT_USD, TICKET_STATUS, MILES_EARNED, MILES_REDEEMED) VALUES (100008, 'ETKT-2024000008', 8, 29, 8, 5, TO_DATE('05-JAN-2024', 'DD-MON-YYYY'), '1A', 3108, 432, 60, 0, 3600, 'ISSUED', 21600, 0);
INSERT INTO  TICKETS (TICKET_ID, TICKET_NUMBER, RESERVATION_ID, PASSENGER_ID, FLIGHT_ID, FARE_CLASS_ID, ISSUE_DATE, SEAT_NUMBER, BASE_FARE_USD, TAX_AMOUNT_USD, FEE_AMOUNT_USD, DISCOUNT_AMOUNT_USD, FINAL_TICKET_AMOUNT_USD, TICKET_STATUS, MILES_EARNED, MILES_REDEEMED) VALUES (100009, 'ETKT-2024000009', 9, 25, 9, 3, TO_DATE('06-JAN-2024', 'DD-MON-YYYY'), '12B', 1637, 228, 35, 0, 1900, 'ISSUED', 3800, 0);
INSERT INTO  TICKETS (TICKET_ID, TICKET_NUMBER, RESERVATION_ID, PASSENGER_ID, FLIGHT_ID, FARE_CLASS_ID, ISSUE_DATE, SEAT_NUMBER, BASE_FARE_USD, TAX_AMOUNT_USD, FEE_AMOUNT_USD, DISCOUNT_AMOUNT_USD, FINAL_TICKET_AMOUNT_USD, TICKET_STATUS, MILES_EARNED, MILES_REDEEMED) VALUES (100010, 'ETKT-2024000010', 10, 45, 10, 1, TO_DATE('07-JAN-2024', 'DD-MON-YYYY'), '33D', 706.6, 98.4, 15, 0, 820, 'VOIDED', 0, 0);
INSERT INTO  TICKETS (TICKET_ID, TICKET_NUMBER, RESERVATION_ID, PASSENGER_ID, FLIGHT_ID, FARE_CLASS_ID, ISSUE_DATE, SEAT_NUMBER, BASE_FARE_USD, TAX_AMOUNT_USD, FEE_AMOUNT_USD, DISCOUNT_AMOUNT_USD, FINAL_TICKET_AMOUNT_USD, TICKET_STATUS, MILES_EARNED, MILES_REDEEMED) VALUES (100011, 'ETKT-2024000011', 11, 6, 11, 3, TO_DATE('08-JAN-2024', 'DD-MON-YYYY'), '18B', 1285, 180, 35, 0, 1500, 'USED', 3000, 0);
INSERT INTO  TICKETS (TICKET_ID, TICKET_NUMBER, RESERVATION_ID, PASSENGER_ID, FLIGHT_ID, FARE_CLASS_ID, ISSUE_DATE, SEAT_NUMBER, BASE_FARE_USD, TAX_AMOUNT_USD, FEE_AMOUNT_USD, DISCOUNT_AMOUNT_USD, FINAL_TICKET_AMOUNT_USD, TICKET_STATUS, MILES_EARNED, MILES_REDEEMED) VALUES (100012, 'ETKT-2024000012', 12, 14, 12, 5, TO_DATE('09-JAN-2024', 'DD-MON-YYYY'), '2B', 3284, 456, 60, 0, 3800, 'USED', 22800, 0);
INSERT INTO  TICKETS (TICKET_ID, TICKET_NUMBER, RESERVATION_ID, PASSENGER_ID, FLIGHT_ID, FARE_CLASS_ID, ISSUE_DATE, SEAT_NUMBER, BASE_FARE_USD, TAX_AMOUNT_USD, FEE_AMOUNT_USD, DISCOUNT_AMOUNT_USD, FINAL_TICKET_AMOUNT_USD, TICKET_STATUS, MILES_EARNED, MILES_REDEEMED) VALUES (100013, 'ETKT-2024000013', 13, 27, 13, 3, TO_DATE('10-JAN-2024', 'DD-MON-YYYY'), '20C', 1153, 162, 35, 0, 1350, 'USED', 2700, 0);
INSERT INTO  TICKETS (TICKET_ID, TICKET_NUMBER, RESERVATION_ID, PASSENGER_ID, FLIGHT_ID, FARE_CLASS_ID, ISSUE_DATE, SEAT_NUMBER, BASE_FARE_USD, TAX_AMOUNT_USD, FEE_AMOUNT_USD, DISCOUNT_AMOUNT_USD, FINAL_TICKET_AMOUNT_USD, TICKET_STATUS, MILES_EARNED, MILES_REDEEMED) VALUES (100014, 'ETKT-2024000014', 14, 35, 14, 4, TO_DATE('11-JAN-2024', 'DD-MON-YYYY'), '9C', 387.4, 57.6, 35, 0, 480, 'USED', 960, 0);
INSERT INTO  TICKETS (TICKET_ID, TICKET_NUMBER, RESERVATION_ID, PASSENGER_ID, FLIGHT_ID, FARE_CLASS_ID, ISSUE_DATE, SEAT_NUMBER, BASE_FARE_USD, TAX_AMOUNT_USD, FEE_AMOUNT_USD, DISCOUNT_AMOUNT_USD, FINAL_TICKET_AMOUNT_USD, TICKET_STATUS, MILES_EARNED, MILES_REDEEMED) VALUES (100015, 'ETKT-2024000015', 15, 61, 15, 1, TO_DATE('12-JAN-2024', 'DD-MON-YYYY'), '55E', 143.4, 21.6, 15, 0, 180, 'USED', 45, 0);
INSERT INTO  TICKETS (TICKET_ID, TICKET_NUMBER, RESERVATION_ID, PASSENGER_ID, FLIGHT_ID, FARE_CLASS_ID, ISSUE_DATE, SEAT_NUMBER, BASE_FARE_USD, TAX_AMOUNT_USD, FEE_AMOUNT_USD, DISCOUNT_AMOUNT_USD, FINAL_TICKET_AMOUNT_USD, TICKET_STATUS, MILES_EARNED, MILES_REDEEMED) VALUES (100016, 'ETKT-2024000016', 16, 2, 16, 1, TO_DATE('13-JAN-2024', 'DD-MON-YYYY'), '40B', 156.6, 23.4, 15, 0, 195, 'ISSUED', 97, 0);
INSERT INTO  TICKETS (TICKET_ID, TICKET_NUMBER, RESERVATION_ID, PASSENGER_ID, FLIGHT_ID, FARE_CLASS_ID, ISSUE_DATE, SEAT_NUMBER, BASE_FARE_USD, TAX_AMOUNT_USD, FEE_AMOUNT_USD, DISCOUNT_AMOUNT_USD, FINAL_TICKET_AMOUNT_USD, TICKET_STATUS, MILES_EARNED, MILES_REDEEMED) VALUES (100017, 'ETKT-2024000017', 17, 8, 17, 2, TO_DATE('14-JAN-2024', 'DD-MON-YYYY'), '88D', 33.4, 6.6, 15, 0, 55, 'USED', 13, 0);
INSERT INTO  TICKETS (TICKET_ID, TICKET_NUMBER, RESERVATION_ID, PASSENGER_ID, FLIGHT_ID, FARE_CLASS_ID, ISSUE_DATE, SEAT_NUMBER, BASE_FARE_USD, TAX_AMOUNT_USD, FEE_AMOUNT_USD, DISCOUNT_AMOUNT_USD, FINAL_TICKET_AMOUNT_USD, TICKET_STATUS, MILES_EARNED, MILES_REDEEMED) VALUES (100018, 'ETKT-2024000018', 18, 12, 18, 3, TO_DATE('15-JAN-2024', 'DD-MON-YYYY'), '25B', 493, 72, 35, 0, 600, 'USED', 1200, 0);
INSERT INTO  TICKETS (TICKET_ID, TICKET_NUMBER, RESERVATION_ID, PASSENGER_ID, FLIGHT_ID, FARE_CLASS_ID, ISSUE_DATE, SEAT_NUMBER, BASE_FARE_USD, TAX_AMOUNT_USD, FEE_AMOUNT_USD, DISCOUNT_AMOUNT_USD, FINAL_TICKET_AMOUNT_USD, TICKET_STATUS, MILES_EARNED, MILES_REDEEMED) VALUES (100019, 'ETKT-2024000019', 19, 21, 19, 1, TO_DATE('16-JAN-2024', 'DD-MON-YYYY'), '50F', 257.8, 37.2, 15, 0, 310, 'ISSUED', 155, 0);
INSERT INTO  TICKETS (TICKET_ID, TICKET_NUMBER, RESERVATION_ID, PASSENGER_ID, FLIGHT_ID, FARE_CLASS_ID, ISSUE_DATE, SEAT_NUMBER, BASE_FARE_USD, TAX_AMOUNT_USD, FEE_AMOUNT_USD, DISCOUNT_AMOUNT_USD, FINAL_TICKET_AMOUNT_USD, TICKET_STATUS, MILES_EARNED, MILES_REDEEMED) VALUES (100020, 'ETKT-2024000020', 20, 33, 20, 2, TO_DATE('17-JAN-2024', 'DD-MON-YYYY'), '77A', 0, 0, 15, 0, 0, 'ISSUED', 0, 8000);
INSERT INTO  TICKETS (TICKET_ID, TICKET_NUMBER, RESERVATION_ID, PASSENGER_ID, FLIGHT_ID, FARE_CLASS_ID, ISSUE_DATE, SEAT_NUMBER, BASE_FARE_USD, TAX_AMOUNT_USD, FEE_AMOUNT_USD, DISCOUNT_AMOUNT_USD, FINAL_TICKET_AMOUNT_USD, TICKET_STATUS, MILES_EARNED, MILES_REDEEMED) VALUES (100021, 'ETKT-2024000021', 21, 41, 21, 1, TO_DATE('18-JAN-2024', 'DD-MON-YYYY'), '60C', 328.2, 46.8, 15, 0, 390, 'ISSUED', 97, 0);
INSERT INTO  TICKETS (TICKET_ID, TICKET_NUMBER, RESERVATION_ID, PASSENGER_ID, FLIGHT_ID, FARE_CLASS_ID, ISSUE_DATE, SEAT_NUMBER, BASE_FARE_USD, TAX_AMOUNT_USD, FEE_AMOUNT_USD, DISCOUNT_AMOUNT_USD, FINAL_TICKET_AMOUNT_USD, TICKET_STATUS, MILES_EARNED, MILES_REDEEMED) VALUES (100022, 'ETKT-2024000022', 22, 43, 22, 3, TO_DATE('19-JAN-2024', 'DD-MON-YYYY'), '22B', 994.6, 140.4, 35, 0, 1170, 'REFUNDED', 2340, 0);
INSERT INTO  TICKETS (TICKET_ID, TICKET_NUMBER, RESERVATION_ID, PASSENGER_ID, FLIGHT_ID, FARE_CLASS_ID, ISSUE_DATE, SEAT_NUMBER, BASE_FARE_USD, TAX_AMOUNT_USD, FEE_AMOUNT_USD, DISCOUNT_AMOUNT_USD, FINAL_TICKET_AMOUNT_USD, TICKET_STATUS, MILES_EARNED, MILES_REDEEMED) VALUES (100023, 'ETKT-2024000023', 23, 47, 23, 1, TO_DATE('20-JAN-2024', 'DD-MON-YYYY'), '70D', 169.8, 25.2, 15, 0, 210, 'ISSUED', 52, 0);
INSERT INTO  TICKETS (TICKET_ID, TICKET_NUMBER, RESERVATION_ID, PASSENGER_ID, FLIGHT_ID, FARE_CLASS_ID, ISSUE_DATE, SEAT_NUMBER, BASE_FARE_USD, TAX_AMOUNT_USD, FEE_AMOUNT_USD, DISCOUNT_AMOUNT_USD, FINAL_TICKET_AMOUNT_USD, TICKET_STATUS, MILES_EARNED, MILES_REDEEMED) VALUES (100024, 'ETKT-2024000024', 24, 49, 24, 5, TO_DATE('21-JAN-2024', 'DD-MON-YYYY'), '3A', 3108, 432, 60, 0, 3600, 'USED', 21600, 0);
INSERT INTO  TICKETS (TICKET_ID, TICKET_NUMBER, RESERVATION_ID, PASSENGER_ID, FLIGHT_ID, FARE_CLASS_ID, ISSUE_DATE, SEAT_NUMBER, BASE_FARE_USD, TAX_AMOUNT_USD, FEE_AMOUNT_USD, DISCOUNT_AMOUNT_USD, FINAL_TICKET_AMOUNT_USD, TICKET_STATUS, MILES_EARNED, MILES_REDEEMED) VALUES (100025, 'ETKT-2024000025', 25, 53, 25, 3, TO_DATE('22-JAN-2024', 'DD-MON-YYYY'), '15B', 757, 108, 35, 0, 900, 'VOIDED', 0, 0);
INSERT INTO  TICKETS (TICKET_ID, TICKET_NUMBER, RESERVATION_ID, PASSENGER_ID, FLIGHT_ID, FARE_CLASS_ID, ISSUE_DATE, SEAT_NUMBER, BASE_FARE_USD, TAX_AMOUNT_USD, FEE_AMOUNT_USD, DISCOUNT_AMOUNT_USD, FINAL_TICKET_AMOUNT_USD, TICKET_STATUS, MILES_EARNED, MILES_REDEEMED) VALUES (100026, 'ETKT-2024000026', 26, 55, 26, 4, TO_DATE('23-JAN-2024', 'DD-MON-YYYY'), '11C', 757, 108, 35, 0, 900, 'ISSUED', 1800, 0);
INSERT INTO  TICKETS (TICKET_ID, TICKET_NUMBER, RESERVATION_ID, PASSENGER_ID, FLIGHT_ID, FARE_CLASS_ID, ISSUE_DATE, SEAT_NUMBER, BASE_FARE_USD, TAX_AMOUNT_USD, FEE_AMOUNT_USD, DISCOUNT_AMOUNT_USD, FINAL_TICKET_AMOUNT_USD, TICKET_STATUS, MILES_EARNED, MILES_REDEEMED) VALUES (100027, 'ETKT-2024000027', 27, 59, 27, 1, TO_DATE('24-JAN-2024', 'DD-MON-YYYY'), '44E', 143.4, 21.6, 15, 0, 180, 'USED', 45, 0);
INSERT INTO  TICKETS (TICKET_ID, TICKET_NUMBER, RESERVATION_ID, PASSENGER_ID, FLIGHT_ID, FARE_CLASS_ID, ISSUE_DATE, SEAT_NUMBER, BASE_FARE_USD, TAX_AMOUNT_USD, FEE_AMOUNT_USD, DISCOUNT_AMOUNT_USD, FINAL_TICKET_AMOUNT_USD, TICKET_STATUS, MILES_EARNED, MILES_REDEEMED) VALUES (100028, 'ETKT-2024000028', 28, 63, 28, 2, TO_DATE('25-JAN-2024', 'DD-MON-YYYY'), '66F', 122.28, 18.72, 15, 0, 156, 'USED', 39, 0);
INSERT INTO  TICKETS (TICKET_ID, TICKET_NUMBER, RESERVATION_ID, PASSENGER_ID, FLIGHT_ID, FARE_CLASS_ID, ISSUE_DATE, SEAT_NUMBER, BASE_FARE_USD, TAX_AMOUNT_USD, FEE_AMOUNT_USD, DISCOUNT_AMOUNT_USD, FINAL_TICKET_AMOUNT_USD, TICKET_STATUS, MILES_EARNED, MILES_REDEEMED) VALUES (100029, 'ETKT-2024000029', 29, 65, 29, 3, TO_DATE('26-JAN-2024', 'DD-MON-YYYY'), '19B', 427, 63, 35, 0, 525, 'USED', 1050, 0);
INSERT INTO  TICKETS (TICKET_ID, TICKET_NUMBER, RESERVATION_ID, PASSENGER_ID, FLIGHT_ID, FARE_CLASS_ID, ISSUE_DATE, SEAT_NUMBER, BASE_FARE_USD, TAX_AMOUNT_USD, FEE_AMOUNT_USD, DISCOUNT_AMOUNT_USD, FINAL_TICKET_AMOUNT_USD, TICKET_STATUS, MILES_EARNED, MILES_REDEEMED) VALUES (100030, 'ETKT-2024000030', 30, 77, 30, 3, TO_DATE('27-JAN-2024', 'DD-MON-YYYY'), '23B', 493, 72, 35, 0, 600, 'ISSUED', 1200, 0);
INSERT INTO  TICKETS (TICKET_ID, TICKET_NUMBER, RESERVATION_ID, PASSENGER_ID, FLIGHT_ID, FARE_CLASS_ID, ISSUE_DATE, SEAT_NUMBER, BASE_FARE_USD, TAX_AMOUNT_USD, FEE_AMOUNT_USD, DISCOUNT_AMOUNT_USD, FINAL_TICKET_AMOUNT_USD, TICKET_STATUS, MILES_EARNED, MILES_REDEEMED) VALUES (100031, 'ETKT-2024000031', 31, 1, 31, 3, TO_DATE('28-JAN-2024', 'DD-MON-YYYY'), '10C', 1056.2, 148.8, 35, 0, 1240, 'USED', 1500, 0);
INSERT INTO  TICKETS (TICKET_ID, TICKET_NUMBER, RESERVATION_ID, PASSENGER_ID, FLIGHT_ID, FARE_CLASS_ID, ISSUE_DATE, SEAT_NUMBER, BASE_FARE_USD, TAX_AMOUNT_USD, FEE_AMOUNT_USD, DISCOUNT_AMOUNT_USD, FINAL_TICKET_AMOUNT_USD, TICKET_STATUS, MILES_EARNED, MILES_REDEEMED) VALUES (100032, 'ETKT-2024000032', 32, 3, 32, 5, TO_DATE('29-JAN-2024', 'DD-MON-YYYY'), '1B', 2404, 336, 60, 0, 2800, 'USED', 8400, 0);
INSERT INTO  TICKETS (TICKET_ID, TICKET_NUMBER, RESERVATION_ID, PASSENGER_ID, FLIGHT_ID, FARE_CLASS_ID, ISSUE_DATE, SEAT_NUMBER, BASE_FARE_USD, TAX_AMOUNT_USD, FEE_AMOUNT_USD, DISCOUNT_AMOUNT_USD, FINAL_TICKET_AMOUNT_USD, TICKET_STATUS, MILES_EARNED, MILES_REDEEMED) VALUES (100033, 'ETKT-2024000033', 33, 5, 33, 2, TO_DATE('30-JAN-2024', 'DD-MON-YYYY'), '28A', 0, 0, 15, 0, 0, 'ISSUED', 0, 4000);
INSERT INTO  TICKETS (TICKET_ID, TICKET_NUMBER, RESERVATION_ID, PASSENGER_ID, FLIGHT_ID, FARE_CLASS_ID, ISSUE_DATE, SEAT_NUMBER, BASE_FARE_USD, TAX_AMOUNT_USD, FEE_AMOUNT_USD, DISCOUNT_AMOUNT_USD, FINAL_TICKET_AMOUNT_USD, TICKET_STATUS, MILES_EARNED, MILES_REDEEMED) VALUES (100034, 'ETKT-2024000034', 34, 9, 34, 1, TO_DATE('31-JAN-2024', 'DD-MON-YYYY'), '35B', 328.2, 46.8, 15, 0, 390, 'USED', 97, 0);
INSERT INTO  TICKETS (TICKET_ID, TICKET_NUMBER, RESERVATION_ID, PASSENGER_ID, FLIGHT_ID, FARE_CLASS_ID, ISSUE_DATE, SEAT_NUMBER, BASE_FARE_USD, TAX_AMOUNT_USD, FEE_AMOUNT_USD, DISCOUNT_AMOUNT_USD, FINAL_TICKET_AMOUNT_USD, TICKET_STATUS, MILES_EARNED, MILES_REDEEMED) VALUES (100035, 'ETKT-2024000035', 35, 11, 35, 1, TO_DATE('01-FEB-2024', 'DD-MON-YYYY'), '40C', 169.8, 25.2, 15, 0, 210, 'USED', 52, 0);
INSERT INTO  TICKETS (TICKET_ID, TICKET_NUMBER, RESERVATION_ID, PASSENGER_ID, FLIGHT_ID, FARE_CLASS_ID, ISSUE_DATE, SEAT_NUMBER, BASE_FARE_USD, TAX_AMOUNT_USD, FEE_AMOUNT_USD, DISCOUNT_AMOUNT_USD, FINAL_TICKET_AMOUNT_USD, TICKET_STATUS, MILES_EARNED, MILES_REDEEMED) VALUES (100036, 'ETKT-2024000036', 36, 13, 36, 4, TO_DATE('02-FEB-2024', 'DD-MON-YYYY'), '8C', 669, 96, 35, 0, 800, 'USED', 1600, 0);
INSERT INTO  TICKETS (TICKET_ID, TICKET_NUMBER, RESERVATION_ID, PASSENGER_ID, FLIGHT_ID, FARE_CLASS_ID, ISSUE_DATE, SEAT_NUMBER, BASE_FARE_USD, TAX_AMOUNT_USD, FEE_AMOUNT_USD, DISCOUNT_AMOUNT_USD, FINAL_TICKET_AMOUNT_USD, TICKET_STATUS, MILES_EARNED, MILES_REDEEMED) VALUES (100037, 'ETKT-2024000037', 37, 17, 37, 5, TO_DATE('03-FEB-2024', 'DD-MON-YYYY'), '1A', 3108, 432, 60, 0, 3600, 'ISSUED', 21600, 0);
INSERT INTO  TICKETS (TICKET_ID, TICKET_NUMBER, RESERVATION_ID, PASSENGER_ID, FLIGHT_ID, FARE_CLASS_ID, ISSUE_DATE, SEAT_NUMBER, BASE_FARE_USD, TAX_AMOUNT_USD, FEE_AMOUNT_USD, DISCOUNT_AMOUNT_USD, FINAL_TICKET_AMOUNT_USD, TICKET_STATUS, MILES_EARNED, MILES_REDEEMED) VALUES (100038, 'ETKT-2024000038', 38, 19, 38, 3, TO_DATE('04-FEB-2024', 'DD-MON-YYYY'), '22C', 510.6, 74.4, 35, 0, 620, 'USED', 1240, 0);
INSERT INTO  TICKETS (TICKET_ID, TICKET_NUMBER, RESERVATION_ID, PASSENGER_ID, FLIGHT_ID, FARE_CLASS_ID, ISSUE_DATE, SEAT_NUMBER, BASE_FARE_USD, TAX_AMOUNT_USD, FEE_AMOUNT_USD, DISCOUNT_AMOUNT_USD, FINAL_TICKET_AMOUNT_USD, TICKET_STATUS, MILES_EARNED, MILES_REDEEMED) VALUES (100039, 'ETKT-2024000039', 39, 23, 39, 4, TO_DATE('05-FEB-2024', 'DD-MON-YYYY'), '14C', 730.6, 104.4, 35, 0, 870, 'USED', 1740, 0);
INSERT INTO  TICKETS (TICKET_ID, TICKET_NUMBER, RESERVATION_ID, PASSENGER_ID, FLIGHT_ID, FARE_CLASS_ID, ISSUE_DATE, SEAT_NUMBER, BASE_FARE_USD, TAX_AMOUNT_USD, FEE_AMOUNT_USD, DISCOUNT_AMOUNT_USD, FINAL_TICKET_AMOUNT_USD, TICKET_STATUS, MILES_EARNED, MILES_REDEEMED) VALUES (100040, 'ETKT-2024000040', 40, 25, 40, 1, TO_DATE('06-FEB-2024', 'DD-MON-YYYY'), '30D', 108.2, 16.8, 15, 0, 140, 'USED', 35, 0);
INSERT INTO  TICKETS (TICKET_ID, TICKET_NUMBER, RESERVATION_ID, PASSENGER_ID, FLIGHT_ID, FARE_CLASS_ID, ISSUE_DATE, SEAT_NUMBER, BASE_FARE_USD, TAX_AMOUNT_USD, FEE_AMOUNT_USD, DISCOUNT_AMOUNT_USD, FINAL_TICKET_AMOUNT_USD, TICKET_STATUS, MILES_EARNED, MILES_REDEEMED) VALUES (100041, 'ETKT-2024000041', 41, 29, 41, 5, TO_DATE('07-FEB-2024', 'DD-MON-YYYY'), '2A', 3900, 540, 60, 0, 4500, 'USED', 27000, 0);
INSERT INTO  TICKETS (TICKET_ID, TICKET_NUMBER, RESERVATION_ID, PASSENGER_ID, FLIGHT_ID, FARE_CLASS_ID, ISSUE_DATE, SEAT_NUMBER, BASE_FARE_USD, TAX_AMOUNT_USD, FEE_AMOUNT_USD, DISCOUNT_AMOUNT_USD, FINAL_TICKET_AMOUNT_USD, TICKET_STATUS, MILES_EARNED, MILES_REDEEMED) VALUES (100042, 'ETKT-2024000042', 42, 31, 42, 3, TO_DATE('08-FEB-2024', 'DD-MON-YYYY'), '16B', 1153, 162, 35, 0, 1350, 'USED', 2700, 0);
INSERT INTO  TICKETS (TICKET_ID, TICKET_NUMBER, RESERVATION_ID, PASSENGER_ID, FLIGHT_ID, FARE_CLASS_ID, ISSUE_DATE, SEAT_NUMBER, BASE_FARE_USD, TAX_AMOUNT_USD, FEE_AMOUNT_USD, DISCOUNT_AMOUNT_USD, FINAL_TICKET_AMOUNT_USD, TICKET_STATUS, MILES_EARNED, MILES_REDEEMED) VALUES (100043, 'ETKT-2024000043', 43, 33, 43, 1, TO_DATE('09-FEB-2024', 'DD-MON-YYYY'), '50A', 143.4, 21.6, 15, 0, 180, 'USED', 45, 0);
INSERT INTO  TICKETS (TICKET_ID, TICKET_NUMBER, RESERVATION_ID, PASSENGER_ID, FLIGHT_ID, FARE_CLASS_ID, ISSUE_DATE, SEAT_NUMBER, BASE_FARE_USD, TAX_AMOUNT_USD, FEE_AMOUNT_USD, DISCOUNT_AMOUNT_USD, FINAL_TICKET_AMOUNT_USD, TICKET_STATUS, MILES_EARNED, MILES_REDEEMED) VALUES (100044, 'ETKT-2024000044', 44, 35, 44, 2, TO_DATE('10-FEB-2024', 'DD-MON-YYYY'), '35D', 156.6, 23.4, 15, 0, 195, 'USED', 48, 0);
INSERT INTO  TICKETS (TICKET_ID, TICKET_NUMBER, RESERVATION_ID, PASSENGER_ID, FLIGHT_ID, FARE_CLASS_ID, ISSUE_DATE, SEAT_NUMBER, BASE_FARE_USD, TAX_AMOUNT_USD, FEE_AMOUNT_USD, DISCOUNT_AMOUNT_USD, FINAL_TICKET_AMOUNT_USD, TICKET_STATUS, MILES_EARNED, MILES_REDEEMED) VALUES (100045, 'ETKT-2024000045', 45, 37, 45, 1, TO_DATE('11-FEB-2024', 'DD-MON-YYYY'), '60E', 178.6, 26.4, 15, 0, 220, 'USED', 55, 0);
INSERT INTO  TICKETS (TICKET_ID, TICKET_NUMBER, RESERVATION_ID, PASSENGER_ID, FLIGHT_ID, FARE_CLASS_ID, ISSUE_DATE, SEAT_NUMBER, BASE_FARE_USD, TAX_AMOUNT_USD, FEE_AMOUNT_USD, DISCOUNT_AMOUNT_USD, FINAL_TICKET_AMOUNT_USD, TICKET_STATUS, MILES_EARNED, MILES_REDEEMED) VALUES (100046, 'ETKT-2024000046', 46, 39, 46, 1, TO_DATE('12-FEB-2024', 'DD-MON-YYYY'), '45B', 156.6, 23.4, 15, 0, 195, 'REFUNDED', 0, 0);
INSERT INTO  TICKETS (TICKET_ID, TICKET_NUMBER, RESERVATION_ID, PASSENGER_ID, FLIGHT_ID, FARE_CLASS_ID, ISSUE_DATE, SEAT_NUMBER, BASE_FARE_USD, TAX_AMOUNT_USD, FEE_AMOUNT_USD, DISCOUNT_AMOUNT_USD, FINAL_TICKET_AMOUNT_USD, TICKET_STATUS, MILES_EARNED, MILES_REDEEMED) VALUES (100047, 'ETKT-2024000047', 47, 41, 47, 3, TO_DATE('13-FEB-2024', 'DD-MON-YYYY'), '22D', 1971.4, 273.6, 35, 0, 2280, 'USED', 4560, 0);
INSERT INTO  TICKETS (TICKET_ID, TICKET_NUMBER, RESERVATION_ID, PASSENGER_ID, FLIGHT_ID, FARE_CLASS_ID, ISSUE_DATE, SEAT_NUMBER, BASE_FARE_USD, TAX_AMOUNT_USD, FEE_AMOUNT_USD, DISCOUNT_AMOUNT_USD, FINAL_TICKET_AMOUNT_USD, TICKET_STATUS, MILES_EARNED, MILES_REDEEMED) VALUES (100048, 'ETKT-2024000048', 48, 43, 48, 3, TO_DATE('14-FEB-2024', 'DD-MON-YYYY'), '21B', 427, 63, 35, 0, 525, 'REFUNDED', 1050, 0);
INSERT INTO  TICKETS (TICKET_ID, TICKET_NUMBER, RESERVATION_ID, PASSENGER_ID, FLIGHT_ID, FARE_CLASS_ID, ISSUE_DATE, SEAT_NUMBER, BASE_FARE_USD, TAX_AMOUNT_USD, FEE_AMOUNT_USD, DISCOUNT_AMOUNT_USD, FINAL_TICKET_AMOUNT_USD, TICKET_STATUS, MILES_EARNED, MILES_REDEEMED) VALUES (100049, 'ETKT-2024000049', 49, 45, 49, 3, TO_DATE('15-FEB-2024', 'DD-MON-YYYY'), '24B', 493, 72, 35, 0, 600, 'USED', 1200, 0);
INSERT INTO  TICKETS (TICKET_ID, TICKET_NUMBER, RESERVATION_ID, PASSENGER_ID, FLIGHT_ID, FARE_CLASS_ID, ISSUE_DATE, SEAT_NUMBER, BASE_FARE_USD, TAX_AMOUNT_USD, FEE_AMOUNT_USD, DISCOUNT_AMOUNT_USD, FINAL_TICKET_AMOUNT_USD, TICKET_STATUS, MILES_EARNED, MILES_REDEEMED) VALUES (100050, 'ETKT-2024000050', 50, 47, 50, 1, TO_DATE('16-FEB-2024', 'DD-MON-YYYY'), '38C', 117, 18, 15, 0, 150, 'REFUNDED', 37, 0);
INSERT INTO  TICKETS (TICKET_ID, TICKET_NUMBER, RESERVATION_ID, PASSENGER_ID, FLIGHT_ID, FARE_CLASS_ID, ISSUE_DATE, SEAT_NUMBER, BASE_FARE_USD, TAX_AMOUNT_USD, FEE_AMOUNT_USD, DISCOUNT_AMOUNT_USD, FINAL_TICKET_AMOUNT_USD, TICKET_STATUS, MILES_EARNED, MILES_REDEEMED) VALUES (100051, 'ETKT-2024000051', 51, 4, 51, 6, TO_DATE('17-FEB-2024', 'DD-MON-YYYY'), '80D', 216.28, 23.52, 15, 58.8, 196, 'USED', 49, 0);
INSERT INTO  TICKETS (TICKET_ID, TICKET_NUMBER, RESERVATION_ID, PASSENGER_ID, FLIGHT_ID, FARE_CLASS_ID, ISSUE_DATE, SEAT_NUMBER, BASE_FARE_USD, TAX_AMOUNT_USD, FEE_AMOUNT_USD, DISCOUNT_AMOUNT_USD, FINAL_TICKET_AMOUNT_USD, TICKET_STATUS, MILES_EARNED, MILES_REDEEMED) VALUES (100052, 'ETKT-2024000052', 52, 7, 52, 5, TO_DATE('18-FEB-2024', 'DD-MON-YYYY'), '3B', 3900, 540, 60, 0, 4500, 'REFUNDED', 27000, 0);
INSERT INTO  TICKETS (TICKET_ID, TICKET_NUMBER, RESERVATION_ID, PASSENGER_ID, FLIGHT_ID, FARE_CLASS_ID, ISSUE_DATE, SEAT_NUMBER, BASE_FARE_USD, TAX_AMOUNT_USD, FEE_AMOUNT_USD, DISCOUNT_AMOUNT_USD, FINAL_TICKET_AMOUNT_USD, TICKET_STATUS, MILES_EARNED, MILES_REDEEMED) VALUES (100053, 'ETKT-2024000053', 53, 10, 53, 1, TO_DATE('19-FEB-2024', 'DD-MON-YYYY'), '45E', 301.8, 43.2, 15, 0, 360, 'USED', 90, 0);
INSERT INTO  TICKETS (TICKET_ID, TICKET_NUMBER, RESERVATION_ID, PASSENGER_ID, FLIGHT_ID, FARE_CLASS_ID, ISSUE_DATE, SEAT_NUMBER, BASE_FARE_USD, TAX_AMOUNT_USD, FEE_AMOUNT_USD, DISCOUNT_AMOUNT_USD, FINAL_TICKET_AMOUNT_USD, TICKET_STATUS, MILES_EARNED, MILES_REDEEMED) VALUES (100054, 'ETKT-2024000054', 54, 16, 54, 2, TO_DATE('20-FEB-2024', 'DD-MON-YYYY'), '29C', 156.6, 23.4, 15, 0, 195, 'USED', 48, 0);
INSERT INTO  TICKETS (TICKET_ID, TICKET_NUMBER, RESERVATION_ID, PASSENGER_ID, FLIGHT_ID, FARE_CLASS_ID, ISSUE_DATE, SEAT_NUMBER, BASE_FARE_USD, TAX_AMOUNT_USD, FEE_AMOUNT_USD, DISCOUNT_AMOUNT_USD, FINAL_TICKET_AMOUNT_USD, TICKET_STATUS, MILES_EARNED, MILES_REDEEMED) VALUES (100055, 'ETKT-2024000055', 55, 20, 55, 1, TO_DATE('21-FEB-2024', 'DD-MON-YYYY'), '65A', 143.4, 21.6, 15, 0, 180, 'ISSUED', 45, 0);
INSERT INTO  TICKETS (TICKET_ID, TICKET_NUMBER, RESERVATION_ID, PASSENGER_ID, FLIGHT_ID, FARE_CLASS_ID, ISSUE_DATE, SEAT_NUMBER, BASE_FARE_USD, TAX_AMOUNT_USD, FEE_AMOUNT_USD, DISCOUNT_AMOUNT_USD, FINAL_TICKET_AMOUNT_USD, TICKET_STATUS, MILES_EARNED, MILES_REDEEMED) VALUES (100056, 'ETKT-2024000056', 56, 22, 56, 3, TO_DATE('22-FEB-2024', 'DD-MON-YYYY'), '18C', 1153, 162, 35, 0, 1350, 'USED', 2700, 0);
INSERT INTO  TICKETS (TICKET_ID, TICKET_NUMBER, RESERVATION_ID, PASSENGER_ID, FLIGHT_ID, FARE_CLASS_ID, ISSUE_DATE, SEAT_NUMBER, BASE_FARE_USD, TAX_AMOUNT_USD, FEE_AMOUNT_USD, DISCOUNT_AMOUNT_USD, FINAL_TICKET_AMOUNT_USD, TICKET_STATUS, MILES_EARNED, MILES_REDEEMED) VALUES (100057, 'ETKT-2024000057', 57, 26, 57, 4, TO_DATE('23-FEB-2024', 'DD-MON-YYYY'), '12D', 757, 108, 35, 0, 900, 'USED', 1800, 0);
INSERT INTO  TICKETS (TICKET_ID, TICKET_NUMBER, RESERVATION_ID, PASSENGER_ID, FLIGHT_ID, FARE_CLASS_ID, ISSUE_DATE, SEAT_NUMBER, BASE_FARE_USD, TAX_AMOUNT_USD, FEE_AMOUNT_USD, DISCOUNT_AMOUNT_USD, FINAL_TICKET_AMOUNT_USD, TICKET_STATUS, MILES_EARNED, MILES_REDEEMED) VALUES (100058, 'ETKT-2024000058', 58, 28, 58, 1, TO_DATE('24-FEB-2024', 'DD-MON-YYYY'), '70B', 0, 0, 15, 0, 0, 'USED', 0, 5000);
INSERT INTO  TICKETS (TICKET_ID, TICKET_NUMBER, RESERVATION_ID, PASSENGER_ID, FLIGHT_ID, FARE_CLASS_ID, ISSUE_DATE, SEAT_NUMBER, BASE_FARE_USD, TAX_AMOUNT_USD, FEE_AMOUNT_USD, DISCOUNT_AMOUNT_USD, FINAL_TICKET_AMOUNT_USD, TICKET_STATUS, MILES_EARNED, MILES_REDEEMED) VALUES (100059, 'ETKT-2024000059', 59, 30, 59, 1, TO_DATE('25-FEB-2024', 'DD-MON-YYYY'), '55C', 143.4, 21.6, 15, 0, 180, 'USED', 45, 0);
INSERT INTO  TICKETS (TICKET_ID, TICKET_NUMBER, RESERVATION_ID, PASSENGER_ID, FLIGHT_ID, FARE_CLASS_ID, ISSUE_DATE, SEAT_NUMBER, BASE_FARE_USD, TAX_AMOUNT_USD, FEE_AMOUNT_USD, DISCOUNT_AMOUNT_USD, FINAL_TICKET_AMOUNT_USD, TICKET_STATUS, MILES_EARNED, MILES_REDEEMED) VALUES (100060, 'ETKT-2024000060', 60, 32, 60, 2, TO_DATE('26-FEB-2024', 'DD-MON-YYYY'), '44D', 98.3, 13.2, 15, 16.5, 110, 'USED', 27, 0);
INSERT INTO  TICKETS (TICKET_ID, TICKET_NUMBER, RESERVATION_ID, PASSENGER_ID, FLIGHT_ID, FARE_CLASS_ID, ISSUE_DATE, SEAT_NUMBER, BASE_FARE_USD, TAX_AMOUNT_USD, FEE_AMOUNT_USD, DISCOUNT_AMOUNT_USD, FINAL_TICKET_AMOUNT_USD, TICKET_STATUS, MILES_EARNED, MILES_REDEEMED) VALUES (100061, 'ETKT-2024000061', 61, 34, 61, 3, TO_DATE('27-FEB-2024', 'DD-MON-YYYY'), '20C', 651.4, 93.6, 35, 0, 780, 'USED', 1560, 0);
INSERT INTO  TICKETS (TICKET_ID, TICKET_NUMBER, RESERVATION_ID, PASSENGER_ID, FLIGHT_ID, FARE_CLASS_ID, ISSUE_DATE, SEAT_NUMBER, BASE_FARE_USD, TAX_AMOUNT_USD, FEE_AMOUNT_USD, DISCOUNT_AMOUNT_USD, FINAL_TICKET_AMOUNT_USD, TICKET_STATUS, MILES_EARNED, MILES_REDEEMED) VALUES (100062, 'ETKT-2024000062', 62, 36, 62, 2, TO_DATE('28-FEB-2024', 'DD-MON-YYYY'), '40E', 182.12, 26.88, 15, 0, 224, 'USED', 56, 0);
INSERT INTO  TICKETS (TICKET_ID, TICKET_NUMBER, RESERVATION_ID, PASSENGER_ID, FLIGHT_ID, FARE_CLASS_ID, ISSUE_DATE, SEAT_NUMBER, BASE_FARE_USD, TAX_AMOUNT_USD, FEE_AMOUNT_USD, DISCOUNT_AMOUNT_USD, FINAL_TICKET_AMOUNT_USD, TICKET_STATUS, MILES_EARNED, MILES_REDEEMED) VALUES (100063, 'ETKT-2024000063', 63, 38, 63, 3, TO_DATE('01-MAR-2024', 'DD-MON-YYYY'), '19C', 532, 63, 35, 105, 525, 'USED', 1050, 0);
INSERT INTO  TICKETS (TICKET_ID, TICKET_NUMBER, RESERVATION_ID, PASSENGER_ID, FLIGHT_ID, FARE_CLASS_ID, ISSUE_DATE, SEAT_NUMBER, BASE_FARE_USD, TAX_AMOUNT_USD, FEE_AMOUNT_USD, DISCOUNT_AMOUNT_USD, FINAL_TICKET_AMOUNT_USD, TICKET_STATUS, MILES_EARNED, MILES_REDEEMED) VALUES (100064, 'ETKT-2024000064', 64, 40, 64, 3, TO_DATE('02-MAR-2024', 'DD-MON-YYYY'), '25C', 613, 72, 35, 120, 600, 'USED', 1200, 0);
INSERT INTO  TICKETS (TICKET_ID, TICKET_NUMBER, RESERVATION_ID, PASSENGER_ID, FLIGHT_ID, FARE_CLASS_ID, ISSUE_DATE, SEAT_NUMBER, BASE_FARE_USD, TAX_AMOUNT_USD, FEE_AMOUNT_USD, DISCOUNT_AMOUNT_USD, FINAL_TICKET_AMOUNT_USD, TICKET_STATUS, MILES_EARNED, MILES_REDEEMED) VALUES (100065, 'ETKT-2024000065', 65, 42, 65, 1, TO_DATE('03-MAR-2024', 'DD-MON-YYYY'), '60B', 169.8, 25.2, 15, 0, 210, 'ISSUED', 52, 0);
INSERT INTO  TICKETS (TICKET_ID, TICKET_NUMBER, RESERVATION_ID, PASSENGER_ID, FLIGHT_ID, FARE_CLASS_ID, ISSUE_DATE, SEAT_NUMBER, BASE_FARE_USD, TAX_AMOUNT_USD, FEE_AMOUNT_USD, DISCOUNT_AMOUNT_USD, FINAL_TICKET_AMOUNT_USD, TICKET_STATUS, MILES_EARNED, MILES_REDEEMED) VALUES (100066, 'ETKT-2024000066', 66, 44, 66, 1, TO_DATE('04-MAR-2024', 'DD-MON-YYYY'), '38D', 156.6, 23.4, 15, 0, 195, 'USED', 48, 0);
INSERT INTO  TICKETS (TICKET_ID, TICKET_NUMBER, RESERVATION_ID, PASSENGER_ID, FLIGHT_ID, FARE_CLASS_ID, ISSUE_DATE, SEAT_NUMBER, BASE_FARE_USD, TAX_AMOUNT_USD, FEE_AMOUNT_USD, DISCOUNT_AMOUNT_USD, FINAL_TICKET_AMOUNT_USD, TICKET_STATUS, MILES_EARNED, MILES_REDEEMED) VALUES (100067, 'ETKT-2024000067', 67, 46, 67, 1, TO_DATE('05-MAR-2024', 'DD-MON-YYYY'), '75A', 222.6, 26.4, 15, 44, 220, 'USED', 55, 0);
INSERT INTO  TICKETS (TICKET_ID, TICKET_NUMBER, RESERVATION_ID, PASSENGER_ID, FLIGHT_ID, FARE_CLASS_ID, ISSUE_DATE, SEAT_NUMBER, BASE_FARE_USD, TAX_AMOUNT_USD, FEE_AMOUNT_USD, DISCOUNT_AMOUNT_USD, FINAL_TICKET_AMOUNT_USD, TICKET_STATUS, MILES_EARNED, MILES_REDEEMED) VALUES (100068, 'ETKT-2024000068', 68, 48, 68, 1, TO_DATE('06-MAR-2024', 'DD-MON-YYYY'), '42B', 108.2, 16.8, 15, 0, 140, 'REFUNDED', 35, 0);
INSERT INTO  TICKETS (TICKET_ID, TICKET_NUMBER, RESERVATION_ID, PASSENGER_ID, FLIGHT_ID, FARE_CLASS_ID, ISSUE_DATE, SEAT_NUMBER, BASE_FARE_USD, TAX_AMOUNT_USD, FEE_AMOUNT_USD, DISCOUNT_AMOUNT_USD, FINAL_TICKET_AMOUNT_USD, TICKET_STATUS, MILES_EARNED, MILES_REDEEMED) VALUES (100069, 'ETKT-2024000069', 69, 50, 69, 1, TO_DATE('07-MAR-2024', 'DD-MON-YYYY'), '55D', 83.56, 13.44, 15, 0, 112, 'USED', 28, 0);
INSERT INTO  TICKETS (TICKET_ID, TICKET_NUMBER, RESERVATION_ID, PASSENGER_ID, FLIGHT_ID, FARE_CLASS_ID, ISSUE_DATE, SEAT_NUMBER, BASE_FARE_USD, TAX_AMOUNT_USD, FEE_AMOUNT_USD, DISCOUNT_AMOUNT_USD, FINAL_TICKET_AMOUNT_USD, TICKET_STATUS, MILES_EARNED, MILES_REDEEMED) VALUES (100070, 'ETKT-2024000070', 70, 52, 70, 3, TO_DATE('08-MAR-2024', 'DD-MON-YYYY'), '20B', 1337.8, 187.2, 35, 0, 1560, 'USED', 3120, 0);
INSERT INTO  TICKETS (TICKET_ID, TICKET_NUMBER, RESERVATION_ID, PASSENGER_ID, FLIGHT_ID, FARE_CLASS_ID, ISSUE_DATE, SEAT_NUMBER, BASE_FARE_USD, TAX_AMOUNT_USD, FEE_AMOUNT_USD, DISCOUNT_AMOUNT_USD, FINAL_TICKET_AMOUNT_USD, TICKET_STATUS, MILES_EARNED, MILES_REDEEMED) VALUES (100071, 'ETKT-2024000071', 71, 54, 71, 3, TO_DATE('09-MAR-2024', 'DD-MON-YYYY'), '18D', 1056.2, 148.8, 35, 0, 1240, 'USED', 1500, 0);
INSERT INTO  TICKETS (TICKET_ID, TICKET_NUMBER, RESERVATION_ID, PASSENGER_ID, FLIGHT_ID, FARE_CLASS_ID, ISSUE_DATE, SEAT_NUMBER, BASE_FARE_USD, TAX_AMOUNT_USD, FEE_AMOUNT_USD, DISCOUNT_AMOUNT_USD, FINAL_TICKET_AMOUNT_USD, TICKET_STATUS, MILES_EARNED, MILES_REDEEMED) VALUES (100072, 'ETKT-2024000072', 72, 56, 72, 4, TO_DATE('10-MAR-2024', 'DD-MON-YYYY'), '10D', 783.4, 111.6, 35, 0, 930, 'ISSUED', 1860, 0);
INSERT INTO  TICKETS (TICKET_ID, TICKET_NUMBER, RESERVATION_ID, PASSENGER_ID, FLIGHT_ID, FARE_CLASS_ID, ISSUE_DATE, SEAT_NUMBER, BASE_FARE_USD, TAX_AMOUNT_USD, FEE_AMOUNT_USD, DISCOUNT_AMOUNT_USD, FINAL_TICKET_AMOUNT_USD, TICKET_STATUS, MILES_EARNED, MILES_REDEEMED) VALUES (100073, 'ETKT-2024000073', 73, 58, 73, 1, TO_DATE('11-MAR-2024', 'DD-MON-YYYY'), '50C', 301.8, 43.2, 15, 0, 360, 'USED', 90, 0);
INSERT INTO  TICKETS (TICKET_ID, TICKET_NUMBER, RESERVATION_ID, PASSENGER_ID, FLIGHT_ID, FARE_CLASS_ID, ISSUE_DATE, SEAT_NUMBER, BASE_FARE_USD, TAX_AMOUNT_USD, FEE_AMOUNT_USD, DISCOUNT_AMOUNT_USD, FINAL_TICKET_AMOUNT_USD, TICKET_STATUS, MILES_EARNED, MILES_REDEEMED) VALUES (100074, 'ETKT-2024000074', 74, 60, 74, 2, TO_DATE('12-MAR-2024', 'DD-MON-YYYY'), '34B', 156.6, 23.4, 15, 0, 195, 'USED', 48, 0);
INSERT INTO  TICKETS (TICKET_ID, TICKET_NUMBER, RESERVATION_ID, PASSENGER_ID, FLIGHT_ID, FARE_CLASS_ID, ISSUE_DATE, SEAT_NUMBER, BASE_FARE_USD, TAX_AMOUNT_USD, FEE_AMOUNT_USD, DISCOUNT_AMOUNT_USD, FINAL_TICKET_AMOUNT_USD, TICKET_STATUS, MILES_EARNED, MILES_REDEEMED) VALUES (100075, 'ETKT-2024000075', 75, 62, 75, 1, TO_DATE('13-MAR-2024', 'DD-MON-YYYY'), '62C', 328.2, 46.8, 15, 0, 390, 'ISSUED', 97, 0);
INSERT INTO  TICKETS (TICKET_ID, TICKET_NUMBER, RESERVATION_ID, PASSENGER_ID, FLIGHT_ID, FARE_CLASS_ID, ISSUE_DATE, SEAT_NUMBER, BASE_FARE_USD, TAX_AMOUNT_USD, FEE_AMOUNT_USD, DISCOUNT_AMOUNT_USD, FINAL_TICKET_AMOUNT_USD, TICKET_STATUS, MILES_EARNED, MILES_REDEEMED) VALUES (100076, 'ETKT-2024000076', 76, 64, 76, 5, TO_DATE('14-MAR-2024', 'DD-MON-YYYY'), '4A', 3900, 540, 60, 0, 4500, 'USED', 27000, 0);
INSERT INTO  TICKETS (TICKET_ID, TICKET_NUMBER, RESERVATION_ID, PASSENGER_ID, FLIGHT_ID, FARE_CLASS_ID, ISSUE_DATE, SEAT_NUMBER, BASE_FARE_USD, TAX_AMOUNT_USD, FEE_AMOUNT_USD, DISCOUNT_AMOUNT_USD, FINAL_TICKET_AMOUNT_USD, TICKET_STATUS, MILES_EARNED, MILES_REDEEMED) VALUES (100077, 'ETKT-2024000077', 77, 66, 77, 3, TO_DATE('15-MAR-2024', 'DD-MON-YYYY'), '22E', 757, 108, 35, 0, 900, 'USED', 1800, 0);
INSERT INTO  TICKETS (TICKET_ID, TICKET_NUMBER, RESERVATION_ID, PASSENGER_ID, FLIGHT_ID, FARE_CLASS_ID, ISSUE_DATE, SEAT_NUMBER, BASE_FARE_USD, TAX_AMOUNT_USD, FEE_AMOUNT_USD, DISCOUNT_AMOUNT_USD, FINAL_TICKET_AMOUNT_USD, TICKET_STATUS, MILES_EARNED, MILES_REDEEMED) VALUES (100078, 'ETKT-2024000078', 78, 68, 78, 3, TO_DATE('16-MAR-2024', 'DD-MON-YYYY'), '23C', 510.6, 74.4, 35, 0, 620, 'ISSUED', 1240, 0);
INSERT INTO  TICKETS (TICKET_ID, TICKET_NUMBER, RESERVATION_ID, PASSENGER_ID, FLIGHT_ID, FARE_CLASS_ID, ISSUE_DATE, SEAT_NUMBER, BASE_FARE_USD, TAX_AMOUNT_USD, FEE_AMOUNT_USD, DISCOUNT_AMOUNT_USD, FINAL_TICKET_AMOUNT_USD, TICKET_STATUS, MILES_EARNED, MILES_REDEEMED) VALUES (100079, 'ETKT-2024000079', 79, 1, 79, 4, TO_DATE('17-MAR-2024', 'DD-MON-YYYY'), '11B', 730.6, 104.4, 35, 0, 870, 'ISSUED', 1740, 0);
INSERT INTO  TICKETS (TICKET_ID, TICKET_NUMBER, RESERVATION_ID, PASSENGER_ID, FLIGHT_ID, FARE_CLASS_ID, ISSUE_DATE, SEAT_NUMBER, BASE_FARE_USD, TAX_AMOUNT_USD, FEE_AMOUNT_USD, DISCOUNT_AMOUNT_USD, FINAL_TICKET_AMOUNT_USD, TICKET_STATUS, MILES_EARNED, MILES_REDEEMED) VALUES (100080, 'ETKT-2024000080', 80, 5, 80, 1, TO_DATE('18-MAR-2024', 'DD-MON-YYYY'), '56A', 0, 0, 15, 0, 0, 'USED', 0, 3000);
INSERT INTO  TICKETS (TICKET_ID, TICKET_NUMBER, RESERVATION_ID, PASSENGER_ID, FLIGHT_ID, FARE_CLASS_ID, ISSUE_DATE, SEAT_NUMBER, BASE_FARE_USD, TAX_AMOUNT_USD, FEE_AMOUNT_USD, DISCOUNT_AMOUNT_USD, FINAL_TICKET_AMOUNT_USD, TICKET_STATUS, MILES_EARNED, MILES_REDEEMED) VALUES (100081, 'ETKT-2024000081', 81, 9, 81, 2, TO_DATE('19-MAR-2024', 'DD-MON-YYYY'), '44C', 122.28, 18.72, 15, 0, 156, 'ISSUED', 39, 0);
INSERT INTO  TICKETS (TICKET_ID, TICKET_NUMBER, RESERVATION_ID, PASSENGER_ID, FLIGHT_ID, FARE_CLASS_ID, ISSUE_DATE, SEAT_NUMBER, BASE_FARE_USD, TAX_AMOUNT_USD, FEE_AMOUNT_USD, DISCOUNT_AMOUNT_USD, FINAL_TICKET_AMOUNT_USD, TICKET_STATUS, MILES_EARNED, MILES_REDEEMED) VALUES (100082, 'ETKT-2024000082', 82, 13, 82, 3, TO_DATE('20-MAR-2024', 'DD-MON-YYYY'), '18E', 427, 63, 35, 0, 525, 'USED', 1050, 0);
INSERT INTO  TICKETS (TICKET_ID, TICKET_NUMBER, RESERVATION_ID, PASSENGER_ID, FLIGHT_ID, FARE_CLASS_ID, ISSUE_DATE, SEAT_NUMBER, BASE_FARE_USD, TAX_AMOUNT_USD, FEE_AMOUNT_USD, DISCOUNT_AMOUNT_USD, FINAL_TICKET_AMOUNT_USD, TICKET_STATUS, MILES_EARNED, MILES_REDEEMED) VALUES (100083, 'ETKT-2024000083', 83, 17, 83, 3, TO_DATE('21-MAR-2024', 'DD-MON-YYYY'), '24D', 493, 72, 35, 0, 600, 'USED', 1200, 0);
INSERT INTO  TICKETS (TICKET_ID, TICKET_NUMBER, RESERVATION_ID, PASSENGER_ID, FLIGHT_ID, FARE_CLASS_ID, ISSUE_DATE, SEAT_NUMBER, BASE_FARE_USD, TAX_AMOUNT_USD, FEE_AMOUNT_USD, DISCOUNT_AMOUNT_USD, FINAL_TICKET_AMOUNT_USD, TICKET_STATUS, MILES_EARNED, MILES_REDEEMED) VALUES (100084, 'ETKT-2024000084', 84, 19, 84, 1, TO_DATE('22-MAR-2024', 'DD-MON-YYYY'), '70C', 169.8, 25.2, 15, 0, 210, 'USED', 52, 0);
INSERT INTO  TICKETS (TICKET_ID, TICKET_NUMBER, RESERVATION_ID, PASSENGER_ID, FLIGHT_ID, FARE_CLASS_ID, ISSUE_DATE, SEAT_NUMBER, BASE_FARE_USD, TAX_AMOUNT_USD, FEE_AMOUNT_USD, DISCOUNT_AMOUNT_USD, FINAL_TICKET_AMOUNT_USD, TICKET_STATUS, MILES_EARNED, MILES_REDEEMED) VALUES (100085, 'ETKT-2024000085', 85, 29, 85, 2, TO_DATE('23-MAR-2024', 'DD-MON-YYYY'), '37A', 81.8, 13.2, 15, 0, 110, 'REFUNDED', 27, 0);
INSERT INTO  TICKETS (TICKET_ID, TICKET_NUMBER, RESERVATION_ID, PASSENGER_ID, FLIGHT_ID, FARE_CLASS_ID, ISSUE_DATE, SEAT_NUMBER, BASE_FARE_USD, TAX_AMOUNT_USD, FEE_AMOUNT_USD, DISCOUNT_AMOUNT_USD, FINAL_TICKET_AMOUNT_USD, TICKET_STATUS, MILES_EARNED, MILES_REDEEMED) VALUES (100086, 'ETKT-2024000086', 86, 45, 86, 3, TO_DATE('24-MAR-2024', 'DD-MON-YYYY'), '22F', 651.4, 93.6, 35, 0, 780, 'ISSUED', 1560, 0);
INSERT INTO  TICKETS (TICKET_ID, TICKET_NUMBER, RESERVATION_ID, PASSENGER_ID, FLIGHT_ID, FARE_CLASS_ID, ISSUE_DATE, SEAT_NUMBER, BASE_FARE_USD, TAX_AMOUNT_USD, FEE_AMOUNT_USD, DISCOUNT_AMOUNT_USD, FINAL_TICKET_AMOUNT_USD, TICKET_STATUS, MILES_EARNED, MILES_REDEEMED) VALUES (100087, 'ETKT-2024000087', 87, 61, 87, 5, TO_DATE('25-MAR-2024', 'DD-MON-YYYY'), '2C', 3900, 540, 60, 0, 4500, 'USED', 27000, 0);
INSERT INTO  TICKETS (TICKET_ID, TICKET_NUMBER, RESERVATION_ID, PASSENGER_ID, FLIGHT_ID, FARE_CLASS_ID, ISSUE_DATE, SEAT_NUMBER, BASE_FARE_USD, TAX_AMOUNT_USD, FEE_AMOUNT_USD, DISCOUNT_AMOUNT_USD, FINAL_TICKET_AMOUNT_USD, TICKET_STATUS, MILES_EARNED, MILES_REDEEMED) VALUES (100088, 'ETKT-2024000088', 88, 65, 88, 3, TO_DATE('26-MAR-2024', 'DD-MON-YYYY'), '23D', 532.6, 77.4, 35, 0, 645, 'REFUNDED', 1290, 0);
INSERT INTO  TICKETS (TICKET_ID, TICKET_NUMBER, RESERVATION_ID, PASSENGER_ID, FLIGHT_ID, FARE_CLASS_ID, ISSUE_DATE, SEAT_NUMBER, BASE_FARE_USD, TAX_AMOUNT_USD, FEE_AMOUNT_USD, DISCOUNT_AMOUNT_USD, FINAL_TICKET_AMOUNT_USD, TICKET_STATUS, MILES_EARNED, MILES_REDEEMED) VALUES (100089, 'ETKT-2024000089', 89, 3, 89, 3, TO_DATE('27-MAR-2024', 'DD-MON-YYYY'), '15D', 1056.2, 148.8, 35, 0, 1240, 'REFUNDED', 1500, 0);
INSERT INTO  TICKETS (TICKET_ID, TICKET_NUMBER, RESERVATION_ID, PASSENGER_ID, FLIGHT_ID, FARE_CLASS_ID, ISSUE_DATE, SEAT_NUMBER, BASE_FARE_USD, TAX_AMOUNT_USD, FEE_AMOUNT_USD, DISCOUNT_AMOUNT_USD, FINAL_TICKET_AMOUNT_USD, TICKET_STATUS, MILES_EARNED, MILES_REDEEMED) VALUES (100090, 'ETKT-2024000090', 90, 25, 90, 5, TO_DATE('28-MAR-2024', 'DD-MON-YYYY'), '1C', 3108, 432, 60, 0, 3600, 'REFUNDED', 21600, 0);
INSERT INTO  TICKETS (TICKET_ID, TICKET_NUMBER, RESERVATION_ID, PASSENGER_ID, FLIGHT_ID, FARE_CLASS_ID, ISSUE_DATE, SEAT_NUMBER, BASE_FARE_USD, TAX_AMOUNT_USD, FEE_AMOUNT_USD, DISCOUNT_AMOUNT_USD, FINAL_TICKET_AMOUNT_USD, TICKET_STATUS, MILES_EARNED, MILES_REDEEMED) VALUES (100091, 'ETKT-2024000091', 91, 53, 91, 1, TO_DATE('29-MAR-2024', 'DD-MON-YYYY'), '30E', 706.6, 98.4, 15, 0, 820, 'VOIDED', 0, 0);
INSERT INTO  TICKETS (TICKET_ID, TICKET_NUMBER, RESERVATION_ID, PASSENGER_ID, FLIGHT_ID, FARE_CLASS_ID, ISSUE_DATE, SEAT_NUMBER, BASE_FARE_USD, TAX_AMOUNT_USD, FEE_AMOUNT_USD, DISCOUNT_AMOUNT_USD, FINAL_TICKET_AMOUNT_USD, TICKET_STATUS, MILES_EARNED, MILES_REDEEMED) VALUES (100092, 'ETKT-2024000092', 92, 77, 92, 2, TO_DATE('30-MAR-2024', 'DD-MON-YYYY'), '36B', 132.84, 20.16, 15, 0, 168, 'USED', 42, 0);
INSERT INTO  TICKETS (TICKET_ID, TICKET_NUMBER, RESERVATION_ID, PASSENGER_ID, FLIGHT_ID, FARE_CLASS_ID, ISSUE_DATE, SEAT_NUMBER, BASE_FARE_USD, TAX_AMOUNT_USD, FEE_AMOUNT_USD, DISCOUNT_AMOUNT_USD, FINAL_TICKET_AMOUNT_USD, TICKET_STATUS, MILES_EARNED, MILES_REDEEMED) VALUES (100093, 'ETKT-2024000093', 93, 79, 93, 1, TO_DATE('31-MAR-2024', 'DD-MON-YYYY'), '54D', 328.2, 46.8, 15, 0, 390, 'USED', 97, 0);
INSERT INTO  TICKETS (TICKET_ID, TICKET_NUMBER, RESERVATION_ID, PASSENGER_ID, FLIGHT_ID, FARE_CLASS_ID, ISSUE_DATE, SEAT_NUMBER, BASE_FARE_USD, TAX_AMOUNT_USD, FEE_AMOUNT_USD, DISCOUNT_AMOUNT_USD, FINAL_TICKET_AMOUNT_USD, TICKET_STATUS, MILES_EARNED, MILES_REDEEMED) VALUES (100094, 'ETKT-2024000094', 94, 1, 94, 5, TO_DATE('01-APR-2024', 'DD-MON-YYYY'), '3A', 4868, 672, 60, 0, 5600, 'USED', 33600, 0);
INSERT INTO  TICKETS (TICKET_ID, TICKET_NUMBER, RESERVATION_ID, PASSENGER_ID, FLIGHT_ID, FARE_CLASS_ID, ISSUE_DATE, SEAT_NUMBER, BASE_FARE_USD, TAX_AMOUNT_USD, FEE_AMOUNT_USD, DISCOUNT_AMOUNT_USD, FINAL_TICKET_AMOUNT_USD, TICKET_STATUS, MILES_EARNED, MILES_REDEEMED) VALUES (100095, 'ETKT-2024000095', 95, 5, 95, 4, TO_DATE('02-APR-2024', 'DD-MON-YYYY'), '9D', 730.6, 104.4, 35, 0, 870, 'USED', 1740, 0);
INSERT INTO  TICKETS (TICKET_ID, TICKET_NUMBER, RESERVATION_ID, PASSENGER_ID, FLIGHT_ID, FARE_CLASS_ID, ISSUE_DATE, SEAT_NUMBER, BASE_FARE_USD, TAX_AMOUNT_USD, FEE_AMOUNT_USD, DISCOUNT_AMOUNT_USD, FINAL_TICKET_AMOUNT_USD, TICKET_STATUS, MILES_EARNED, MILES_REDEEMED) VALUES (100096, 'ETKT-2024000096', 96, 9, 96, 3, TO_DATE('03-APR-2024', 'DD-MON-YYYY'), '21C', 651.4, 93.6, 35, 0, 780, 'USED', 1560, 0);
INSERT INTO  TICKETS (TICKET_ID, TICKET_NUMBER, RESERVATION_ID, PASSENGER_ID, FLIGHT_ID, FARE_CLASS_ID, ISSUE_DATE, SEAT_NUMBER, BASE_FARE_USD, TAX_AMOUNT_USD, FEE_AMOUNT_USD, DISCOUNT_AMOUNT_USD, FINAL_TICKET_AMOUNT_USD, TICKET_STATUS, MILES_EARNED, MILES_REDEEMED) VALUES (100097, 'ETKT-2024000097', 97, 13, 97, 1, TO_DATE('04-APR-2024', 'DD-MON-YYYY'), '45D', 169.8, 25.2, 15, 0, 210, 'USED', 52, 0);
INSERT INTO  TICKETS (TICKET_ID, TICKET_NUMBER, RESERVATION_ID, PASSENGER_ID, FLIGHT_ID, FARE_CLASS_ID, ISSUE_DATE, SEAT_NUMBER, BASE_FARE_USD, TAX_AMOUNT_USD, FEE_AMOUNT_USD, DISCOUNT_AMOUNT_USD, FINAL_TICKET_AMOUNT_USD, TICKET_STATUS, MILES_EARNED, MILES_REDEEMED) VALUES (100098, 'ETKT-2024000098', 98, 17, 98, 1, TO_DATE('05-APR-2024', 'DD-MON-YYYY'), '56B', 143.4, 21.6, 15, 0, 180, 'USED', 45, 0);
INSERT INTO  TICKETS (TICKET_ID, TICKET_NUMBER, RESERVATION_ID, PASSENGER_ID, FLIGHT_ID, FARE_CLASS_ID, ISSUE_DATE, SEAT_NUMBER, BASE_FARE_USD, TAX_AMOUNT_USD, FEE_AMOUNT_USD, DISCOUNT_AMOUNT_USD, FINAL_TICKET_AMOUNT_USD, TICKET_STATUS, MILES_EARNED, MILES_REDEEMED) VALUES (100099, 'ETKT-2024000099', 99, 19, 99, 2, TO_DATE('06-APR-2024', 'DD-MON-YYYY'), '44E', 122.28, 18.72, 15, 0, 156, 'ISSUED', 39, 0);
INSERT INTO  TICKETS (TICKET_ID, TICKET_NUMBER, RESERVATION_ID, PASSENGER_ID, FLIGHT_ID, FARE_CLASS_ID, ISSUE_DATE, SEAT_NUMBER, BASE_FARE_USD, TAX_AMOUNT_USD, FEE_AMOUNT_USD, DISCOUNT_AMOUNT_USD, FINAL_TICKET_AMOUNT_USD, TICKET_STATUS, MILES_EARNED, MILES_REDEEMED) VALUES (100100, 'ETKT-2024000100', 100, 45, 100, 1, TO_DATE('07-APR-2024', 'DD-MON-YYYY'), '65C', 178.6, 26.4, 15, 0, 220, 'USED', 55, 0);
INSERT INTO  TICKETS (TICKET_ID, TICKET_NUMBER, RESERVATION_ID, PASSENGER_ID, FLIGHT_ID, FARE_CLASS_ID, ISSUE_DATE, SEAT_NUMBER, BASE_FARE_USD, TAX_AMOUNT_USD, FEE_AMOUNT_USD, DISCOUNT_AMOUNT_USD, FINAL_TICKET_AMOUNT_USD, TICKET_STATUS, MILES_EARNED, MILES_REDEEMED) VALUES (100101, 'ETKT-2024000101', 101, 2, 101, 2, TO_DATE('08-APR-2024', 'DD-MON-YYYY'), '42D', 143.2, 16.8, 15, 35, 140, 'USED', 35, 0);
INSERT INTO  TICKETS (TICKET_ID, TICKET_NUMBER, RESERVATION_ID, PASSENGER_ID, FLIGHT_ID, FARE_CLASS_ID, ISSUE_DATE, SEAT_NUMBER, BASE_FARE_USD, TAX_AMOUNT_USD, FEE_AMOUNT_USD, DISCOUNT_AMOUNT_USD, FINAL_TICKET_AMOUNT_USD, TICKET_STATUS, MILES_EARNED, MILES_REDEEMED) VALUES (100102, 'ETKT-2024000102', 102, 6, 102, 3, TO_DATE('09-APR-2024', 'DD-MON-YYYY'), '20D', 982, 108, 35, 225, 900, 'USED', 1800, 0);
INSERT INTO  TICKETS (TICKET_ID, TICKET_NUMBER, RESERVATION_ID, PASSENGER_ID, FLIGHT_ID, FARE_CLASS_ID, ISSUE_DATE, SEAT_NUMBER, BASE_FARE_USD, TAX_AMOUNT_USD, FEE_AMOUNT_USD, DISCOUNT_AMOUNT_USD, FINAL_TICKET_AMOUNT_USD, TICKET_STATUS, MILES_EARNED, MILES_REDEEMED) VALUES (100103, 'ETKT-2024000103', 103, 8, 103, 1, TO_DATE('10-APR-2024', 'DD-MON-YYYY'), '50D', 290.1, 32.4, 15, 67.5, 270, 'ISSUED', 67, 0);
INSERT INTO  TICKETS (TICKET_ID, TICKET_NUMBER, RESERVATION_ID, PASSENGER_ID, FLIGHT_ID, FARE_CLASS_ID, ISSUE_DATE, SEAT_NUMBER, BASE_FARE_USD, TAX_AMOUNT_USD, FEE_AMOUNT_USD, DISCOUNT_AMOUNT_USD, FINAL_TICKET_AMOUNT_USD, TICKET_STATUS, MILES_EARNED, MILES_REDEEMED) VALUES (100104, 'ETKT-2024000104', 104, 10, 104, 3, TO_DATE('11-APR-2024', 'DD-MON-YYYY'), '22G', 510.6, 74.4, 35, 0, 620, 'USED', 1240, 0);
INSERT INTO  TICKETS (TICKET_ID, TICKET_NUMBER, RESERVATION_ID, PASSENGER_ID, FLIGHT_ID, FARE_CLASS_ID, ISSUE_DATE, SEAT_NUMBER, BASE_FARE_USD, TAX_AMOUNT_USD, FEE_AMOUNT_USD, DISCOUNT_AMOUNT_USD, FINAL_TICKET_AMOUNT_USD, TICKET_STATUS, MILES_EARNED, MILES_REDEEMED) VALUES (100105, 'ETKT-2024000105', 105, 12, 105, 1, TO_DATE('12-APR-2024', 'DD-MON-YYYY'), '38E', 328.2, 46.8, 15, 0, 390, 'USED', 97, 0);
INSERT INTO  TICKETS (TICKET_ID, TICKET_NUMBER, RESERVATION_ID, PASSENGER_ID, FLIGHT_ID, FARE_CLASS_ID, ISSUE_DATE, SEAT_NUMBER, BASE_FARE_USD, TAX_AMOUNT_USD, FEE_AMOUNT_USD, DISCOUNT_AMOUNT_USD, FINAL_TICKET_AMOUNT_USD, TICKET_STATUS, MILES_EARNED, MILES_REDEEMED) VALUES (100106, 'ETKT-2024000106', 106, 14, 106, 2, TO_DATE('13-APR-2024', 'DD-MON-YYYY'), '36C', 122.28, 18.72, 15, 0, 156, 'USED', 39, 0);
INSERT INTO  TICKETS (TICKET_ID, TICKET_NUMBER, RESERVATION_ID, PASSENGER_ID, FLIGHT_ID, FARE_CLASS_ID, ISSUE_DATE, SEAT_NUMBER, BASE_FARE_USD, TAX_AMOUNT_USD, FEE_AMOUNT_USD, DISCOUNT_AMOUNT_USD, FINAL_TICKET_AMOUNT_USD, TICKET_STATUS, MILES_EARNED, MILES_REDEEMED) VALUES (100107, 'ETKT-2024000107', 107, 16, 107, 3, TO_DATE('14-APR-2024', 'DD-MON-YYYY'), '19D', 427, 63, 35, 0, 525, 'ISSUED', 1050, 0);
INSERT INTO  TICKETS (TICKET_ID, TICKET_NUMBER, RESERVATION_ID, PASSENGER_ID, FLIGHT_ID, FARE_CLASS_ID, ISSUE_DATE, SEAT_NUMBER, BASE_FARE_USD, TAX_AMOUNT_USD, FEE_AMOUNT_USD, DISCOUNT_AMOUNT_USD, FINAL_TICKET_AMOUNT_USD, TICKET_STATUS, MILES_EARNED, MILES_REDEEMED) VALUES (100108, 'ETKT-2024000108', 108, 18, 108, 3, TO_DATE('15-APR-2024', 'DD-MON-YYYY'), '24E', 493, 72, 35, 0, 600, 'USED', 1200, 0);
INSERT INTO  TICKETS (TICKET_ID, TICKET_NUMBER, RESERVATION_ID, PASSENGER_ID, FLIGHT_ID, FARE_CLASS_ID, ISSUE_DATE, SEAT_NUMBER, BASE_FARE_USD, TAX_AMOUNT_USD, FEE_AMOUNT_USD, DISCOUNT_AMOUNT_USD, FINAL_TICKET_AMOUNT_USD, TICKET_STATUS, MILES_EARNED, MILES_REDEEMED) VALUES (100109, 'ETKT-2024000109', 109, 20, 109, 3, TO_DATE('16-APR-2024', 'DD-MON-YYYY'), '21D', 0, 0, 35, 0, 0, 'USED', 0, 6000);
INSERT INTO  TICKETS (TICKET_ID, TICKET_NUMBER, RESERVATION_ID, PASSENGER_ID, FLIGHT_ID, FARE_CLASS_ID, ISSUE_DATE, SEAT_NUMBER, BASE_FARE_USD, TAX_AMOUNT_USD, FEE_AMOUNT_USD, DISCOUNT_AMOUNT_USD, FINAL_TICKET_AMOUNT_USD, TICKET_STATUS, MILES_EARNED, MILES_REDEEMED) VALUES (100110, 'ETKT-2024000110', 110, 22, 110, 4, TO_DATE('17-APR-2024', 'DD-MON-YYYY'), '12E', 889, 126, 35, 0, 1050, 'USED', 2100, 0);
INSERT INTO  TICKETS (TICKET_ID, TICKET_NUMBER, RESERVATION_ID, PASSENGER_ID, FLIGHT_ID, FARE_CLASS_ID, ISSUE_DATE, SEAT_NUMBER, BASE_FARE_USD, TAX_AMOUNT_USD, FEE_AMOUNT_USD, DISCOUNT_AMOUNT_USD, FINAL_TICKET_AMOUNT_USD, TICKET_STATUS, MILES_EARNED, MILES_REDEEMED) VALUES (100111, 'ETKT-2024000111', 111, 24, 111, 1, TO_DATE('18-APR-2024', 'DD-MON-YYYY'), '60D', 169.8, 25.2, 15, 0, 210, 'USED', 52, 0);
INSERT INTO  TICKETS (TICKET_ID, TICKET_NUMBER, RESERVATION_ID, PASSENGER_ID, FLIGHT_ID, FARE_CLASS_ID, ISSUE_DATE, SEAT_NUMBER, BASE_FARE_USD, TAX_AMOUNT_USD, FEE_AMOUNT_USD, DISCOUNT_AMOUNT_USD, FINAL_TICKET_AMOUNT_USD, TICKET_STATUS, MILES_EARNED, MILES_REDEEMED) VALUES (100112, 'ETKT-2024000112', 112, 26, 112, 2, TO_DATE('19-APR-2024', 'DD-MON-YYYY'), '38F', 81.8, 13.2, 15, 0, 110, 'USED', 27, 0);
INSERT INTO  TICKETS (TICKET_ID, TICKET_NUMBER, RESERVATION_ID, PASSENGER_ID, FLIGHT_ID, FARE_CLASS_ID, ISSUE_DATE, SEAT_NUMBER, BASE_FARE_USD, TAX_AMOUNT_USD, FEE_AMOUNT_USD, DISCOUNT_AMOUNT_USD, FINAL_TICKET_AMOUNT_USD, TICKET_STATUS, MILES_EARNED, MILES_REDEEMED) VALUES (100113, 'ETKT-2024000113', 113, 28, 113, 5, TO_DATE('20-APR-2024', 'DD-MON-YYYY'), '4A', 4868, 672, 60, 0, 5600, 'USED', 33600, 0);
INSERT INTO  TICKETS (TICKET_ID, TICKET_NUMBER, RESERVATION_ID, PASSENGER_ID, FLIGHT_ID, FARE_CLASS_ID, ISSUE_DATE, SEAT_NUMBER, BASE_FARE_USD, TAX_AMOUNT_USD, FEE_AMOUNT_USD, DISCOUNT_AMOUNT_USD, FINAL_TICKET_AMOUNT_USD, TICKET_STATUS, MILES_EARNED, MILES_REDEEMED) VALUES (100114, 'ETKT-2024000114', 114, 30, 114, 3, TO_DATE('21-APR-2024', 'DD-MON-YYYY'), '22H', 757, 108, 35, 0, 900, 'USED', 1800, 0);
INSERT INTO  TICKETS (TICKET_ID, TICKET_NUMBER, RESERVATION_ID, PASSENGER_ID, FLIGHT_ID, FARE_CLASS_ID, ISSUE_DATE, SEAT_NUMBER, BASE_FARE_USD, TAX_AMOUNT_USD, FEE_AMOUNT_USD, DISCOUNT_AMOUNT_USD, FINAL_TICKET_AMOUNT_USD, TICKET_STATUS, MILES_EARNED, MILES_REDEEMED) VALUES (100115, 'ETKT-2024000115', 115, 32, 115, 1, TO_DATE('22-APR-2024', 'DD-MON-YYYY'), '50E', 143.4, 21.6, 15, 0, 180, 'USED', 45, 0);
INSERT INTO  TICKETS (TICKET_ID, TICKET_NUMBER, RESERVATION_ID, PASSENGER_ID, FLIGHT_ID, FARE_CLASS_ID, ISSUE_DATE, SEAT_NUMBER, BASE_FARE_USD, TAX_AMOUNT_USD, FEE_AMOUNT_USD, DISCOUNT_AMOUNT_USD, FINAL_TICKET_AMOUNT_USD, TICKET_STATUS, MILES_EARNED, MILES_REDEEMED) VALUES (100116, 'ETKT-2024000116', 116, 34, 116, 1, TO_DATE('23-APR-2024', 'DD-MON-YYYY'), '65B', 156.6, 23.4, 15, 0, 195, 'ISSUED', 48, 0);
INSERT INTO  TICKETS (TICKET_ID, TICKET_NUMBER, RESERVATION_ID, PASSENGER_ID, FLIGHT_ID, FARE_CLASS_ID, ISSUE_DATE, SEAT_NUMBER, BASE_FARE_USD, TAX_AMOUNT_USD, FEE_AMOUNT_USD, DISCOUNT_AMOUNT_USD, FINAL_TICKET_AMOUNT_USD, TICKET_STATUS, MILES_EARNED, MILES_REDEEMED) VALUES (100117, 'ETKT-2024000117', 117, 36, 117, 3, TO_DATE('24-APR-2024', 'DD-MON-YYYY'), '23E', 651.4, 93.6, 35, 0, 780, 'USED', 1560, 0);
INSERT INTO  TICKETS (TICKET_ID, TICKET_NUMBER, RESERVATION_ID, PASSENGER_ID, FLIGHT_ID, FARE_CLASS_ID, ISSUE_DATE, SEAT_NUMBER, BASE_FARE_USD, TAX_AMOUNT_USD, FEE_AMOUNT_USD, DISCOUNT_AMOUNT_USD, FINAL_TICKET_AMOUNT_USD, TICKET_STATUS, MILES_EARNED, MILES_REDEEMED) VALUES (100118, 'ETKT-2024000118', 118, 38, 118, 1, TO_DATE('25-APR-2024', 'DD-MON-YYYY'), '45F', 301.8, 43.2, 15, 0, 360, 'USED', 90, 0);
INSERT INTO  TICKETS (TICKET_ID, TICKET_NUMBER, RESERVATION_ID, PASSENGER_ID, FLIGHT_ID, FARE_CLASS_ID, ISSUE_DATE, SEAT_NUMBER, BASE_FARE_USD, TAX_AMOUNT_USD, FEE_AMOUNT_USD, DISCOUNT_AMOUNT_USD, FINAL_TICKET_AMOUNT_USD, TICKET_STATUS, MILES_EARNED, MILES_REDEEMED) VALUES (100119, 'ETKT-2024000119', 119, 40, 119, 4, TO_DATE('26-APR-2024', 'DD-MON-YYYY'), '14D', 730.6, 104.4, 35, 0, 870, 'ISSUED', 1740, 0);
INSERT INTO  TICKETS (TICKET_ID, TICKET_NUMBER, RESERVATION_ID, PASSENGER_ID, FLIGHT_ID, FARE_CLASS_ID, ISSUE_DATE, SEAT_NUMBER, BASE_FARE_USD, TAX_AMOUNT_USD, FEE_AMOUNT_USD, DISCOUNT_AMOUNT_USD, FINAL_TICKET_AMOUNT_USD, TICKET_STATUS, MILES_EARNED, MILES_REDEEMED) VALUES (100120, 'ETKT-2024000120', 120, 42, 120, 1, TO_DATE('27-APR-2024', 'DD-MON-YYYY'), '38G', 108.2, 16.8, 15, 0, 140, 'USED', 35, 0);
INSERT INTO  TICKETS (TICKET_ID, TICKET_NUMBER, RESERVATION_ID, PASSENGER_ID, FLIGHT_ID, FARE_CLASS_ID, ISSUE_DATE, SEAT_NUMBER, BASE_FARE_USD, TAX_AMOUNT_USD, FEE_AMOUNT_USD, DISCOUNT_AMOUNT_USD, FINAL_TICKET_AMOUNT_USD, TICKET_STATUS, MILES_EARNED, MILES_REDEEMED) VALUES (100121, 'ETKT-2024000121', 121, 44, 121, 1, TO_DATE('28-APR-2024', 'DD-MON-YYYY'), '55F', 143.4, 21.6, 15, 0, 180, 'USED', 45, 0);
INSERT INTO  TICKETS (TICKET_ID, TICKET_NUMBER, RESERVATION_ID, PASSENGER_ID, FLIGHT_ID, FARE_CLASS_ID, ISSUE_DATE, SEAT_NUMBER, BASE_FARE_USD, TAX_AMOUNT_USD, FEE_AMOUNT_USD, DISCOUNT_AMOUNT_USD, FINAL_TICKET_AMOUNT_USD, TICKET_STATUS, MILES_EARNED, MILES_REDEEMED) VALUES (100122, 'ETKT-2024000122', 122, 46, 122, 2, TO_DATE('29-APR-2024', 'DD-MON-YYYY'), '36D', 132.84, 20.16, 15, 0, 168, 'USED', 42, 0);
INSERT INTO  TICKETS (TICKET_ID, TICKET_NUMBER, RESERVATION_ID, PASSENGER_ID, FLIGHT_ID, FARE_CLASS_ID, ISSUE_DATE, SEAT_NUMBER, BASE_FARE_USD, TAX_AMOUNT_USD, FEE_AMOUNT_USD, DISCOUNT_AMOUNT_USD, FINAL_TICKET_AMOUNT_USD, TICKET_STATUS, MILES_EARNED, MILES_REDEEMED) VALUES (100123, 'ETKT-2024000123', 123, 48, 123, 1, TO_DATE('30-APR-2024', 'DD-MON-YYYY'), '60F', 169.8, 25.2, 15, 0, 210, 'USED', 52, 0);
INSERT INTO  TICKETS (TICKET_ID, TICKET_NUMBER, RESERVATION_ID, PASSENGER_ID, FLIGHT_ID, FARE_CLASS_ID, ISSUE_DATE, SEAT_NUMBER, BASE_FARE_USD, TAX_AMOUNT_USD, FEE_AMOUNT_USD, DISCOUNT_AMOUNT_USD, FINAL_TICKET_AMOUNT_USD, TICKET_STATUS, MILES_EARNED, MILES_REDEEMED) VALUES (100124, 'ETKT-2024000124', 124, 50, 124, 1, TO_DATE('01-MAY-2024', 'DD-MON-YYYY'), '70E', 108.2, 16.8, 15, 0, 140, 'USED', 35, 0);
INSERT INTO  TICKETS (TICKET_ID, TICKET_NUMBER, RESERVATION_ID, PASSENGER_ID, FLIGHT_ID, FARE_CLASS_ID, ISSUE_DATE, SEAT_NUMBER, BASE_FARE_USD, TAX_AMOUNT_USD, FEE_AMOUNT_USD, DISCOUNT_AMOUNT_USD, FINAL_TICKET_AMOUNT_USD, TICKET_STATUS, MILES_EARNED, MILES_REDEEMED) VALUES (100125, 'ETKT-2024000125', 125, 52, 125, 3, TO_DATE('02-MAY-2024', 'DD-MON-YYYY'), '20E', 532, 63, 35, 105, 525, 'USED', 1050, 0);
INSERT INTO  TICKETS (TICKET_ID, TICKET_NUMBER, RESERVATION_ID, PASSENGER_ID, FLIGHT_ID, FARE_CLASS_ID, ISSUE_DATE, SEAT_NUMBER, BASE_FARE_USD, TAX_AMOUNT_USD, FEE_AMOUNT_USD, DISCOUNT_AMOUNT_USD, FINAL_TICKET_AMOUNT_USD, TICKET_STATUS, MILES_EARNED, MILES_REDEEMED) VALUES (100126, 'ETKT-2024000126', 126, 54, 126, 3, TO_DATE('03-MAY-2024', 'DD-MON-YYYY'), '18F', 1056.2, 148.8, 35, 0, 1240, 'USED', 1500, 0);
INSERT INTO  TICKETS (TICKET_ID, TICKET_NUMBER, RESERVATION_ID, PASSENGER_ID, FLIGHT_ID, FARE_CLASS_ID, ISSUE_DATE, SEAT_NUMBER, BASE_FARE_USD, TAX_AMOUNT_USD, FEE_AMOUNT_USD, DISCOUNT_AMOUNT_USD, FINAL_TICKET_AMOUNT_USD, TICKET_STATUS, MILES_EARNED, MILES_REDEEMED) VALUES (100127, 'ETKT-2024000127', 127, 56, 127, 4, TO_DATE('04-MAY-2024', 'DD-MON-YYYY'), '10E', 783.4, 111.6, 35, 0, 930, 'USED', 1860, 0);
INSERT INTO  TICKETS (TICKET_ID, TICKET_NUMBER, RESERVATION_ID, PASSENGER_ID, FLIGHT_ID, FARE_CLASS_ID, ISSUE_DATE, SEAT_NUMBER, BASE_FARE_USD, TAX_AMOUNT_USD, FEE_AMOUNT_USD, DISCOUNT_AMOUNT_USD, FINAL_TICKET_AMOUNT_USD, TICKET_STATUS, MILES_EARNED, MILES_REDEEMED) VALUES (100128, 'ETKT-2024000128', 128, 58, 128, 3, TO_DATE('05-MAY-2024', 'DD-MON-YYYY'), '25E', 493, 72, 35, 0, 600, 'USED', 1200, 0);
INSERT INTO  TICKETS (TICKET_ID, TICKET_NUMBER, RESERVATION_ID, PASSENGER_ID, FLIGHT_ID, FARE_CLASS_ID, ISSUE_DATE, SEAT_NUMBER, BASE_FARE_USD, TAX_AMOUNT_USD, FEE_AMOUNT_USD, DISCOUNT_AMOUNT_USD, FINAL_TICKET_AMOUNT_USD, TICKET_STATUS, MILES_EARNED, MILES_REDEEMED) VALUES (100129, 'ETKT-2024000129', 129, 60, 129, 4, TO_DATE('06-MAY-2024', 'DD-MON-YYYY'), '12F', 757, 108, 35, 0, 900, 'ISSUED', 1800, 0);
INSERT INTO  TICKETS (TICKET_ID, TICKET_NUMBER, RESERVATION_ID, PASSENGER_ID, FLIGHT_ID, FARE_CLASS_ID, ISSUE_DATE, SEAT_NUMBER, BASE_FARE_USD, TAX_AMOUNT_USD, FEE_AMOUNT_USD, DISCOUNT_AMOUNT_USD, FINAL_TICKET_AMOUNT_USD, TICKET_STATUS, MILES_EARNED, MILES_REDEEMED) VALUES (100130, 'ETKT-2024000130', 130, 62, 130, 1, TO_DATE('07-MAY-2024', 'DD-MON-YYYY'), '48D', 328.2, 46.8, 15, 0, 390, 'USED', 97, 0);
INSERT INTO  TICKETS (TICKET_ID, TICKET_NUMBER, RESERVATION_ID, PASSENGER_ID, FLIGHT_ID, FARE_CLASS_ID, ISSUE_DATE, SEAT_NUMBER, BASE_FARE_USD, TAX_AMOUNT_USD, FEE_AMOUNT_USD, DISCOUNT_AMOUNT_USD, FINAL_TICKET_AMOUNT_USD, TICKET_STATUS, MILES_EARNED, MILES_REDEEMED) VALUES (100131, 'ETKT-2024000131', 131, 64, 101, 3, TO_DATE('08-MAY-2024', 'DD-MON-YYYY'), '20F', 1056.2, 148.8, 35, 0, 1240, 'USED', 1500, 0);
INSERT INTO  TICKETS (TICKET_ID, TICKET_NUMBER, RESERVATION_ID, PASSENGER_ID, FLIGHT_ID, FARE_CLASS_ID, ISSUE_DATE, SEAT_NUMBER, BASE_FARE_USD, TAX_AMOUNT_USD, FEE_AMOUNT_USD, DISCOUNT_AMOUNT_USD, FINAL_TICKET_AMOUNT_USD, TICKET_STATUS, MILES_EARNED, MILES_REDEEMED) VALUES (100132, 'ETKT-2024000132', 132, 66, 102, 5, TO_DATE('09-MAY-2024', 'DD-MON-YYYY'), '2D', 3900, 540, 60, 0, 4500, 'USED', 27000, 0);
INSERT INTO  TICKETS (TICKET_ID, TICKET_NUMBER, RESERVATION_ID, PASSENGER_ID, FLIGHT_ID, FARE_CLASS_ID, ISSUE_DATE, SEAT_NUMBER, BASE_FARE_USD, TAX_AMOUNT_USD, FEE_AMOUNT_USD, DISCOUNT_AMOUNT_USD, FINAL_TICKET_AMOUNT_USD, TICKET_STATUS, MILES_EARNED, MILES_REDEEMED) VALUES (100133, 'ETKT-2024000133', 133, 68, 103, 1, TO_DATE('10-MAY-2024', 'DD-MON-YYYY'), '42E', 222.6, 32.4, 15, 0, 270, 'USED', 67, 0);
INSERT INTO  TICKETS (TICKET_ID, TICKET_NUMBER, RESERVATION_ID, PASSENGER_ID, FLIGHT_ID, FARE_CLASS_ID, ISSUE_DATE, SEAT_NUMBER, BASE_FARE_USD, TAX_AMOUNT_USD, FEE_AMOUNT_USD, DISCOUNT_AMOUNT_USD, FINAL_TICKET_AMOUNT_USD, TICKET_STATUS, MILES_EARNED, MILES_REDEEMED) VALUES (100134, 'ETKT-2024000134', 134, 70, 104, 3, TO_DATE('11-MAY-2024', 'DD-MON-YYYY'), '22I', 510.6, 74.4, 35, 0, 620, 'USED', 1240, 0);
INSERT INTO  TICKETS (TICKET_ID, TICKET_NUMBER, RESERVATION_ID, PASSENGER_ID, FLIGHT_ID, FARE_CLASS_ID, ISSUE_DATE, SEAT_NUMBER, BASE_FARE_USD, TAX_AMOUNT_USD, FEE_AMOUNT_USD, DISCOUNT_AMOUNT_USD, FINAL_TICKET_AMOUNT_USD, TICKET_STATUS, MILES_EARNED, MILES_REDEEMED) VALUES (100135, 'ETKT-2024000135', 135, 72, 105, 1, TO_DATE('12-MAY-2024', 'DD-MON-YYYY'), '35E', 328.2, 46.8, 15, 0, 390, 'REFUNDED', 97, 0);
INSERT INTO  TICKETS (TICKET_ID, TICKET_NUMBER, RESERVATION_ID, PASSENGER_ID, FLIGHT_ID, FARE_CLASS_ID, ISSUE_DATE, SEAT_NUMBER, BASE_FARE_USD, TAX_AMOUNT_USD, FEE_AMOUNT_USD, DISCOUNT_AMOUNT_USD, FINAL_TICKET_AMOUNT_USD, TICKET_STATUS, MILES_EARNED, MILES_REDEEMED) VALUES (100136, 'ETKT-2024000136', 136, 74, 106, 2, TO_DATE('13-MAY-2024', 'DD-MON-YYYY'), '40F', 122.28, 18.72, 15, 0, 156, 'USED', 39, 0);
INSERT INTO  TICKETS (TICKET_ID, TICKET_NUMBER, RESERVATION_ID, PASSENGER_ID, FLIGHT_ID, FARE_CLASS_ID, ISSUE_DATE, SEAT_NUMBER, BASE_FARE_USD, TAX_AMOUNT_USD, FEE_AMOUNT_USD, DISCOUNT_AMOUNT_USD, FINAL_TICKET_AMOUNT_USD, TICKET_STATUS, MILES_EARNED, MILES_REDEEMED) VALUES (100137, 'ETKT-2024000137', 137, 76, 107, 3, TO_DATE('14-MAY-2024', 'DD-MON-YYYY'), '22J', 427, 63, 35, 0, 525, 'USED', 1050, 0);
INSERT INTO  TICKETS (TICKET_ID, TICKET_NUMBER, RESERVATION_ID, PASSENGER_ID, FLIGHT_ID, FARE_CLASS_ID, ISSUE_DATE, SEAT_NUMBER, BASE_FARE_USD, TAX_AMOUNT_USD, FEE_AMOUNT_USD, DISCOUNT_AMOUNT_USD, FINAL_TICKET_AMOUNT_USD, TICKET_STATUS, MILES_EARNED, MILES_REDEEMED) VALUES (100138, 'ETKT-2024000138', 138, 78, 108, 3, TO_DATE('15-MAY-2024', 'DD-MON-YYYY'), '25F', 493, 72, 35, 0, 600, 'USED', 1200, 0);
INSERT INTO  TICKETS (TICKET_ID, TICKET_NUMBER, RESERVATION_ID, PASSENGER_ID, FLIGHT_ID, FARE_CLASS_ID, ISSUE_DATE, SEAT_NUMBER, BASE_FARE_USD, TAX_AMOUNT_USD, FEE_AMOUNT_USD, DISCOUNT_AMOUNT_USD, FINAL_TICKET_AMOUNT_USD, TICKET_STATUS, MILES_EARNED, MILES_REDEEMED) VALUES (100139, 'ETKT-2024000139', 139, 80, 109, 3, TO_DATE('16-MAY-2024', 'DD-MON-YYYY'), '20G', 0, 0, 35, 0, 0, 'USED', 0, 9000);
INSERT INTO  TICKETS (TICKET_ID, TICKET_NUMBER, RESERVATION_ID, PASSENGER_ID, FLIGHT_ID, FARE_CLASS_ID, ISSUE_DATE, SEAT_NUMBER, BASE_FARE_USD, TAX_AMOUNT_USD, FEE_AMOUNT_USD, DISCOUNT_AMOUNT_USD, FINAL_TICKET_AMOUNT_USD, TICKET_STATUS, MILES_EARNED, MILES_REDEEMED) VALUES (100140, 'ETKT-2024000140', 140, 82, 110, 4, TO_DATE('17-MAY-2024', 'DD-MON-YYYY'), '11F', 889, 126, 35, 0, 1050, 'USED', 2100, 0);
INSERT INTO  TICKETS (TICKET_ID, TICKET_NUMBER, RESERVATION_ID, PASSENGER_ID, FLIGHT_ID, FARE_CLASS_ID, ISSUE_DATE, SEAT_NUMBER, BASE_FARE_USD, TAX_AMOUNT_USD, FEE_AMOUNT_USD, DISCOUNT_AMOUNT_USD, FINAL_TICKET_AMOUNT_USD, TICKET_STATUS, MILES_EARNED, MILES_REDEEMED) VALUES (100141, 'ETKT-2024000141', 141, 84, 111, 1, TO_DATE('18-MAY-2024', 'DD-MON-YYYY'), '58E', 169.8, 25.2, 15, 0, 210, 'USED', 52, 0);
INSERT INTO  TICKETS (TICKET_ID, TICKET_NUMBER, RESERVATION_ID, PASSENGER_ID, FLIGHT_ID, FARE_CLASS_ID, ISSUE_DATE, SEAT_NUMBER, BASE_FARE_USD, TAX_AMOUNT_USD, FEE_AMOUNT_USD, DISCOUNT_AMOUNT_USD, FINAL_TICKET_AMOUNT_USD, TICKET_STATUS, MILES_EARNED, MILES_REDEEMED) VALUES (100142, 'ETKT-2024000142', 142, 86, 112, 2, TO_DATE('19-MAY-2024', 'DD-MON-YYYY'), '36E', 81.8, 13.2, 15, 0, 110, 'ISSUED', 27, 0);
INSERT INTO  TICKETS (TICKET_ID, TICKET_NUMBER, RESERVATION_ID, PASSENGER_ID, FLIGHT_ID, FARE_CLASS_ID, ISSUE_DATE, SEAT_NUMBER, BASE_FARE_USD, TAX_AMOUNT_USD, FEE_AMOUNT_USD, DISCOUNT_AMOUNT_USD, FINAL_TICKET_AMOUNT_USD, TICKET_STATUS, MILES_EARNED, MILES_REDEEMED) VALUES (100143, 'ETKT-2024000143', 143, 88, 113, 5, TO_DATE('20-MAY-2024', 'DD-MON-YYYY'), '5A', 4868, 672, 60, 0, 5600, 'USED', 33600, 0);
INSERT INTO  TICKETS (TICKET_ID, TICKET_NUMBER, RESERVATION_ID, PASSENGER_ID, FLIGHT_ID, FARE_CLASS_ID, ISSUE_DATE, SEAT_NUMBER, BASE_FARE_USD, TAX_AMOUNT_USD, FEE_AMOUNT_USD, DISCOUNT_AMOUNT_USD, FINAL_TICKET_AMOUNT_USD, TICKET_STATUS, MILES_EARNED, MILES_REDEEMED) VALUES (100144, 'ETKT-2024000144', 144, 90, 114, 3, TO_DATE('21-MAY-2024', 'DD-MON-YYYY'), '23F', 757, 108, 35, 0, 900, 'USED', 1800, 0);
INSERT INTO  TICKETS (TICKET_ID, TICKET_NUMBER, RESERVATION_ID, PASSENGER_ID, FLIGHT_ID, FARE_CLASS_ID, ISSUE_DATE, SEAT_NUMBER, BASE_FARE_USD, TAX_AMOUNT_USD, FEE_AMOUNT_USD, DISCOUNT_AMOUNT_USD, FINAL_TICKET_AMOUNT_USD, TICKET_STATUS, MILES_EARNED, MILES_REDEEMED) VALUES (100145, 'ETKT-2024000145', 145, 92, 115, 1, TO_DATE('22-MAY-2024', 'DD-MON-YYYY'), '48E', 143.4, 21.6, 15, 0, 180, 'USED', 45, 0);
INSERT INTO  TICKETS (TICKET_ID, TICKET_NUMBER, RESERVATION_ID, PASSENGER_ID, FLIGHT_ID, FARE_CLASS_ID, ISSUE_DATE, SEAT_NUMBER, BASE_FARE_USD, TAX_AMOUNT_USD, FEE_AMOUNT_USD, DISCOUNT_AMOUNT_USD, FINAL_TICKET_AMOUNT_USD, TICKET_STATUS, MILES_EARNED, MILES_REDEEMED) VALUES (100146, 'ETKT-2024000146', 146, 94, 116, 2, TO_DATE('23-MAY-2024', 'DD-MON-YYYY'), '40G', 132.84, 20.16, 15, 0, 168, 'ISSUED', 42, 0);
INSERT INTO  TICKETS (TICKET_ID, TICKET_NUMBER, RESERVATION_ID, PASSENGER_ID, FLIGHT_ID, FARE_CLASS_ID, ISSUE_DATE, SEAT_NUMBER, BASE_FARE_USD, TAX_AMOUNT_USD, FEE_AMOUNT_USD, DISCOUNT_AMOUNT_USD, FINAL_TICKET_AMOUNT_USD, TICKET_STATUS, MILES_EARNED, MILES_REDEEMED) VALUES (100147, 'ETKT-2024000147', 147, 96, 117, 3, TO_DATE('24-MAY-2024', 'DD-MON-YYYY'), '22K', 651.4, 93.6, 35, 0, 780, 'ISSUED', 1560, 0);
INSERT INTO  TICKETS (TICKET_ID, TICKET_NUMBER, RESERVATION_ID, PASSENGER_ID, FLIGHT_ID, FARE_CLASS_ID, ISSUE_DATE, SEAT_NUMBER, BASE_FARE_USD, TAX_AMOUNT_USD, FEE_AMOUNT_USD, DISCOUNT_AMOUNT_USD, FINAL_TICKET_AMOUNT_USD, TICKET_STATUS, MILES_EARNED, MILES_REDEEMED) VALUES (100148, 'ETKT-2024000148', 148, 98, 118, 1, TO_DATE('25-MAY-2024', 'DD-MON-YYYY'), '45G', 301.8, 43.2, 15, 0, 360, 'ISSUED', 90, 0);
INSERT INTO  TICKETS (TICKET_ID, TICKET_NUMBER, RESERVATION_ID, PASSENGER_ID, FLIGHT_ID, FARE_CLASS_ID, ISSUE_DATE, SEAT_NUMBER, BASE_FARE_USD, TAX_AMOUNT_USD, FEE_AMOUNT_USD, DISCOUNT_AMOUNT_USD, FINAL_TICKET_AMOUNT_USD, TICKET_STATUS, MILES_EARNED, MILES_REDEEMED) VALUES (100149, 'ETKT-2024000149', 149, 100, 119, 4, TO_DATE('26-MAY-2024', 'DD-MON-YYYY'), '14E', 730.6, 104.4, 35, 0, 870, 'ISSUED', 1740, 0);
INSERT INTO  TICKETS (TICKET_ID, TICKET_NUMBER, RESERVATION_ID, PASSENGER_ID, FLIGHT_ID, FARE_CLASS_ID, ISSUE_DATE, SEAT_NUMBER, BASE_FARE_USD, TAX_AMOUNT_USD, FEE_AMOUNT_USD, DISCOUNT_AMOUNT_USD, FINAL_TICKET_AMOUNT_USD, TICKET_STATUS, MILES_EARNED, MILES_REDEEMED) VALUES (100150, 'ETKT-2024000150', 150, 102, 120, 1, TO_DATE('27-MAY-2024', 'DD-MON-YYYY'), '38H', 108.2, 16.8, 15, 0, 140, 'USED', 35, 0);
INSERT INTO  TICKETS (TICKET_ID, TICKET_NUMBER, RESERVATION_ID, PASSENGER_ID, FLIGHT_ID, FARE_CLASS_ID, ISSUE_DATE, SEAT_NUMBER, BASE_FARE_USD, TAX_AMOUNT_USD, FEE_AMOUNT_USD, DISCOUNT_AMOUNT_USD, FINAL_TICKET_AMOUNT_USD, TICKET_STATUS, MILES_EARNED, MILES_REDEEMED) VALUES (100151, 'ETKT-2024000151', 151, 99, 121, 1, TO_DATE('28-MAY-2024', 'DD-MON-YYYY'), '50G', 143.4, 21.6, 15, 0, 180, 'USED', 45, 0);
INSERT INTO  TICKETS (TICKET_ID, TICKET_NUMBER, RESERVATION_ID, PASSENGER_ID, FLIGHT_ID, FARE_CLASS_ID, ISSUE_DATE, SEAT_NUMBER, BASE_FARE_USD, TAX_AMOUNT_USD, FEE_AMOUNT_USD, DISCOUNT_AMOUNT_USD, FINAL_TICKET_AMOUNT_USD, TICKET_STATUS, MILES_EARNED, MILES_REDEEMED) VALUES (100152, 'ETKT-2024000152', 152, 101, 122, 2, TO_DATE('29-MAY-2024', 'DD-MON-YYYY'), '38I', 132.84, 20.16, 15, 0, 168, 'USED', 42, 0);
INSERT INTO  TICKETS (TICKET_ID, TICKET_NUMBER, RESERVATION_ID, PASSENGER_ID, FLIGHT_ID, FARE_CLASS_ID, ISSUE_DATE, SEAT_NUMBER, BASE_FARE_USD, TAX_AMOUNT_USD, FEE_AMOUNT_USD, DISCOUNT_AMOUNT_USD, FINAL_TICKET_AMOUNT_USD, TICKET_STATUS, MILES_EARNED, MILES_REDEEMED) VALUES (100153, 'ETKT-2024000153', 153, 103, 123, 1, TO_DATE('30-MAY-2024', 'DD-MON-YYYY'), '58F', 169.8, 25.2, 15, 0, 210, 'USED', 52, 0);
INSERT INTO  TICKETS (TICKET_ID, TICKET_NUMBER, RESERVATION_ID, PASSENGER_ID, FLIGHT_ID, FARE_CLASS_ID, ISSUE_DATE, SEAT_NUMBER, BASE_FARE_USD, TAX_AMOUNT_USD, FEE_AMOUNT_USD, DISCOUNT_AMOUNT_USD, FINAL_TICKET_AMOUNT_USD, TICKET_STATUS, MILES_EARNED, MILES_REDEEMED) VALUES (100154, 'ETKT-2024000154', 154, 105, 124, 1, TO_DATE('31-MAY-2024', 'DD-MON-YYYY'), '65D', 222.6, 26.4, 15, 44, 220, 'ISSUED', 55, 0);
INSERT INTO  TICKETS (TICKET_ID, TICKET_NUMBER, RESERVATION_ID, PASSENGER_ID, FLIGHT_ID, FARE_CLASS_ID, ISSUE_DATE, SEAT_NUMBER, BASE_FARE_USD, TAX_AMOUNT_USD, FEE_AMOUNT_USD, DISCOUNT_AMOUNT_USD, FINAL_TICKET_AMOUNT_USD, TICKET_STATUS, MILES_EARNED, MILES_REDEEMED) VALUES (100155, 'ETKT-2024000155', 155, 107, 125, 3, TO_DATE('01-JUN-2024', 'DD-MON-YYYY'), '21E', 532, 63, 35, 105, 525, 'USED', 1050, 0);
INSERT INTO  TICKETS (TICKET_ID, TICKET_NUMBER, RESERVATION_ID, PASSENGER_ID, FLIGHT_ID, FARE_CLASS_ID, ISSUE_DATE, SEAT_NUMBER, BASE_FARE_USD, TAX_AMOUNT_USD, FEE_AMOUNT_USD, DISCOUNT_AMOUNT_USD, FINAL_TICKET_AMOUNT_USD, TICKET_STATUS, MILES_EARNED, MILES_REDEEMED) VALUES (100156, 'ETKT-2024000156', 156, 109, 126, 5, TO_DATE('02-JUN-2024', 'DD-MON-YYYY'), '3C', 4868, 672, 60, 0, 5600, 'USED', 33600, 0);
INSERT INTO  TICKETS (TICKET_ID, TICKET_NUMBER, RESERVATION_ID, PASSENGER_ID, FLIGHT_ID, FARE_CLASS_ID, ISSUE_DATE, SEAT_NUMBER, BASE_FARE_USD, TAX_AMOUNT_USD, FEE_AMOUNT_USD, DISCOUNT_AMOUNT_USD, FINAL_TICKET_AMOUNT_USD, TICKET_STATUS, MILES_EARNED, MILES_REDEEMED) VALUES (100157, 'ETKT-2024000157', 157, 111, 127, 4, TO_DATE('03-JUN-2024', 'DD-MON-YYYY'), '10F', 783.4, 111.6, 35, 0, 930, 'USED', 1860, 0);
INSERT INTO  TICKETS (TICKET_ID, TICKET_NUMBER, RESERVATION_ID, PASSENGER_ID, FLIGHT_ID, FARE_CLASS_ID, ISSUE_DATE, SEAT_NUMBER, BASE_FARE_USD, TAX_AMOUNT_USD, FEE_AMOUNT_USD, DISCOUNT_AMOUNT_USD, FINAL_TICKET_AMOUNT_USD, TICKET_STATUS, MILES_EARNED, MILES_REDEEMED) VALUES (100158, 'ETKT-2024000158', 158, 113, 128, 3, TO_DATE('04-JUN-2024', 'DD-MON-YYYY'), '24F', 493, 72, 35, 0, 600, 'USED', 1200, 0);
INSERT INTO  TICKETS (TICKET_ID, TICKET_NUMBER, RESERVATION_ID, PASSENGER_ID, FLIGHT_ID, FARE_CLASS_ID, ISSUE_DATE, SEAT_NUMBER, BASE_FARE_USD, TAX_AMOUNT_USD, FEE_AMOUNT_USD, DISCOUNT_AMOUNT_USD, FINAL_TICKET_AMOUNT_USD, TICKET_STATUS, MILES_EARNED, MILES_REDEEMED) VALUES (100159, 'ETKT-2024000159', 159, 115, 129, 4, TO_DATE('05-JUN-2024', 'DD-MON-YYYY'), '12G', 937, 108, 35, 180, 900, 'USED', 1800, 0);
INSERT INTO  TICKETS (TICKET_ID, TICKET_NUMBER, RESERVATION_ID, PASSENGER_ID, FLIGHT_ID, FARE_CLASS_ID, ISSUE_DATE, SEAT_NUMBER, BASE_FARE_USD, TAX_AMOUNT_USD, FEE_AMOUNT_USD, DISCOUNT_AMOUNT_USD, FINAL_TICKET_AMOUNT_USD, TICKET_STATUS, MILES_EARNED, MILES_REDEEMED) VALUES (100160, 'ETKT-2024000160', 160, 117, 130, 1, TO_DATE('06-JUN-2024', 'DD-MON-YYYY'), '48F', 406.2, 46.8, 15, 78, 390, 'USED', 97, 0);
COMMIT;


INSERT INTO  PAYMENTS (PAYMENT_ID, RESERVATION_ID, PAYMENT_DATE, PAYMENT_METHOD, PAYMENT_AMOUNT_USD, PAYMENT_STATUS, CURRENCY_CODE, TRANSACTION_REFERENCE) VALUES (200001, 1, TO_TIMESTAMP('29-DEC-2023 17:39', 'DD-MON-YYYY HH24:MI'), 'CREDIT_CARD', 1240, 'SETTLED', 'USD', 'TXN-202312-000001');
INSERT INTO  PAYMENTS (PAYMENT_ID, RESERVATION_ID, PAYMENT_DATE, PAYMENT_METHOD, PAYMENT_AMOUNT_USD, PAYMENT_STATUS, CURRENCY_CODE, TRANSACTION_REFERENCE) VALUES (200002, 2, TO_TIMESTAMP('30-DEC-2023 01:02', 'DD-MON-YYYY HH24:MI'), 'CREDIT_CARD', 2800, 'SETTLED', 'USD', 'TXN-202312-000002');
INSERT INTO  PAYMENTS (PAYMENT_ID, RESERVATION_ID, PAYMENT_DATE, PAYMENT_METHOD, PAYMENT_AMOUNT_USD, PAYMENT_STATUS, CURRENCY_CODE, TRANSACTION_REFERENCE) VALUES (200003, 3, TO_TIMESTAMP('31-DEC-2023 07:12', 'DD-MON-YYYY HH24:MI'), 'MILES', 0, 'SETTLED', 'USD', 'TXN-202312-000003');
INSERT INTO  PAYMENTS (PAYMENT_ID, RESERVATION_ID, PAYMENT_DATE, PAYMENT_METHOD, PAYMENT_AMOUNT_USD, PAYMENT_STATUS, CURRENCY_CODE, TRANSACTION_REFERENCE) VALUES (200004, 4, TO_TIMESTAMP('01-JAN-2024 04:11', 'DD-MON-YYYY HH24:MI'), 'CREDIT_CARD', 420, 'SETTLED', 'USD', 'TXN-202401-000004');
INSERT INTO  PAYMENTS (PAYMENT_ID, RESERVATION_ID, PAYMENT_DATE, PAYMENT_METHOD, PAYMENT_AMOUNT_USD, PAYMENT_STATUS, CURRENCY_CODE, TRANSACTION_REFERENCE) VALUES (200005, 5, TO_TIMESTAMP('02-JAN-2024 10:57', 'DD-MON-YYYY HH24:MI'), 'CREDIT_CARD', 585, 'SETTLED', 'USD', 'TXN-202401-000005');
INSERT INTO  PAYMENTS (PAYMENT_ID, RESERVATION_ID, PAYMENT_DATE, PAYMENT_METHOD, PAYMENT_AMOUNT_USD, PAYMENT_STATUS, CURRENCY_CODE, TRANSACTION_REFERENCE) VALUES (200006, 6, TO_TIMESTAMP('03-JAN-2024 17:56', 'DD-MON-YYYY HH24:MI'), 'DEBIT_CARD', 147, 'SETTLED', 'USD', 'TXN-202401-000006');
INSERT INTO  PAYMENTS (PAYMENT_ID, RESERVATION_ID, PAYMENT_DATE, PAYMENT_METHOD, PAYMENT_AMOUNT_USD, PAYMENT_STATUS, CURRENCY_CODE, TRANSACTION_REFERENCE) VALUES (200007, 7, TO_TIMESTAMP('04-JAN-2024 23:15', 'DD-MON-YYYY HH24:MI'), 'CREDIT_CARD', 196, 'SETTLED', 'USD', 'TXN-202401-000007');
INSERT INTO  PAYMENTS (PAYMENT_ID, RESERVATION_ID, PAYMENT_DATE, PAYMENT_METHOD, PAYMENT_AMOUNT_USD, PAYMENT_STATUS, CURRENCY_CODE, TRANSACTION_REFERENCE) VALUES (200008, 8, TO_TIMESTAMP('05-JAN-2024 09:19', 'DD-MON-YYYY HH24:MI'), 'CREDIT_CARD', 3600, 'SETTLED', 'USD', 'TXN-202401-000008');
INSERT INTO  PAYMENTS (PAYMENT_ID, RESERVATION_ID, PAYMENT_DATE, PAYMENT_METHOD, PAYMENT_AMOUNT_USD, PAYMENT_STATUS, CURRENCY_CODE, TRANSACTION_REFERENCE) VALUES (200009, 9, TO_TIMESTAMP('07-JAN-2024 01:49', 'DD-MON-YYYY HH24:MI'), 'CREDIT_CARD', 1900, 'SETTLED', 'USD', 'TXN-202401-000009');
INSERT INTO  PAYMENTS (PAYMENT_ID, RESERVATION_ID, PAYMENT_DATE, PAYMENT_METHOD, PAYMENT_AMOUNT_USD, PAYMENT_STATUS, CURRENCY_CODE, TRANSACTION_REFERENCE) VALUES (200010, 10, TO_TIMESTAMP('07-JAN-2024 11:30', 'DD-MON-YYYY HH24:MI'), 'CREDIT_CARD', 820, 'REFUNDED', 'USD', 'TXN-202401-000010');
INSERT INTO  PAYMENTS (PAYMENT_ID, RESERVATION_ID, PAYMENT_DATE, PAYMENT_METHOD, PAYMENT_AMOUNT_USD, PAYMENT_STATUS, CURRENCY_CODE, TRANSACTION_REFERENCE) VALUES (200011, 11, TO_TIMESTAMP('09-JAN-2024 04:58', 'DD-MON-YYYY HH24:MI'), 'CREDIT_CARD', 1500, 'SETTLED', 'USD', 'TXN-202401-000011');
INSERT INTO  PAYMENTS (PAYMENT_ID, RESERVATION_ID, PAYMENT_DATE, PAYMENT_METHOD, PAYMENT_AMOUNT_USD, PAYMENT_STATUS, CURRENCY_CODE, TRANSACTION_REFERENCE) VALUES (200012, 12, TO_TIMESTAMP('10-JAN-2024 06:18', 'DD-MON-YYYY HH24:MI'), 'CREDIT_CARD', 3800, 'AUTHORIZED', 'USD', 'TXN-202401-000012');
INSERT INTO  PAYMENTS (PAYMENT_ID, RESERVATION_ID, PAYMENT_DATE, PAYMENT_METHOD, PAYMENT_AMOUNT_USD, PAYMENT_STATUS, CURRENCY_CODE, TRANSACTION_REFERENCE) VALUES (200013, 13, TO_TIMESTAMP('11-JAN-2024 20:36', 'DD-MON-YYYY HH24:MI'), 'CREDIT_CARD', 1350, 'SETTLED', 'USD', 'TXN-202401-000013');
INSERT INTO  PAYMENTS (PAYMENT_ID, RESERVATION_ID, PAYMENT_DATE, PAYMENT_METHOD, PAYMENT_AMOUNT_USD, PAYMENT_STATUS, CURRENCY_CODE, TRANSACTION_REFERENCE) VALUES (200014, 14, TO_TIMESTAMP('12-JAN-2024 07:24', 'DD-MON-YYYY HH24:MI'), 'CREDIT_CARD', 480, 'SETTLED', 'USD', 'TXN-202401-000014');
INSERT INTO  PAYMENTS (PAYMENT_ID, RESERVATION_ID, PAYMENT_DATE, PAYMENT_METHOD, PAYMENT_AMOUNT_USD, PAYMENT_STATUS, CURRENCY_CODE, TRANSACTION_REFERENCE) VALUES (200015, 15, TO_TIMESTAMP('12-JAN-2024 07:51', 'DD-MON-YYYY HH24:MI'), 'CREDIT_CARD', 180, 'SETTLED', 'USD', 'TXN-202401-000015');
INSERT INTO  PAYMENTS (PAYMENT_ID, RESERVATION_ID, PAYMENT_DATE, PAYMENT_METHOD, PAYMENT_AMOUNT_USD, PAYMENT_STATUS, CURRENCY_CODE, TRANSACTION_REFERENCE) VALUES (200016, 16, TO_TIMESTAMP('14-JAN-2024 13:12', 'DD-MON-YYYY HH24:MI'), 'DEBIT_CARD', 195, 'SETTLED', 'USD', 'TXN-202401-000016');
INSERT INTO  PAYMENTS (PAYMENT_ID, RESERVATION_ID, PAYMENT_DATE, PAYMENT_METHOD, PAYMENT_AMOUNT_USD, PAYMENT_STATUS, CURRENCY_CODE, TRANSACTION_REFERENCE) VALUES (200017, 17, TO_TIMESTAMP('14-JAN-2024 14:30', 'DD-MON-YYYY HH24:MI'), 'CREDIT_CARD', 55, 'SETTLED', 'USD', 'TXN-202401-000017');
INSERT INTO  PAYMENTS (PAYMENT_ID, RESERVATION_ID, PAYMENT_DATE, PAYMENT_METHOD, PAYMENT_AMOUNT_USD, PAYMENT_STATUS, CURRENCY_CODE, TRANSACTION_REFERENCE) VALUES (200018, 18, TO_TIMESTAMP('15-JAN-2024 11:22', 'DD-MON-YYYY HH24:MI'), 'CREDIT_CARD', 600, 'AUTHORIZED', 'USD', 'TXN-202401-000018');
INSERT INTO  PAYMENTS (PAYMENT_ID, RESERVATION_ID, PAYMENT_DATE, PAYMENT_METHOD, PAYMENT_AMOUNT_USD, PAYMENT_STATUS, CURRENCY_CODE, TRANSACTION_REFERENCE) VALUES (200019, 19, TO_TIMESTAMP('16-JAN-2024 14:27', 'DD-MON-YYYY HH24:MI'), 'CREDIT_CARD', 310, 'SETTLED', 'USD', 'TXN-202401-000019');
INSERT INTO  PAYMENTS (PAYMENT_ID, RESERVATION_ID, PAYMENT_DATE, PAYMENT_METHOD, PAYMENT_AMOUNT_USD, PAYMENT_STATUS, CURRENCY_CODE, TRANSACTION_REFERENCE) VALUES (200020, 20, TO_TIMESTAMP('17-JAN-2024 02:17', 'DD-MON-YYYY HH24:MI'), 'MILES', 0, 'SETTLED', 'USD', 'TXN-202401-000020');
INSERT INTO  PAYMENTS (PAYMENT_ID, RESERVATION_ID, PAYMENT_DATE, PAYMENT_METHOD, PAYMENT_AMOUNT_USD, PAYMENT_STATUS, CURRENCY_CODE, TRANSACTION_REFERENCE) VALUES (200021, 21, TO_TIMESTAMP('19-JAN-2024 20:27', 'DD-MON-YYYY HH24:MI'), 'CREDIT_CARD', 390, 'SETTLED', 'USD', 'TXN-202401-000021');
INSERT INTO  PAYMENTS (PAYMENT_ID, RESERVATION_ID, PAYMENT_DATE, PAYMENT_METHOD, PAYMENT_AMOUNT_USD, PAYMENT_STATUS, CURRENCY_CODE, TRANSACTION_REFERENCE) VALUES (200022, 22, TO_TIMESTAMP('19-JAN-2024 14:51', 'DD-MON-YYYY HH24:MI'), 'CREDIT_CARD', 1170, 'SETTLED', 'USD', 'TXN-202401-000022');
INSERT INTO  PAYMENTS (PAYMENT_ID, RESERVATION_ID, PAYMENT_DATE, PAYMENT_METHOD, PAYMENT_AMOUNT_USD, PAYMENT_STATUS, CURRENCY_CODE, TRANSACTION_REFERENCE) VALUES (200023, 23, TO_TIMESTAMP('20-JAN-2024 01:11', 'DD-MON-YYYY HH24:MI'), 'DEBIT_CARD', 210, 'SETTLED', 'USD', 'TXN-202401-000023');
INSERT INTO  PAYMENTS (PAYMENT_ID, RESERVATION_ID, PAYMENT_DATE, PAYMENT_METHOD, PAYMENT_AMOUNT_USD, PAYMENT_STATUS, CURRENCY_CODE, TRANSACTION_REFERENCE) VALUES (200024, 24, TO_TIMESTAMP('21-JAN-2024 13:42', 'DD-MON-YYYY HH24:MI'), 'CREDIT_CARD', 3600, 'SETTLED', 'USD', 'TXN-202401-000024');
INSERT INTO  PAYMENTS (PAYMENT_ID, RESERVATION_ID, PAYMENT_DATE, PAYMENT_METHOD, PAYMENT_AMOUNT_USD, PAYMENT_STATUS, CURRENCY_CODE, TRANSACTION_REFERENCE) VALUES (200025, 25, TO_TIMESTAMP('23-JAN-2024 21:40', 'DD-MON-YYYY HH24:MI'), 'CREDIT_CARD', 900, 'REVERSED', 'USD', 'TXN-202401-000025');
INSERT INTO  PAYMENTS (PAYMENT_ID, RESERVATION_ID, PAYMENT_DATE, PAYMENT_METHOD, PAYMENT_AMOUNT_USD, PAYMENT_STATUS, CURRENCY_CODE, TRANSACTION_REFERENCE) VALUES (200026, 26, TO_TIMESTAMP('23-JAN-2024 21:28', 'DD-MON-YYYY HH24:MI'), 'CREDIT_CARD', 900, 'SETTLED', 'USD', 'TXN-202401-000026');
INSERT INTO  PAYMENTS (PAYMENT_ID, RESERVATION_ID, PAYMENT_DATE, PAYMENT_METHOD, PAYMENT_AMOUNT_USD, PAYMENT_STATUS, CURRENCY_CODE, TRANSACTION_REFERENCE) VALUES (200027, 27, TO_TIMESTAMP('24-JAN-2024 00:36', 'DD-MON-YYYY HH24:MI'), 'CREDIT_CARD', 180, 'SETTLED', 'USD', 'TXN-202401-000027');
INSERT INTO  PAYMENTS (PAYMENT_ID, RESERVATION_ID, PAYMENT_DATE, PAYMENT_METHOD, PAYMENT_AMOUNT_USD, PAYMENT_STATUS, CURRENCY_CODE, TRANSACTION_REFERENCE) VALUES (200028, 28, TO_TIMESTAMP('25-JAN-2024 18:10', 'DD-MON-YYYY HH24:MI'), 'DEBIT_CARD', 156, 'SETTLED', 'USD', 'TXN-202401-000028');
INSERT INTO  PAYMENTS (PAYMENT_ID, RESERVATION_ID, PAYMENT_DATE, PAYMENT_METHOD, PAYMENT_AMOUNT_USD, PAYMENT_STATUS, CURRENCY_CODE, TRANSACTION_REFERENCE) VALUES (200029, 29, TO_TIMESTAMP('28-JAN-2024 00:36', 'DD-MON-YYYY HH24:MI'), 'CREDIT_CARD', 525, 'SETTLED', 'USD', 'TXN-202401-000029');
INSERT INTO  PAYMENTS (PAYMENT_ID, RESERVATION_ID, PAYMENT_DATE, PAYMENT_METHOD, PAYMENT_AMOUNT_USD, PAYMENT_STATUS, CURRENCY_CODE, TRANSACTION_REFERENCE) VALUES (200030, 30, TO_TIMESTAMP('28-JAN-2024 18:00', 'DD-MON-YYYY HH24:MI'), 'CREDIT_CARD', 600, 'SETTLED', 'USD', 'TXN-202401-000030');
INSERT INTO  PAYMENTS (PAYMENT_ID, RESERVATION_ID, PAYMENT_DATE, PAYMENT_METHOD, PAYMENT_AMOUNT_USD, PAYMENT_STATUS, CURRENCY_CODE, TRANSACTION_REFERENCE) VALUES (200031, 31, TO_TIMESTAMP('28-JAN-2024 10:03', 'DD-MON-YYYY HH24:MI'), 'CREDIT_CARD', 1240, 'AUTHORIZED', 'USD', 'TXN-202401-000031');
INSERT INTO  PAYMENTS (PAYMENT_ID, RESERVATION_ID, PAYMENT_DATE, PAYMENT_METHOD, PAYMENT_AMOUNT_USD, PAYMENT_STATUS, CURRENCY_CODE, TRANSACTION_REFERENCE) VALUES (200032, 32, TO_TIMESTAMP('30-JAN-2024 06:03', 'DD-MON-YYYY HH24:MI'), 'CREDIT_CARD', 2800, 'SETTLED', 'USD', 'TXN-202401-000032');
INSERT INTO  PAYMENTS (PAYMENT_ID, RESERVATION_ID, PAYMENT_DATE, PAYMENT_METHOD, PAYMENT_AMOUNT_USD, PAYMENT_STATUS, CURRENCY_CODE, TRANSACTION_REFERENCE) VALUES (200033, 33, TO_TIMESTAMP('30-JAN-2024 04:19', 'DD-MON-YYYY HH24:MI'), 'MILES', 0, 'AUTHORIZED', 'USD', 'TXN-202401-000033');
INSERT INTO  PAYMENTS (PAYMENT_ID, RESERVATION_ID, PAYMENT_DATE, PAYMENT_METHOD, PAYMENT_AMOUNT_USD, PAYMENT_STATUS, CURRENCY_CODE, TRANSACTION_REFERENCE) VALUES (200034, 34, TO_TIMESTAMP('31-JAN-2024 10:28', 'DD-MON-YYYY HH24:MI'), 'CREDIT_CARD', 390, 'SETTLED', 'USD', 'TXN-202401-000034');
INSERT INTO  PAYMENTS (PAYMENT_ID, RESERVATION_ID, PAYMENT_DATE, PAYMENT_METHOD, PAYMENT_AMOUNT_USD, PAYMENT_STATUS, CURRENCY_CODE, TRANSACTION_REFERENCE) VALUES (200035, 35, TO_TIMESTAMP('01-FEB-2024 14:33', 'DD-MON-YYYY HH24:MI'), 'DEBIT_CARD', 210, 'SETTLED', 'USD', 'TXN-202402-000035');
INSERT INTO  PAYMENTS (PAYMENT_ID, RESERVATION_ID, PAYMENT_DATE, PAYMENT_METHOD, PAYMENT_AMOUNT_USD, PAYMENT_STATUS, CURRENCY_CODE, TRANSACTION_REFERENCE) VALUES (200036, 36, TO_TIMESTAMP('02-FEB-2024 04:51', 'DD-MON-YYYY HH24:MI'), 'CREDIT_CARD', 800, 'SETTLED', 'USD', 'TXN-202402-000036');
INSERT INTO  PAYMENTS (PAYMENT_ID, RESERVATION_ID, PAYMENT_DATE, PAYMENT_METHOD, PAYMENT_AMOUNT_USD, PAYMENT_STATUS, CURRENCY_CODE, TRANSACTION_REFERENCE) VALUES (200037, 37, TO_TIMESTAMP('03-FEB-2024 01:35', 'DD-MON-YYYY HH24:MI'), 'CREDIT_CARD', 3600, 'SETTLED', 'USD', 'TXN-202402-000037');
INSERT INTO  PAYMENTS (PAYMENT_ID, RESERVATION_ID, PAYMENT_DATE, PAYMENT_METHOD, PAYMENT_AMOUNT_USD, PAYMENT_STATUS, CURRENCY_CODE, TRANSACTION_REFERENCE) VALUES (200038, 38, TO_TIMESTAMP('05-FEB-2024 11:21', 'DD-MON-YYYY HH24:MI'), 'CREDIT_CARD', 620, 'SETTLED', 'USD', 'TXN-202402-000038');
INSERT INTO  PAYMENTS (PAYMENT_ID, RESERVATION_ID, PAYMENT_DATE, PAYMENT_METHOD, PAYMENT_AMOUNT_USD, PAYMENT_STATUS, CURRENCY_CODE, TRANSACTION_REFERENCE) VALUES (200039, 39, TO_TIMESTAMP('06-FEB-2024 07:07', 'DD-MON-YYYY HH24:MI'), 'CREDIT_CARD', 870, 'SETTLED', 'USD', 'TXN-202402-000039');
INSERT INTO  PAYMENTS (PAYMENT_ID, RESERVATION_ID, PAYMENT_DATE, PAYMENT_METHOD, PAYMENT_AMOUNT_USD, PAYMENT_STATUS, CURRENCY_CODE, TRANSACTION_REFERENCE) VALUES (200040, 40, TO_TIMESTAMP('06-FEB-2024 21:28', 'DD-MON-YYYY HH24:MI'), 'CREDIT_CARD', 140, 'AUTHORIZED', 'USD', 'TXN-202402-000040');
INSERT INTO  PAYMENTS (PAYMENT_ID, RESERVATION_ID, PAYMENT_DATE, PAYMENT_METHOD, PAYMENT_AMOUNT_USD, PAYMENT_STATUS, CURRENCY_CODE, TRANSACTION_REFERENCE) VALUES (200041, 41, TO_TIMESTAMP('08-FEB-2024 21:34', 'DD-MON-YYYY HH24:MI'), 'CREDIT_CARD', 4500, 'SETTLED', 'USD', 'TXN-202402-000041');
INSERT INTO  PAYMENTS (PAYMENT_ID, RESERVATION_ID, PAYMENT_DATE, PAYMENT_METHOD, PAYMENT_AMOUNT_USD, PAYMENT_STATUS, CURRENCY_CODE, TRANSACTION_REFERENCE) VALUES (200042, 42, TO_TIMESTAMP('08-FEB-2024 02:00', 'DD-MON-YYYY HH24:MI'), 'CREDIT_CARD', 1350, 'SETTLED', 'USD', 'TXN-202402-000042');
INSERT INTO  PAYMENTS (PAYMENT_ID, RESERVATION_ID, PAYMENT_DATE, PAYMENT_METHOD, PAYMENT_AMOUNT_USD, PAYMENT_STATUS, CURRENCY_CODE, TRANSACTION_REFERENCE) VALUES (200043, 43, TO_TIMESTAMP('10-FEB-2024 22:35', 'DD-MON-YYYY HH24:MI'), 'DEBIT_CARD', 180, 'SETTLED', 'USD', 'TXN-202402-000043');
INSERT INTO  PAYMENTS (PAYMENT_ID, RESERVATION_ID, PAYMENT_DATE, PAYMENT_METHOD, PAYMENT_AMOUNT_USD, PAYMENT_STATUS, CURRENCY_CODE, TRANSACTION_REFERENCE) VALUES (200044, 44, TO_TIMESTAMP('10-FEB-2024 07:56', 'DD-MON-YYYY HH24:MI'), 'CREDIT_CARD', 195, 'SETTLED', 'USD', 'TXN-202402-000044');
INSERT INTO  PAYMENTS (PAYMENT_ID, RESERVATION_ID, PAYMENT_DATE, PAYMENT_METHOD, PAYMENT_AMOUNT_USD, PAYMENT_STATUS, CURRENCY_CODE, TRANSACTION_REFERENCE) VALUES (200045, 45, TO_TIMESTAMP('11-FEB-2024 14:40', 'DD-MON-YYYY HH24:MI'), 'CREDIT_CARD', 220, 'SETTLED', 'USD', 'TXN-202402-000045');
INSERT INTO  PAYMENTS (PAYMENT_ID, RESERVATION_ID, PAYMENT_DATE, PAYMENT_METHOD, PAYMENT_AMOUNT_USD, PAYMENT_STATUS, CURRENCY_CODE, TRANSACTION_REFERENCE) VALUES (200046, 46, TO_TIMESTAMP('13-FEB-2024 20:03', 'DD-MON-YYYY HH24:MI'), 'CREDIT_CARD', 195, 'REVERSED', 'USD', 'TXN-202402-000046');
INSERT INTO  PAYMENTS (PAYMENT_ID, RESERVATION_ID, PAYMENT_DATE, PAYMENT_METHOD, PAYMENT_AMOUNT_USD, PAYMENT_STATUS, CURRENCY_CODE, TRANSACTION_REFERENCE) VALUES (200047, 47, TO_TIMESTAMP('14-FEB-2024 13:33', 'DD-MON-YYYY HH24:MI'), 'CREDIT_CARD', 2280, 'SETTLED', 'USD', 'TXN-202402-000047');
INSERT INTO  PAYMENTS (PAYMENT_ID, RESERVATION_ID, PAYMENT_DATE, PAYMENT_METHOD, PAYMENT_AMOUNT_USD, PAYMENT_STATUS, CURRENCY_CODE, TRANSACTION_REFERENCE) VALUES (200048, 48, TO_TIMESTAMP('14-FEB-2024 13:04', 'DD-MON-YYYY HH24:MI'), 'CREDIT_CARD', 525, 'SETTLED', 'USD', 'TXN-202402-000048');
INSERT INTO  PAYMENTS (PAYMENT_ID, RESERVATION_ID, PAYMENT_DATE, PAYMENT_METHOD, PAYMENT_AMOUNT_USD, PAYMENT_STATUS, CURRENCY_CODE, TRANSACTION_REFERENCE) VALUES (200049, 49, TO_TIMESTAMP('15-FEB-2024 07:41', 'DD-MON-YYYY HH24:MI'), 'CREDIT_CARD', 600, 'SETTLED', 'USD', 'TXN-202402-000049');
INSERT INTO  PAYMENTS (PAYMENT_ID, RESERVATION_ID, PAYMENT_DATE, PAYMENT_METHOD, PAYMENT_AMOUNT_USD, PAYMENT_STATUS, CURRENCY_CODE, TRANSACTION_REFERENCE) VALUES (200050, 50, TO_TIMESTAMP('16-FEB-2024 08:13', 'DD-MON-YYYY HH24:MI'), 'DEBIT_CARD', 150, 'SETTLED', 'USD', 'TXN-202402-000050');
INSERT INTO  PAYMENTS (PAYMENT_ID, RESERVATION_ID, PAYMENT_DATE, PAYMENT_METHOD, PAYMENT_AMOUNT_USD, PAYMENT_STATUS, CURRENCY_CODE, TRANSACTION_REFERENCE) VALUES (200051, 51, TO_TIMESTAMP('17-FEB-2024 17:17', 'DD-MON-YYYY HH24:MI'), 'CREDIT_CARD', 196, 'SETTLED', 'USD', 'TXN-202402-000051');
INSERT INTO  PAYMENTS (PAYMENT_ID, RESERVATION_ID, PAYMENT_DATE, PAYMENT_METHOD, PAYMENT_AMOUNT_USD, PAYMENT_STATUS, CURRENCY_CODE, TRANSACTION_REFERENCE) VALUES (200052, 52, TO_TIMESTAMP('19-FEB-2024 10:21', 'DD-MON-YYYY HH24:MI'), 'CREDIT_CARD', 4500, 'SETTLED', 'USD', 'TXN-202402-000052');
INSERT INTO  PAYMENTS (PAYMENT_ID, RESERVATION_ID, PAYMENT_DATE, PAYMENT_METHOD, PAYMENT_AMOUNT_USD, PAYMENT_STATUS, CURRENCY_CODE, TRANSACTION_REFERENCE) VALUES (200053, 53, TO_TIMESTAMP('20-FEB-2024 08:24', 'DD-MON-YYYY HH24:MI'), 'DEBIT_CARD', 360, 'SETTLED', 'USD', 'TXN-202402-000053');
INSERT INTO  PAYMENTS (PAYMENT_ID, RESERVATION_ID, PAYMENT_DATE, PAYMENT_METHOD, PAYMENT_AMOUNT_USD, PAYMENT_STATUS, CURRENCY_CODE, TRANSACTION_REFERENCE) VALUES (200054, 54, TO_TIMESTAMP('20-FEB-2024 01:21', 'DD-MON-YYYY HH24:MI'), 'CREDIT_CARD', 195, 'SETTLED', 'USD', 'TXN-202402-000054');
INSERT INTO  PAYMENTS (PAYMENT_ID, RESERVATION_ID, PAYMENT_DATE, PAYMENT_METHOD, PAYMENT_AMOUNT_USD, PAYMENT_STATUS, CURRENCY_CODE, TRANSACTION_REFERENCE) VALUES (200055, 55, TO_TIMESTAMP('21-FEB-2024 00:44', 'DD-MON-YYYY HH24:MI'), 'CREDIT_CARD', 180, 'SETTLED', 'USD', 'TXN-202402-000055');
INSERT INTO  PAYMENTS (PAYMENT_ID, RESERVATION_ID, PAYMENT_DATE, PAYMENT_METHOD, PAYMENT_AMOUNT_USD, PAYMENT_STATUS, CURRENCY_CODE, TRANSACTION_REFERENCE) VALUES (200056, 56, TO_TIMESTAMP('23-FEB-2024 01:08', 'DD-MON-YYYY HH24:MI'), 'CREDIT_CARD', 1350, 'SETTLED', 'USD', 'TXN-202402-000056');
INSERT INTO  PAYMENTS (PAYMENT_ID, RESERVATION_ID, PAYMENT_DATE, PAYMENT_METHOD, PAYMENT_AMOUNT_USD, PAYMENT_STATUS, CURRENCY_CODE, TRANSACTION_REFERENCE) VALUES (200057, 57, TO_TIMESTAMP('23-FEB-2024 15:12', 'DD-MON-YYYY HH24:MI'), 'CREDIT_CARD', 900, 'SETTLED', 'USD', 'TXN-202402-000057');
INSERT INTO  PAYMENTS (PAYMENT_ID, RESERVATION_ID, PAYMENT_DATE, PAYMENT_METHOD, PAYMENT_AMOUNT_USD, PAYMENT_STATUS, CURRENCY_CODE, TRANSACTION_REFERENCE) VALUES (200058, 58, TO_TIMESTAMP('25-FEB-2024 12:20', 'DD-MON-YYYY HH24:MI'), 'MILES', 0, 'SETTLED', 'USD', 'TXN-202402-000058');
INSERT INTO  PAYMENTS (PAYMENT_ID, RESERVATION_ID, PAYMENT_DATE, PAYMENT_METHOD, PAYMENT_AMOUNT_USD, PAYMENT_STATUS, CURRENCY_CODE, TRANSACTION_REFERENCE) VALUES (200059, 59, TO_TIMESTAMP('26-FEB-2024 02:54', 'DD-MON-YYYY HH24:MI'), 'DEBIT_CARD', 180, 'SETTLED', 'USD', 'TXN-202402-000059');
INSERT INTO  PAYMENTS (PAYMENT_ID, RESERVATION_ID, PAYMENT_DATE, PAYMENT_METHOD, PAYMENT_AMOUNT_USD, PAYMENT_STATUS, CURRENCY_CODE, TRANSACTION_REFERENCE) VALUES (200060, 60, TO_TIMESTAMP('26-FEB-2024 02:25', 'DD-MON-YYYY HH24:MI'), 'CREDIT_CARD', 110, 'SETTLED', 'USD', 'TXN-202402-000060');
INSERT INTO  PAYMENTS (PAYMENT_ID, RESERVATION_ID, PAYMENT_DATE, PAYMENT_METHOD, PAYMENT_AMOUNT_USD, PAYMENT_STATUS, CURRENCY_CODE, TRANSACTION_REFERENCE) VALUES (200061, 61, TO_TIMESTAMP('28-FEB-2024 16:35', 'DD-MON-YYYY HH24:MI'), 'CREDIT_CARD', 780, 'SETTLED', 'USD', 'TXN-202402-000061');
INSERT IN
TO  PAYMENTS (PAYMENT_ID, RESERVATION_ID, PAYMENT_DATE, PAYMENT_METHOD, PAYMENT_AMOUNT_USD, PAYMENT_STATUS, CURRENCY_CODE, TRANSACTION_REFERENCE) VALUES (200062, 62, TO_TIMESTAMP('29-FEB-2024 13:23', 'DD-MON-YYYY HH24:MI'), 'CREDIT_CARD', 224, 'SETTLED', 'USD', 'TXN-202402-000062');
INSERT INTO  PAYMENTS (PAYMENT_ID, RESERVATION_ID, PAYMENT_DATE, PAYMENT_METHOD, PAYMENT_AMOUNT_USD, PAYMENT_STATUS, CURRENCY_CODE, TRANSACTION_REFERENCE) VALUES (200063, 63, TO_TIMESTAMP('01-MAR-2024 02:30', 'DD-MON-YYYY HH24:MI'), 'CREDIT_CARD', 525, 'SETTLED', 'USD', 'TXN-202403-000063');
INSERT INTO  PAYMENTS (PAYMENT_ID, RESERVATION_ID, PAYMENT_DATE, PAYMENT_METHOD, PAYMENT_AMOUNT_USD, PAYMENT_STATUS, CURRENCY_CODE, TRANSACTION_REFERENCE) VALUES (200064, 64, TO_TIMESTAMP('03-MAR-2024 21:38', 'DD-MON-YYYY HH24:MI'), 'CREDIT_CARD', 600, 'SETTLED', 'USD', 'TXN-202403-000064');
INSERT INTO  PAYMENTS (PAYMENT_ID, RESERVATION_ID, PAYMENT_DATE, PAYMENT_METHOD, PAYMENT_AMOUNT_USD, PAYMENT_STATUS, CURRENCY_CODE, TRANSACTION_REFERENCE) VALUES (200065, 65, TO_TIMESTAMP('03-MAR-2024 17:19', 'DD-MON-YYYY HH24:MI'), 'DEBIT_CARD', 210, 'SETTLED', 'USD', 'TXN-202403-000065');
INSERT INTO  PAYMENTS (PAYMENT_ID, RESERVATION_ID, PAYMENT_DATE, PAYMENT_METHOD, PAYMENT_AMOUNT_USD, PAYMENT_STATUS, CURRENCY_CODE, TRANSACTION_REFERENCE) VALUES (200066, 66, TO_TIMESTAMP('04-MAR-2024 18:36', 'DD-MON-YYYY HH24:MI'), 'CREDIT_CARD', 195, 'SETTLED', 'USD', 'TXN-202403-000066');
INSERT INTO  PAYMENTS (PAYMENT_ID, RESERVATION_ID, PAYMENT_DATE, PAYMENT_METHOD, PAYMENT_AMOUNT_USD, PAYMENT_STATUS, CURRENCY_CODE, TRANSACTION_REFERENCE) VALUES (200067, 67, TO_TIMESTAMP('05-MAR-2024 13:29', 'DD-MON-YYYY HH24:MI'), 'CREDIT_CARD', 220, 'SETTLED', 'USD', 'TXN-202403-000067');
INSERT INTO  PAYMENTS (PAYMENT_ID, RESERVATION_ID, PAYMENT_DATE, PAYMENT_METHOD, PAYMENT_AMOUNT_USD, PAYMENT_STATUS, CURRENCY_CODE, TRANSACTION_REFERENCE) VALUES (200068, 68, TO_TIMESTAMP('06-MAR-2024 05:12', 'DD-MON-YYYY HH24:MI'), 'DEBIT_CARD', 140, 'SETTLED', 'USD', 'TXN-202403-000068');
INSERT INTO  PAYMENTS (PAYMENT_ID, RESERVATION_ID, PAYMENT_DATE, PAYMENT_METHOD, PAYMENT_AMOUNT_USD, PAYMENT_STATUS, CURRENCY_CODE, TRANSACTION_REFERENCE) VALUES (200069, 69, TO_TIMESTAMP('07-MAR-2024 15:33', 'DD-MON-YYYY HH24:MI'), 'CREDIT_CARD', 112, 'SETTLED', 'USD', 'TXN-202403-000069');
INSERT INTO  PAYMENTS (PAYMENT_ID, RESERVATION_ID, PAYMENT_DATE, PAYMENT_METHOD, PAYMENT_AMOUNT_USD, PAYMENT_STATUS, CURRENCY_CODE, TRANSACTION_REFERENCE) VALUES (200070, 70, TO_TIMESTAMP('09-MAR-2024 19:14', 'DD-MON-YYYY HH24:MI'), 'CREDIT_CARD', 1560, 'AUTHORIZED', 'USD', 'TXN-202403-000070');
INSERT INTO  PAYMENTS (PAYMENT_ID, RESERVATION_ID, PAYMENT_DATE, PAYMENT_METHOD, PAYMENT_AMOUNT_USD, PAYMENT_STATUS, CURRENCY_CODE, TRANSACTION_REFERENCE) VALUES (200071, 71, TO_TIMESTAMP('09-MAR-2024 17:00', 'DD-MON-YYYY HH24:MI'), 'CREDIT_CARD', 1240, 'SETTLED', 'USD', 'TXN-202403-000071');
INSERT INTO  PAYMENTS (PAYMENT_ID, RESERVATION_ID, PAYMENT_DATE, PAYMENT_METHOD, PAYMENT_AMOUNT_USD, PAYMENT_STATUS, CURRENCY_CODE, TRANSACTION_REFERENCE) VALUES (200072, 72, TO_TIMESTAMP('10-MAR-2024 05:26', 'DD-MON-YYYY HH24:MI'), 'CREDIT_CARD', 930, 'SETTLED', 'USD', 'TXN-202403-000072');
INSERT INTO  PAYMENTS (PAYMENT_ID, RESERVATION_ID, PAYMENT_DATE, PAYMENT_METHOD, PAYMENT_AMOUNT_USD, PAYMENT_STATUS, CURRENCY_CODE, TRANSACTION_REFERENCE) VALUES (200073, 73, TO_TIMESTAMP('12-MAR-2024 11:59', 'DD-MON-YYYY HH24:MI'), 'DEBIT_CARD', 0, 'FAILED', 'USD', 'TXN-202403-000073');
INSERT INTO  PAYMENTS (PAYMENT_ID, RESERVATION_ID, PAYMENT_DATE, PAYMENT_METHOD, PAYMENT_AMOUNT_USD, PAYMENT_STATUS, CURRENCY_CODE, TRANSACTION_REFERENCE) VALUES (200074, 74, TO_TIMESTAMP('12-MAR-2024 15:38', 'DD-MON-YYYY HH24:MI'), 'CREDIT_CARD', 195, 'SETTLED', 'USD', 'TXN-202403-000074');
INSERT INTO  PAYMENTS (PAYMENT_ID, RESERVATION_ID, PAYMENT_DATE, PAYMENT_METHOD, PAYMENT_AMOUNT_USD, PAYMENT_STATUS, CURRENCY_CODE, TRANSACTION_REFERENCE) VALUES (200075, 75, TO_TIMESTAMP('14-MAR-2024 21:34', 'DD-MON-YYYY HH24:MI'), 'CREDIT_CARD', 390, 'SETTLED', 'USD', 'TXN-202403-000075');
INSERT INTO  PAYMENTS (PAYMENT_ID, RESERVATION_ID, PAYMENT_DATE, PAYMENT_METHOD, PAYMENT_AMOUNT_USD, PAYMENT_STATUS, CURRENCY_CODE, TRANSACTION_REFERENCE) VALUES (200076, 76, TO_TIMESTAMP('15-MAR-2024 07:58', 'DD-MON-YYYY HH24:MI'), 'CREDIT_CARD', 4500, 'SETTLED', 'USD', 'TXN-202403-000076');
INSERT INTO  PAYMENTS (PAYMENT_ID, RESERVATION_ID, PAYMENT_DATE, PAYMENT_METHOD, PAYMENT_AMOUNT_USD, PAYMENT_STATUS, CURRENCY_CODE, TRANSACTION_REFERENCE) VALUES (200077, 77, TO_TIMESTAMP('15-MAR-2024 20:09', 'DD-MON-YYYY HH24:MI'), 'CREDIT_CARD', 900, 'SETTLED', 'USD', 'TXN-202403-000077');
INSERT INTO  PAYMENTS (PAYMENT_ID, RESERVATION_ID, PAYMENT_DATE, PAYMENT_METHOD, PAYMENT_AMOUNT_USD, PAYMENT_STATUS, CURRENCY_CODE, TRANSACTION_REFERENCE) VALUES (200078, 78, TO_TIMESTAMP('17-MAR-2024 01:19', 'DD-MON-YYYY HH24:MI'), 'CREDIT_CARD', 0, 'FAILED', 'USD', 'TXN-202403-000078');
INSERT INTO  PAYMENTS (PAYMENT_ID, RESERVATION_ID, PAYMENT_DATE, PAYMENT_METHOD, PAYMENT_AMOUNT_USD, PAYMENT_STATUS, CURRENCY_CODE, TRANSACTION_REFERENCE) VALUES (200079, 79, TO_TIMESTAMP('18-MAR-2024 11:39', 'DD-MON-YYYY HH24:MI'), 'CREDIT_CARD', 870, 'SETTLED', 'USD', 'TXN-202403-000079');
INSERT INTO  PAYMENTS (PAYMENT_ID, RESERVATION_ID, PAYMENT_DATE, PAYMENT_METHOD, PAYMENT_AMOUNT_USD, PAYMENT_STATUS, CURRENCY_CODE, TRANSACTION_REFERENCE) VALUES (200080, 80, TO_TIMESTAMP('19-MAR-2024 09:02', 'DD-MON-YYYY HH24:MI'), 'MILES', 0, 'SETTLED', 'USD', 'TXN-202403-000080');
INSERT INTO  PAYMENTS (PAYMENT_ID, RESERVATION_ID, PAYMENT_DATE, PAYMENT_METHOD, PAYMENT_AMOUNT_USD, PAYMENT_STATUS, CURRENCY_CODE, TRANSACTION_REFERENCE) VALUES (200081, 81, TO_TIMESTAMP('19-MAR-2024 04:02', 'DD-MON-YYYY HH24:MI'), 'CREDIT_CARD', 156, 'SETTLED', 'USD', 'TXN-202403-000081');
INSERT INTO  PAYMENTS (PAYMENT_ID, RESERVATION_ID, PAYMENT_DATE, PAYMENT_METHOD, PAYMENT_AMOUNT_USD, PAYMENT_STATUS, CURRENCY_CODE, TRANSACTION_REFERENCE) VALUES (200082, 82, TO_TIMESTAMP('21-MAR-2024 11:22', 'DD-MON-YYYY HH24:MI'), 'CREDIT_CARD', 525, 'SETTLED', 'USD', 'TXN-202403-000082');
INSERT INTO  PAYMENTS (PAYMENT_ID, RESERVATION_ID, PAYMENT_DATE, PAYMENT_METHOD, PAYMENT_AMOUNT_USD, PAYMENT_STATUS, CURRENCY_CODE, TRANSACTION_REFERENCE) VALUES (200083, 83, TO_TIMESTAMP('23-MAR-2024 00:25', 'DD-MON-YYYY HH24:MI'), 'CREDIT_CARD', 600, 'SETTLED', 'USD', 'TXN-202403-000083');
INSERT INTO  PAYMENTS (PAYMENT_ID, RESERVATION_ID, PAYMENT_DATE, PAYMENT_METHOD, PAYMENT_AMOUNT_USD, PAYMENT_STATUS, CURRENCY_CODE, TRANSACTION_REFERENCE) VALUES (200084, 84, TO_TIMESTAMP('23-MAR-2024 16:57', 'DD-MON-YYYY HH24:MI'), 'DEBIT_CARD', 210, 'SETTLED', 'USD', 'TXN-202403-000084');
INSERT INTO  PAYMENTS (PAYMENT_ID, RESERVATION_ID, PAYMENT_DATE, PAYMENT_METHOD, PAYMENT_AMOUNT_USD, PAYMENT_STATUS, CURRENCY_CODE, TRANSACTION_REFERENCE) VALUES (200085, 85, TO_TIMESTAMP('23-MAR-2024 22:43', 'DD-MON-YYYY HH24:MI'), 'CREDIT_CARD', 110, 'AUTHORIZED', 'USD', 'TXN-202403-000085');
INSERT INTO  PAYMENTS (PAYMENT_ID, RESERVATION_ID, PAYMENT_DATE, PAYMENT_METHOD, PAYMENT_AMOUNT_USD, PAYMENT_STATUS, CURRENCY_CODE, TRANSACTION_REFERENCE) VALUES (200086, 86, TO_TIMESTAMP('24-MAR-2024 00:57', 'DD-MON-YYYY HH24:MI'), 'CREDIT_CARD', 780, 'AUTHORIZED', 'USD', 'TXN-202403-000086');
INSERT INTO  PAYMENTS (PAYMENT_ID, RESERVATION_ID, PAYMENT_DATE, PAYMENT_METHOD, PAYMENT_AMOUNT_USD, PAYMENT_STATUS, CURRENCY_CODE, TRANSACTION_REFERENCE) VALUES (200087, 87, TO_TIMESTAMP('26-MAR-2024 07:46', 'DD-MON-YYYY HH24:MI'), 'CREDIT_CARD', 4500, 'SETTLED', 'USD', 'TXN-202403-000087');
INSERT INTO  PAYMENTS (PAYMENT_ID, RESERVATION_ID, PAYMENT_DATE, PAYMENT_METHOD, PAYMENT_AMOUNT_USD, PAYMENT_STATUS, CURRENCY_CODE, TRANSACTION_REFERENCE) VALUES (200088, 88, TO_TIMESTAMP('27-MAR-2024 02:02', 'DD-MON-YYYY HH24:MI'), 'CREDIT_CARD', 645, 'SETTLED', 'USD', 'TXN-202403-000088');
INSERT INTO  PAYMENTS (PAYMENT_ID, RESERVATION_ID, PAYMENT_DATE, PAYMENT_METHOD, PAYMENT_AMOUNT_USD, PAYMENT_STATUS, CURRENCY_CODE, TRANSACTION_REFERENCE) VALUES (200089, 89, TO_TIMESTAMP('28-MAR-2024 10:04', 'DD-MON-YYYY HH24:MI'), 'CREDIT_CARD', 1240, 'SETTLED', 'USD', 'TXN-202403-000089');
INSERT INTO  PAYMENTS (PAYMENT_ID, RESERVATION_ID, PAYMENT_DATE, PAYMENT_METHOD, PAYMENT_AMOUNT_USD, PAYMENT_STATUS, CURRENCY_CODE, TRANSACTION_REFERENCE) VALUES (200090, 90, TO_TIMESTAMP('29-MAR-2024 00:41', 'DD-MON-YYYY HH24:MI'), 'CREDIT_CARD', 3600, 'SETTLED', 'USD', 'TXN-202403-000090');
INSERT INTO  PAYMENTS (PAYMENT_ID, RESERVATION_ID, PAYMENT_DATE, PAYMENT_METHOD, PAYMENT_AMOUNT_USD, PAYMENT_STATUS, CURRENCY_CODE, TRANSACTION_REFERENCE) VALUES (200091, 91, TO_TIMESTAMP('29-MAR-2024 11:06', 'DD-MON-YYYY HH24:MI'), 'CREDIT_CARD', 0, 'REVERSED', 'USD', 'TXN-202403-000091');
INSERT INTO  PAYMENTS (PAYMENT_ID, RESERVATION_ID, PAYMENT_DATE, PAYMENT_METHOD, PAYMENT_AMOUNT_USD, PAYMENT_STATUS, CURRENCY_CODE, TRANSACTION_REFERENCE) VALUES (200092, 92, TO_TIMESTAMP('31-MAR-2024 05:40', 'DD-MON-YYYY HH24:MI'), 'CREDIT_CARD', 168, 'SETTLED', 'USD', 'TXN-202403-000092');
INSERT INTO  PAYMENTS (PAYMENT_ID, RESERVATION_ID, PAYMENT_DATE, PAYMENT_METHOD, PAYMENT_AMOUNT_USD, PAYMENT_STATUS, CURRENCY_CODE, TRANSACTION_REFERENCE) VALUES (200093, 93, TO_TIMESTAMP('31-MAR-2024 12:19', 'DD-MON-YYYY HH24:MI'), 'DEBIT_CARD', 0, 'FAILED', 'USD', 'TXN-202403-000093');
INSERT INTO  PAYMENTS (PAYMENT_ID, RESERVATION_ID, PAYMENT_DATE, PAYMENT_METHOD, PAYMENT_AMOUNT_USD, PAYMENT_STATUS, CURRENCY_CODE, TRANSACTION_REFERENCE) VALUES (200094, 94, TO_TIMESTAMP('01-APR-2024 11:22', 'DD-MON-YYYY HH24:MI'), 'CREDIT_CARD', 5600, 'SETTLED', 'USD', 'TXN-202404-000094');
INSERT INTO  PAYMENTS (PAYMENT_ID, RESERVATION_ID, PAYMENT_DATE, PAYMENT_METHOD, PAYMENT_AMOUNT_USD, PAYMENT_STATUS, CURRENCY_CODE, TRANSACTION_REFERENCE) VALUES (200095, 95, TO_TIMESTAMP('03-APR-2024 03:18', 'DD-MON-YYYY HH24:MI'), 'CREDIT_CARD', 870, 'SETTLED', 'USD', 'TXN-202404-000095');
INSERT INTO  PAYMENTS (PAYMENT_ID, RESERVATION_ID, PAYMENT_DATE, PAYMENT_METHOD, PAYMENT_AMOUNT_USD, PAYMENT_STATUS, CURRENCY_CODE, TRANSACTION_REFERENCE) VALUES (200096, 96, TO_TIMESTAMP('03-APR-2024 05:53', 'DD-MON-YYYY HH24:MI'), 'CREDIT_CARD', 780, 'SETTLED', 'USD', 'TXN-202404-000096');
INSERT INTO  PAYMENTS (PAYMENT_ID, RESERVATION_ID, PAYMENT_DATE, PAYMENT_METHOD, PAYMENT_AMOUNT_USD, PAYMENT_STATUS, CURRENCY_CODE, TRANSACTION_REFERENCE) VALUES (200097, 97, TO_TIMESTAMP('05-APR-2024 02:59', 'DD-MON-YYYY HH24:MI'), 'DEBIT_CARD', 210, 'SETTLED', 'USD', 'TXN-202404-000097');
INSERT INTO  PAYMENTS (PAYMENT_ID, RESERVATION_ID, PAYMENT_DATE, PAYMENT_METHOD, PAYMENT_AMOUNT_USD, PAYMENT_STATUS, CURRENCY_CODE, TRANSACTION_REFERENCE) VALUES (200098, 98, TO_TIMESTAMP('05-APR-2024 07:40', 'DD-MON-YYYY HH24:MI'), 'CREDIT_CARD', 180, 'SETTLED', 'USD', 'TXN-202404-000098');
INSERT INTO  PAYMENTS (PAYMENT_ID, RESERVATION_ID, PAYMENT_DATE, PAYMENT_METHOD, PAYMENT_AMOUNT_USD, PAYMENT_STATUS, CURRENCY_CODE, TRANSACTION_REFERENCE) VALUES (200099, 99, TO_TIMESTAMP('07-APR-2024 04:49', 'DD-MON-YYYY HH24:MI'), 'CREDIT_CARD', 156, 'SETTLED', 'USD', 'TXN-202404-000099');
INSERT INTO  PAYMENTS (PAYMENT_ID, RESERVATION_ID, PAYMENT_DATE, PAYMENT_METHOD, PAYMENT_AMOUNT_USD, PAYMENT_STATUS, CURRENCY_CODE, TRANSACTION_REFERENCE) VALUES (200100, 100, TO_TIMESTAMP('07-APR-2024 15:12', 'DD-MON-YYYY HH24:MI'), 'CREDIT_CARD', 220, 'SETTLED', 'USD', 'TXN-202404-000100');
INSERT INTO  PAYMENTS (PAYMENT_ID, RESERVATION_ID, PAYMENT_DATE, PAYMENT_METHOD, PAYMENT_AMOUNT_USD, PAYMENT_STATUS, CURRENCY_CODE, TRANSACTION_REFERENCE) VALUES (200101, 101, TO_TIMESTAMP('08-APR-2024 23:24', 'DD-MON-YYYY HH24:MI'), 'DEBIT_CARD', 140, 'SETTLED', 'USD', 'TXN-202404-000101');
INSERT INTO  PAYMENTS (PAYMENT_ID, RESERVATION_ID, PAYMENT_DATE, PAYMENT_METHOD, PAYMENT_AMOUNT_USD, PAYMENT_STATUS, CURRENCY_CODE, TRANSACTION_REFERENCE) VALUES (200102, 102, TO_TIMESTAMP('09-APR-2024 01:09', 'DD-MON-YYYY HH24:MI'), 'CREDIT_CARD', 900, 'SETTLED', 'USD', 'TXN-202404-000102');
INSERT INTO  PAYMENTS (PAYMENT_ID, RESERVATION_ID, PAYMENT_DATE, PAYMENT_METHOD, PAYMENT_AMOUNT_USD, PAYMENT_STATUS, CURRENCY_CODE, TRANSACTION_REFERENCE) VALUES (200103, 103, TO_TIMESTAMP('11-APR-2024 09:30', 'DD-MON-YYYY HH24:MI'), 'CREDIT_CARD', 270, 'SETTLED', 'USD', 'TXN-202404-000103');
INSERT INTO  PAYMENTS (PAYMENT_ID, RESERVATION_ID, PAYMENT_DATE, PAYMENT_METHOD, PAYMENT_AMOUNT_USD, PAYMENT_STATUS, CURRENCY_CODE, TRANSACTION_REFERENCE) VALUES (200104, 104, TO_TIMESTAMP('12-APR-2024 00:03', 'DD-MON-YYYY HH24:MI'), 'CREDIT_CARD', 620, 'SETTLED', 'USD', 'TXN-202404-000104');
INSERT INTO  PAYMENTS (PAYMENT_ID, RESERVATION_ID, PAYMENT_DATE, PAYMENT_METHOD, PAYMENT_AMOUNT_USD, PAYMENT_STATUS, CURRENCY_CODE, TRANSACTION_REFERENCE) VALUES (200105, 105, TO_TIMESTAMP('12-APR-2024 15:38', 'DD-MON-YYYY HH24:MI'), 'DEBIT_CARD', 390, 'SETTLED', 'USD', 'TXN-202404-000105');
INSERT INTO  PAYMENTS (PAYMENT_ID, RESERVATION_ID, PAYMENT_DATE, PAYMENT_METHOD, PAYMENT_AMOUNT_USD, PAYMENT_STATUS, CURRENCY_CODE, TRANSACTION_REFERENCE) VALUES (200106, 106, TO_TIMESTAMP('13-APR-2024 18:01', 'DD-MON-YYYY HH24:MI'), 'CREDIT_CARD', 156, 'SETTLED', 'USD', 'TXN-202404-000106');
INSERT INTO  PAYMENTS (PAYMENT_ID, RESERVATION_ID, PAYMENT_DATE, PAYMENT_METHOD, PAYMENT_AMOUNT_USD, PAYMENT_STATUS, CURRENCY_CODE, TRANSACTION_REFERENCE) VALUES (200107, 107, TO_TIMESTAMP('15-APR-2024 03:06', 'DD-MON-YYYY HH24:MI'), 'CREDIT_CARD', 525, 'SETTLED', 'USD', 'TXN-202404-000107');
INSERT INTO  PAYMENTS (PAYMENT_ID, RESERVATION_ID, PAYMENT_DATE, PAYMENT_METHOD, PAYMENT_AMOUNT_USD, PAYMENT_STATUS, CURRENCY_CODE, TRANSACTION_REFERENCE) VALUES (200108, 108, TO_TIMESTAMP('15-APR-2024 11:39', 'DD-MON-YYYY HH24:MI'), 'CREDIT_CARD', 600, 'SETTLED', 'USD', 'TXN-202404-000108');
INSERT INTO  PAYMENTS (PAYMENT_ID, RESERVATION_ID, PAYMENT_DATE, PAYMENT_METHOD, PAYMENT_AMOUNT_USD, PAYMENT_STATUS, CURRENCY_CODE, TRANSACTION_REFERENCE) VALUES (200109, 109, TO_TIMESTAMP('16-APR-2024 07:43', 'DD-MON-YYYY HH24:MI'), 'MILES', 0, 'SETTLED', 'USD', 'TXN-202404-000109');
INSERT INTO  PAYMENTS (PAYMENT_ID, RESERVATION_ID, PAYMENT_DATE, PAYMENT_METHOD, PAYMENT_AMOUNT_USD, PAYMENT_STATUS, CURRENCY_CODE, TRANSACTION_REFERENCE) VALUES (200110, 110, TO_TIMESTAMP('17-APR-2024 19:07', 'DD-MON-YYYY HH24:MI'), 'CREDIT_CARD', 1050, 'AUTHORIZED', 'USD', 'TXN-202404-000110');
INSERT INTO  PAYMENTS (PAYMENT_ID, RESERVATION_ID, PAYMENT_DATE, PAYMENT_METHOD, PAYMENT_AMOUNT_USD, PAYMENT_STATUS, CURRENCY_CODE, TRANSACTION_REFERENCE) VALUES (200111, 111, TO_TIMESTAMP('18-APR-2024 03:09', 'DD-MON-YYYY HH24:MI'), 'DEBIT_CARD', 210, 'SETTLED', 'USD', 'TXN-202404-000111');
INSERT INTO  PAYMENTS (PAYMENT_ID, RESERVATION_ID, PAYMENT_DATE, PAYMENT_METHOD, PAYMENT_AMOUNT_USD, PAYMENT_STATUS, CURRENCY_CODE, TRANSACTION_REFERENCE) VALUES (200112, 112, TO_TIMESTAMP('19-APR-2024 03:44', 'DD-MON-YYYY HH24:MI'), 'CREDIT_CARD', 110, 'SETTLED', 'USD', 'TXN-202404-000112');
INSERT INTO  PAYMENTS (PAYMENT_ID, RESERVATION_ID, PAYMENT_DATE, PAYMENT_METHOD, PAYMENT_AMOUNT_USD, PAYMENT_STATUS, CURRENCY_CODE, TRANSACTION_REFERENCE) VALUES (200113, 113, TO_TIMESTAMP('20-APR-2024 11:08', 'DD-MON-YYYY HH24:MI'), 'CREDIT_CARD', 5600, 'SETTLED', 'USD', 'TXN-202404-000113');
INSERT INTO  PAYMENTS (PAYMENT_ID, RESERVATION_ID, PAYMENT_DATE, PAYMENT_METHOD, PAYMENT_AMOUNT_USD, PAYMENT_STATUS, CURRENCY_CODE, TRANSACTION_REFERENCE) VALUES (200114, 114, TO_TIMESTAMP('22-APR-2024 16:00', 'DD-MON-YYYY HH24:MI'), 'CREDIT_CARD', 900, 'SETTLED', 'USD', 'TXN-202404-000114');
INSERT INTO  PAYMENTS (PAYMENT_ID, RESERVATION_ID, PAYMENT_DATE, PAYMENT_METHOD, PAYMENT_AMOUNT_USD, PAYMENT_STATUS, CURRENCY_CODE, TRANSACTION_REFERENCE) VALUES (200115, 115, TO_TIMESTAMP('22-APR-2024 03:45', 'DD-MON-YYYY HH24:MI'), 'DEBIT_CARD', 180, 'SETTLED', 'USD', 'TXN-202404-000115');
INSERT INTO  PAYMENTS (PAYMENT_ID, RESERVATION_ID, PAYMENT_DATE, PAYMENT_METHOD, PAYMENT_AMOUNT_USD, PAYMENT_STATUS, CURRENCY_CODE, TRANSACTION_REFERENCE) VALUES (200116, 116, TO_TIMESTAMP('24-APR-2024 08:39', 'DD-MON-YYYY HH24:MI'), 'CREDIT_CARD', 195, 'AUTHORIZED', 'USD', 'TXN-202404-000116');
INSERT INTO  PAYMENTS (PAYMENT_ID, RESERVATION_ID, PAYMENT_DATE, PAYMENT_METHOD, PAYMENT_AMOUNT_USD, PAYMENT_STATUS, CURRENCY_CODE, TRANSACTION_REFERENCE) VALUES (200117, 117, TO_TIMESTAMP('25-APR-2024 23:35', 'DD-MON-YYYY HH24:MI'), 'CREDIT_CARD', 780, 'SETTLED', 'USD', 'TXN-202404-000117');
INSERT INTO  PAYMENTS (PAYMENT_ID, RESERVATION_ID, PAYMENT_DATE, PAYMENT_METHOD, PAYMENT_AMOUNT_USD, PAYMENT_STATUS, CURRENCY_CODE, TRANSACTION_REFERENCE) VALUES (200118, 118, TO_TIMESTAMP('25-APR-2024 01:02', 'DD-MON-YYYY HH24:MI'), 'DEBIT_CARD', 360, 'SETTLED', 'USD', 'TXN-202404-000118');
INSERT INTO  PAYMENTS (PAYMENT_ID, RESERVATION_ID, PAYMENT_DATE, PAYMENT_METHOD, PAYMENT_AMOUNT_USD, PAYMENT_STATUS, CURRENCY_CODE, TRANSACTION_REFERENCE) VALUES (200119, 119, TO_TIMESTAMP('27-APR-2024 05:23', 'DD-MON-YYYY HH24:MI'), 'CREDIT_CARD', 870, 'SETTLED', 'USD', 'TXN-202404-000119');
INSERT INTO  PAYMENTS (PAYMENT_ID, RESERVATION_ID, PAYMENT_DATE, PAYMENT_METHOD, PAYMENT_AMOUNT_USD, PAYMENT_STATUS, CURRENCY_CODE, TRANSACTION_REFERENCE) VALUES (200120, 120, TO_TIMESTAMP('28-APR-2024 10:59', 'DD-MON-YYYY HH24:MI'), 'CREDIT_CARD', 140, 'SETTLED', 'USD', 'TXN-202404-000120');
INSERT INTO  PAYMENTS (PAYMENT_ID, RESERVATION_ID, PAYMENT_DATE, PAYMENT_METHOD, PAYMENT_AMOUNT_USD, PAYMENT_STATUS, CURRENCY_CODE, TRANSACTION_REFERENCE) VALUES (200121, 121, TO_TIMESTAMP('29-APR-2024 23:13', 'DD-MON-YYYY HH24:MI'), 'DEBIT_CARD', 180, 'SETTLED', 'USD', 'TXN-202404-000121');
INSERT INTO  PAYMENTS (PAYMENT_ID, RESERVATION_ID, PAYMENT_DATE, PAYMENT_METHOD, PAYMENT_AMOUNT_USD, PAYMENT_STATUS, CURRENCY_CODE, TRANSACTION_REFERENCE) VALUES (200122, 122, TO_TIMESTAMP('29-APR-2024 08:54', 'DD-MON-YYYY HH24:MI'), 'CREDIT_CARD', 168, 'SETTLED', 'USD', 'TXN-202404-000122');
INSERT INTO  PAYMENTS (PAYMENT_ID, RESERVATION_ID, PAYMENT_DATE, PAYMENT_METHOD, PAYMENT_AMOUNT_USD, PAYMENT_STATUS, CURRENCY_CODE, TRANSACTION_REFERENCE) VALUES (200123, 123, TO_TIMESTAMP('01-MAY-2024 17:05', 'DD-MON-YYYY HH24:MI'), 'CREDIT_CARD', 210, 'SETTLED', 'USD', 'TXN-202404-000123');
INSERT INTO  PAYMENTS (PAYMENT_ID, RESERVATION_ID, PAYMENT_DATE, PAYMENT_METHOD, PAYMENT_AMOUNT_USD, PAYMENT_STATUS, CURRENCY_CODE, TRANSACTION_REFERENCE) VALUES (200124, 124, TO_TIMESTAMP('01-MAY-2024 03:25', 'DD-MON-YYYY HH24:MI'), 'DEBIT_CARD', 140, 'SETTLED', 'USD', 'TXN-202405-000124');
INSERT INTO  PAYMENTS (PAYMENT_ID, RESERVATION_ID, PAYMENT_DATE, PAYMENT_METHOD, PAYMENT_AMOUNT_USD, PAYMENT_STATUS, CURRENCY_CODE, TRANSACTION_REFERENCE) VALUES (200125, 125, TO_TIMESTAMP('02-MAY-2024 17:44', 'DD-MON-YYYY HH24:MI'), 'CREDIT_CARD', 525, 'SETTLED', 'USD', 'TXN-202405-000125');
INSERT INTO  PAYMENTS (PAYMENT_ID, RESERVATION_ID, PAYMENT_DATE, PAYMENT_METHOD, PAYMENT_AMOUNT_USD, PAYMENT_STATUS, CURRENCY_CODE, TRANSACTION_REFERENCE) VALUES (200126, 126, TO_TIMESTAMP('03-MAY-2024 22:43', 'DD-MON-YYYY HH24:MI'), 'CREDIT_CARD', 1240, 'SETTLED', 'USD', 'TXN-202405-000126');
INSERT INTO  PAYMENTS (PAYMENT_ID, RESERVATION_ID, PAYMENT_DATE, PAYMENT_METHOD, PAYMENT_AMOUNT_USD, PAYMENT_STATUS, CURRENCY_CODE, TRANSACTION_REFERENCE) VALUES (200127, 127, TO_TIMESTAMP('05-MAY-2024 23:53', 'DD-MON-YYYY HH24:MI'), 'CREDIT_CARD', 930, 'SETTLED', 'USD', 'TXN-202405-000127');
INSERT INTO  PAYMENTS (PAYMENT_ID, RESERVATION_ID, PAYMENT_DATE, PAYMENT_METHOD, PAYMENT_AMOUNT_USD, PAYMENT_STATUS, CURRENCY_CODE, TRANSACTION_REFERENCE) VALUES (200128, 128, TO_TIMESTAMP('05-MAY-2024 01:48', 'DD-MON-YYYY HH24:MI'), 'CREDIT_CARD', 600, 'SETTLED', 'USD', 'TXN-202405-000128');
INSERT INTO  PAYMENTS (PAYMENT_ID, RESERVATION_ID, PAYMENT_DATE, PAYMENT_METHOD, PAYMENT_AMOUNT_USD, PAYMENT_STATUS, CURRENCY_CODE, TRANSACTION_REFERENCE) VALUES (200129, 129, TO_TIMESTAMP('06-MAY-2024 23:37', 'DD-MON-YYYY HH24:MI'), 'CREDIT_CARD', 900, 'SETTLED', 'USD', 'TXN-202405-000129');
INSERT INTO  PAYMENTS (PAYMENT_ID, RESERVATION_ID, PAYMENT_DATE, PAYMENT_METHOD, PAYMENT_AMOUNT_USD, PAYMENT_STATUS, CURRENCY_CODE, TRANSACTION_REFERENCE) VALUES (200130, 130, TO_TIMESTAMP('07-MAY-2024 09:21', 'DD-MON-YYYY HH24:MI'), 'DEBIT_CARD', 390, 'SETTLED', 'USD', 'TXN-202405-000130');
INSERT INTO  PAYMENTS (PAYMENT_ID, RESERVATION_ID, PAYMENT_DATE, PAYMENT_METHOD, PAYMENT_AMOUNT_USD, PAYMENT_STATUS, CURRENCY_CODE, TRANSACTION_REFERENCE) VALUES (200131, 131, TO_TIMESTAMP('09-MAY-2024 22:02', 'DD-MON-YYYY HH24:MI'), 'CREDIT_CARD', 1240, 'AUTHORIZED', 'USD', 'TXN-202405-000131');
INSERT INTO  PAYMENTS (PAYMENT_ID, RESERVATION_ID, PAYMENT_DATE, PAYMENT_METHOD, PAYMENT_AMOUNT_USD, PAYMENT_STATUS, CURRENCY_CODE, TRANSACTION_REFERENCE) VALUES (200132, 132, TO_TIMESTAMP('10-MAY-2024 11:42', 'DD-MON-YYYY HH24:MI'), 'CREDIT_CARD', 4500, 'SETTLED', 'USD', 'TXN-202405-000132');
INSERT INTO  PAYMENTS (PAYMENT_ID, RESERVATION_ID, PAYMENT_DATE, PAYMENT_METHOD, PAYMENT_AMOUNT_USD, PAYMENT_STATUS, CURRENCY_CODE, TRANSACTION_REFERENCE) VALUES (200133, 133, TO_TIMESTAMP('10-MAY-2024 01:42', 'DD-MON-YYYY HH24:MI'), 'DEBIT_CARD', 270, 'SETTLED', 'USD', 'TXN-202405-000133');
INSERT INTO  PAYMENTS (PAYMENT_ID, RESERVATION_ID, PAYMENT_DATE, PAYMENT_METHOD, PAYMENT_AMOUNT_USD, PAYMENT_STATUS, CURRENCY_CODE, TRANSACTION_REFERENCE) VALUES (200134, 134, TO_TIMESTAMP('11-MAY-2024 18:37', 'DD-MON-YYYY HH24:MI'), 'CREDIT_CARD', 620, 'SETTLED', 'USD', 'TXN-202405-000134');
INSERT INTO  PAYMENTS (PAYMENT_ID, RESERVATION_ID, PAYMENT_DATE, PAYMENT_METHOD, PAYMENT_AMOUNT_USD, PAYMENT_STATUS, CURRENCY_CODE, TRANSACTION_REFERENCE) VALUES (200135, 135, TO_TIMESTAMP('13-MAY-2024 03:02', 'DD-MON-YYYY HH24:MI'), 'CREDIT_CARD', 390, 'SETTLED', 'USD', 'TXN-202405-000135');
INSERT INTO  PAYMENTS (PAYMENT_ID, RESERVATION_ID, PAYMENT_DATE, PAYMENT_METHOD, PAYMENT_AMOUNT_USD, PAYMENT_STATUS, CURRENCY_CODE, TRANSACTION_REFERENCE) VALUES (200136, 136, TO_TIMESTAMP('14-MAY-2024 23:05', 'DD-MON-YYYY HH24:MI'), 'CREDIT_CARD', 156, 'SETTLED', 'USD', 'TXN-202405-000136');
INSERT INTO  PAYMENTS (PAYMENT_ID, RESERVATION_ID, PAYMENT_DATE, PAYMENT_METHOD, PAYMENT_AMOUNT_USD, PAYMENT_STATUS, CURRENCY_CODE, TRANSACTION_REFERENCE) VALUES (200137, 137, TO_TIMESTAMP('15-MAY-2024 18:41', 'DD-MON-YYYY HH24:MI'), 'CREDIT_CARD', 525, 'SETTLED', 'USD', 'TXN-202405-000137');
INSERT INTO  PAYMENTS (PAYMENT_ID, RESERVATION_ID, PAYMENT_DATE, PAYMENT_METHOD, PAYMENT_AMOUNT_USD, PAYMENT_STATUS, CURRENCY_CODE, TRANSACTION_REFERENCE) VALUES (200138, 138, TO_TIMESTAMP('15-MAY-2024 02:35', 'DD-MON-YYYY HH24:MI'), 'CREDIT_CARD', 600, 'SETTLED', 'USD', 'TXN-202405-000138');
INSERT INTO  PAYMENTS (PAYMENT_ID, RESERVATION_ID, PAYMENT_DATE, PAYMENT_METHOD, PAYMENT_AMOUNT_USD, PAYMENT_STATUS, CURRENCY_CODE, TRANSACTION_REFERENCE) VALUES (200139, 139, TO_TIMESTAMP('16-MAY-2024 05:47', 'DD-MON-YYYY HH24:MI'), 'MILES', 0, 'FAILED', 'USD', 'TXN-202405-000139');
INSERT INTO  PAYMENTS (PAYMENT_ID, RESERVATION_ID, PAYMENT_DATE, PAYMENT_METHOD, PAYMENT_AMOUNT_USD, PAYMENT_STATUS, CURRENCY_CODE, TRANSACTION_REFERENCE) VALUES (200140, 140, TO_TIMESTAMP('17-MAY-2024 23:04', 'DD-MON-YYYY HH24:MI'), 'CREDIT_CARD', 1050, 'SETTLED', 'USD', 'TXN-202405-000140');
INSERT INTO  PAYMENTS (PAYMENT_ID, RESERVATION_ID, PAYMENT_DATE, PAYMENT_METHOD, PAYMENT_AMOUNT_USD, PAYMENT_STATUS, CURRENCY_CODE, TRANSACTION_REFERENCE) VALUES (200141, 141, TO_TIMESTAMP('19-MAY-2024 18:56', 'DD-MON-YYYY HH24:MI'), 'DEBIT_CARD', 210, 'SETTLED', 'USD', 'TXN-202405-000141');
INSERT INTO  PAYMENTS (PAYMENT_ID, RESERVATION_ID, PAYMENT_DATE, PAYMENT_METHOD, PAYMENT_AMOUNT_USD, PAYMENT_STATUS, CURRENCY_CODE, TRANSACTION_REFERENCE) VALUES (200142, 142, TO_TIMESTAMP('19-MAY-2024 02:41', 'DD-MON-YYYY HH24:MI'), 'CREDIT_CARD', 110, 'SETTLED', 'USD', 'TXN-202405-000142');
INSERT INTO  PAYMENTS (PAYMENT_ID, RESERVATION_ID, PAYMENT_DATE, PAYMENT_METHOD, PAYMENT_AMOUNT_USD, PAYMENT_STATUS, CURRENCY_CODE, TRANSACTION_REFERENCE) VALUES (200143, 143, TO_TIMESTAMP('21-MAY-2024 17:55', 'DD-MON-YYYY HH24:MI'), 'CREDIT_CARD', 5600, 'SETTLED', 'USD', 'TXN-202405-000143');
INSERT INTO  PAYMENTS (PAYMENT_ID, RESERVATION_ID, PAYMENT_DATE, PAYMENT_METHOD, PAYMENT_AMOUNT_USD, PAYMENT_STATUS, CURRENCY_CODE, TRANSACTION_REFERENCE) VALUES (200144, 144, TO_TIMESTAMP('22-MAY-2024 20:41', 'DD-MON-YYYY HH24:MI'), 'CREDIT_CARD', 900, 'SETTLED', 'USD', 'TXN-202405-000144');
INSERT INTO  PAYMENTS (PAYMENT_ID, RESERVATION_ID, PAYMENT_DATE, PAYMENT_METHOD, PAYMENT_AMOUNT_USD, PAYMENT_STATUS, CURRENCY_CODE, TRANSACTION_REFERENCE) VALUES (200145, 145, TO_TIMESTAMP('23-MAY-2024 17:57', 'DD-MON-YYYY HH24:MI'), 'DEBIT_CARD', 180, 'SETTLED', 'USD', 'TXN-202405-000145');
INSERT INTO  PAYMENTS (PAYMENT_ID, RESERVATION_ID, PAYMENT_DATE, PAYMENT_METHOD, PAYMENT_AMOUNT_USD, PAYMENT_STATUS, CURRENCY_CODE, TRANSACTION_REFERENCE) VALUES (200146, 146, TO_TIMESTAMP('23-MAY-2024 14:09', 'DD-MON-YYYY HH24:MI'), 'CREDIT_CARD', 168, 'SETTLED', 'USD', 'TXN-202405-000146');
INSERT INTO  PAYMENTS (PAYMENT_ID, RESERVATION_ID, PAYMENT_DATE, PAYMENT_METHOD, PAYMENT_AMOUNT_USD, PAYMENT_STATUS, CURRENCY_CODE, TRANSACTION_REFERENCE) VALUES (200147, 147, TO_TIMESTAMP('25-MAY-2024 19:26', 'DD-MON-YYYY HH24:MI'), 'CREDIT_CARD', 780, 'SETTLED', 'USD', 'TXN-202405-000147');
INSERT INTO  PAYMENTS (PAYMENT_ID, RESERVATION_ID, PAYMENT_DATE, PAYMENT_METHOD, PAYMENT_AMOUNT_USD, PAYMENT_STATUS, CURRENCY_CODE, TRANSACTION_REFERENCE) VALUES (200148, 148, TO_TIMESTAMP('25-MAY-2024 04:10', 'DD-MON-YYYY HH24:MI'), 'DEBIT_CARD', 360, 'SETTLED', 'USD', 'TXN-202405-000148');
INSERT INTO  PAYMENTS (PAYMENT_ID, RESERVATION_ID, PAYMENT_DATE, PAYMENT_METHOD, PAYMENT_AMOUNT_USD, PAYMENT_STATUS, CURRENCY_CODE, TRANSACTION_REFERENCE) VALUES (200149, 149, TO_TIMESTAMP('27-MAY-2024 16:16', 'DD-MON-YYYY HH24:MI'), 'CREDIT_CARD', 870, 'SETTLED', 'USD', 'TXN-202405-000149');
INSERT INTO  PAYMENTS (PAYMENT_ID, RESERVATION_ID, PAYMENT_DATE, PAYMENT_METHOD, PAYMENT_AMOUNT_USD, PAYMENT_STATUS, CURRENCY_CODE, TRANSACTION_REFERENCE) VALUES (200150, 150, TO_TIMESTAMP('28-MAY-2024 22:05', 'DD-MON-YYYY HH24:MI'), 'CREDIT_CARD', 140, 'SETTLED', 'USD', 'TXN-202405-000150');
INSERT INTO  PAYMENTS (PAYMENT_ID, RESERVATION_ID, PAYMENT_DATE, PAYMENT_METHOD, PAYMENT_AMOUNT_USD, PAYMENT_STATUS, CURRENCY_CODE, TRANSACTION_REFERENCE) VALUES (200151, 151, TO_TIMESTAMP('28-MAY-2024 08:06', 'DD-MON-YYYY HH24:MI'), 'CREDIT_CARD', 180, 'SETTLED', 'USD', 'TXN-202405-000151');
INSERT INTO  PAYMENTS (PAYMENT_ID, RESERVATION_ID, PAYMENT_DATE, PAYMENT_METHOD, PAYMENT_AMOUNT_USD, PAYMENT_STATUS, CURRENCY_CODE, TRANSACTION_REFERENCE) VALUES (200152, 152, TO_TIMESTAMP('30-MAY-2024 02:55', 'DD-MON-YYYY HH24:MI'), 'CREDIT_CARD', 168, 'SETTLED', 'USD', 'TXN-202405-000152');
INSERT INTO  PAYMENTS (PAYMENT_ID, RESERVATION_ID, PAYMENT_DATE, PAYMENT_METHOD, PAYMENT_AMOUNT_USD, PAYMENT_STATUS, CURRENCY_CODE, TRANSACTION_REFERENCE) VALUES (200153, 153, TO_TIMESTAMP('30-MAY-2024 06:46', 'DD-MON-YYYY HH24:MI'), 'DEBIT_CARD', 210, 'SETTLED', 'USD', 'TXN-202405-000153');
INSERT INTO  PAYMENTS (PAYMENT_ID, RESERVATION_ID, PAYMENT_DATE, PAYMENT_METHOD, PAYMENT_AMOUNT_USD, PAYMENT_STATUS, CURRENCY_CODE, TRANSACTION_REFERENCE) VALUES (200154, 154, TO_TIMESTAMP('31-MAY-2024 15:39', 'DD-MON-YYYY HH24:MI'), 'CREDIT_CARD', 220, 'SETTLED', 'USD', 'TXN-202405-000154');
INSERT INTO  PAYMENTS (PAYMENT_ID, RESERVATION_ID, PAYMENT_DATE, PAYMENT_METHOD, PAYMENT_AMOUNT_USD, PAYMENT_STATUS, CURRENCY_CODE, TRANSACTION_REFERENCE) VALUES (200155, 155, TO_TIMESTAMP('02-JUN-2024 21:15', 'DD-MON-YYYY HH24:MI'), 'CREDIT_CARD', 525, 'SETTLED', 'USD', 'TXN-202406-000155');
INSERT INTO  PAYMENTS (PAYMENT_ID, RESERVATION_ID, PAYMENT_DATE, PAYMENT_METHOD, PAYMENT_AMOUNT_USD, PAYMENT_STATUS, CURRENCY_CODE, TRANSACTION_REFERENCE) VALUES (200156, 156, TO_TIMESTAMP('02-JUN-2024 18:25', 'DD-MON-YYYY HH24:MI'), 'CREDIT_CARD', 5600, 'SETTLED', 'USD', 'TXN-202406-000156');
INSERT INTO  PAYMENTS (PAYMENT_ID, RESERVATION_ID, PAYMENT_DATE, PAYMENT_METHOD, PAYMENT_AMOUNT_USD, PAYMENT_STATUS, CURRENCY_CODE, TRANSACTION_REFERENCE) VALUES (200157, 157, TO_TIMESTAMP('04-JUN-2024 23:22', 'DD-MON-YYYY HH24:MI'), 'CREDIT_CARD', 930, 'SETTLED', 'USD', 'TXN-202406-000157');
INSERT INTO  PAYMENTS (PAYMENT_ID, RESERVATION_ID, PAYMENT_DATE, PAYMENT_METHOD, PAYMENT_AMOUNT_USD, PAYMENT_STATUS, CURRENCY_CODE, TRANSACTION_REFERENCE) VALUES (200158, 158, TO_TIMESTAMP('04-JUN-2024 15:49', 'DD-MON-YYYY HH24:MI'), 'CREDIT_CARD', 600, 'SETTLED', 'USD', 'TXN-202406-000158');
INSERT INTO  PAYMENTS (PAYMENT_ID, RESERVATION_ID, PAYMENT_DATE, PAYMENT_METHOD, PAYMENT_AMOUNT_USD, PAYMENT_STATUS, CURRENCY_CODE, TRANSACTION_REFERENCE) VALUES (200159, 159, TO_TIMESTAMP('06-JUN-2024 15:49', 'DD-MON-YYYY HH24:MI'), 'CREDIT_CARD', 900, 'SETTLED', 'USD', 'TXN-202406-000159');
INSERT INTO  PAYMENTS (PAYMENT_ID, RESERVATION_ID, PAYMENT_DATE, PAYMENT_METHOD, PAYMENT_AMOUNT_USD, PAYMENT_STATUS, CURRENCY_CODE, TRANSACTION_REFERENCE) VALUES (200160, 160, TO_TIMESTAMP('07-JUN-2024 23:16', 'DD-MON-YYYY HH24:MI'), 'DEBIT_CARD', 390, 'SETTLED', 'USD', 'TXN-202406-000160');
COMMIT;


INSERT INTO  FLIGHT_COSTS (FLIGHT_COST_ID, FLIGHT_ID, FUEL_COST_USD, CREW_COST_USD, AIRPORT_FEES_USD, MAINTENANCE_COST_USD, CATERING_COST_USD, TOTAL_COST_USD, COST_SOURCE) VALUES (300001, 1, 12055.51, 2702.12, 3269.56, 3475.71, 4740.85, 26243.75, 'FINANCE_SYSTEM');
INSERT INTO  FLIGHT_COSTS (FLIGHT_COST_ID, FLIGHT_ID, FUEL_COST_USD, CREW_COST_USD, AIRPORT_FEES_USD, MAINTENANCE_COST_USD, CATERING_COST_USD, TOTAL_COST_USD, COST_SOURCE) VALUES (300002, 2, 12919.85, 3023.87, 3518.05, 5053.55, 6354.17, 30869.49, 'FINANCE_SYSTEM');
INSERT INTO  FLIGHT_COSTS (FLIGHT_COST_ID, FLIGHT_ID, FUEL_COST_USD, CREW_COST_USD, AIRPORT_FEES_USD, MAINTENANCE_COST_USD, CATERING_COST_USD, TOTAL_COST_USD, COST_SOURCE) VALUES (300003, 3, 49068.02, 2627, 2705.6, 10838.69, 3011.21, 68250.52, 'MANUAL_UPLOAD');
INSERT INTO  FLIGHT_COSTS (FLIGHT_COST_ID, FLIGHT_ID, FUEL_COST_USD, CREW_COST_USD, AIRPORT_FEES_USD, MAINTENANCE_COST_USD, CATERING_COST_USD, TOTAL_COST_USD, COST_SOURCE) VALUES (300004, 4, 15201.4, 1887, 2607.48, 4400.42, 1833.56, 25929.86, 'OPS_COST_ENGINE');
INSERT INTO  FLIGHT_COSTS (FLIGHT_COST_ID, FLIGHT_ID, FUEL_COST_USD, CREW_COST_USD, AIRPORT_FEES_USD, MAINTENANCE_COST_USD, CATERING_COST_USD, TOTAL_COST_USD, COST_SOURCE) VALUES (300005, 5, 10662.79, 2961.34, 2850.11, 3366.21, 5182.05, 25022.5, 'OPS_COST_ENGINE');
INSERT INTO  FLIGHT_COSTS (FLIGHT_COST_ID, FLIGHT_ID, FUEL_COST_USD, CREW_COST_USD, AIRPORT_FEES_USD, MAINTENANCE_COST_USD, CATERING_COST_USD, TOTAL_COST_USD, COST_SOURCE) VALUES (300006, 6, 6879.81, 1834.02, 2426.22, 1734.31, 2447.27, 15321.63, 'FINANCE_SYSTEM');
INSERT INTO  FLIGHT_COSTS (FLIGHT_COST_ID, FLIGHT_ID, FUEL_COST_USD, CREW_COST_USD, AIRPORT_FEES_USD, MAINTENANCE_COST_USD, CATERING_COST_USD, TOTAL_COST_USD, COST_SOURCE) VALUES (300007, 7, 12380.73, 2077.65, 2564.98, 3336.73, 2520.68, 22880.77, 'FINANCE_SYSTEM');
INSERT INTO  FLIGHT_COSTS (FLIGHT_COST_ID, FLIGHT_ID, FUEL_COST_USD, CREW_COST_USD, AIRPORT_FEES_USD, MAINTENANCE_COST_USD, CATERING_COST_USD, TOTAL_COST_USD, COST_SOURCE) VALUES (300008, 8, 13327.53, 3422.31, 3881.05, 4535.72, 8631.36, 33797.97, 'FINANCE_SYSTEM');
INSERT INTO  FLIGHT_COSTS (FLIGHT_COST_ID, FLIGHT_ID, FUEL_COST_USD, CREW_COST_USD, AIRPORT_FEES_USD, MAINTENANCE_COST_USD, CATERING_COST_USD, TOTAL_COST_USD, COST_SOURCE) VALUES (300009, 9, 18838.84, 3171.87, 3476.78, 4595.86, 5697.29, 35780.64, 'MANUAL_UPLOAD');
INSERT INTO  FLIGHT_COSTS (FLIGHT_COST_ID, FLIGHT_ID, FUEL_COST_USD, CREW_COST_USD, AIRPORT_FEES_USD, MAINTENANCE_COST_USD, CATERING_COST_USD, TOTAL_COST_USD, COST_SOURCE) VALUES (300010, 10, 40183.87, 2674.18, 2509.46, 9487.76, 3048.91, 57904.18, 'MANUAL_UPLOAD');
INSERT INTO  FLIGHT_COSTS (FLIGHT_COST_ID, FLIGHT_ID, FUEL_COST_USD, CREW_COST_USD, AIRPORT_FEES_USD, MAINTENANCE_COST_USD, CATERING_COST_USD, TOTAL_COST_USD, COST_SOURCE) VALUES (300011, 11, 19888.57, 3704.37, 3669.05, 7641.08, 3961.6, 38864.67, 'OPS_COST_ENGINE');
INSERT INTO  FLIGHT_COSTS (FLIGHT_COST_ID, FLIGHT_ID, FUEL_COST_USD, CREW_COST_USD, AIRPORT_FEES_USD, MAINTENANCE_COST_USD, CATERING_COST_USD, TOTAL_COST_USD, COST_SOURCE) VALUES (300012, 12, 60436.79, 3371.88, 2911.4, 14126.2, 3398.35, 84244.62, 'MANUAL_UPLOAD');
INSERT INTO  FLIGHT_COSTS (FLIGHT_COST_ID, FLIGHT_ID, FUEL_COST_USD, CREW_COST_USD, AIRPORT_FEES_USD, MAINTENANCE_COST_USD, CATERING_COST_USD, TOTAL_COST_USD, COST_SOURCE) VALUES (300013, 13, 29917.04, 2665.36, 3468.38, 6213.02, 5623.54, 47887.34, 'OPS_COST_ENGINE');
INSERT INTO  FLIGHT_COSTS (FLIGHT_COST_ID, FLIGHT_ID, FUEL_COST_USD, CREW_COST_USD, AIRPORT_FEES_USD, MAINTENANCE_COST_USD, CATERING_COST_USD, TOTAL_COST_USD, COST_SOURCE) VALUES (300014, 14, 21664.65, 2208.76, 2644.85, 7425.94, 3021.83, 36966.03, 'OPS_COST_ENGINE');
INSERT INTO  FLIGHT_COSTS (FLIGHT_COST_ID, FLIGHT_ID, FUEL_COST_USD, CREW_COST_USD, AIRPORT_FEES_USD, MAINTENANCE_COST_USD, CATERING_COST_USD, TOTAL_COST_USD, COST_SOURCE) VALUES (300015, 15, 7468.42, 1696.8, 2307.17, 2017.5, 2664.24, 16154.13, 'OPS_COST_ENGINE');
INSERT INTO  FLIGHT_COSTS (FLIGHT_COST_ID, FLIGHT_ID, FUEL_COST_USD, CREW_COST_USD, AIRPORT_FEES_USD, MAINTENANCE_COST_USD, CATERING_COST_USD, TOTAL_COST_USD, COST_SOURCE) VALUES (300016, 16, 7264.96, 2070.42, 2475.7, 1911.52, 2060.56, 15783.16, 'MANUAL_UPLOAD');
INSERT INTO  FLIGHT_COSTS (FLIGHT_COST_ID, FLIGHT_ID, FUEL_COST_USD, CREW_COST_USD, AIRPORT_FEES_USD, MAINTENANCE_COST_USD, CATERING_COST_USD, TOTAL_COST_USD, COST_SOURCE) VALUES (300017, 17, 7196.86, 1798.02, 2432.36, 1648.22, 2663.34, 15738.8, 'MANUAL_UPLOAD');
INSERT INTO  FLIGHT_COSTS (FLIGHT_COST_ID, FLIGHT_ID, FUEL_COST_USD, CREW_COST_USD, AIRPORT_FEES_USD, MAINTENANCE_COST_USD, CATERING_COST_USD, TOTAL_COST_USD, COST_SOURCE) VALUES (300018, 18, 5084.21, 1725.22, 2273.16, 1224.24, 843.05, 11149.88, 'OPS_COST_ENGINE');
INSERT INTO  FLIGHT_COSTS (FLIGHT_COST_ID, FLIGHT_ID, FUEL_COST_USD, CREW_COST_USD, AIRPORT_FEES_USD, MAINTENANCE_COST_USD, CATERING_COST_USD, TOTAL_COST_USD, COST_SOURCE) VALUES (300019, 19, 11382.74, 2439.86, 3232.16, 3625.1, 3533.12, 24212.98, 'MANUAL_UPLOAD');
INSERT INTO  FLIGHT_COSTS (FLIGHT_COST_ID, FLIGHT_ID, FUEL_COST_USD, CREW_COST_USD, AIRPORT_FEES_USD, MAINTENANCE_COST_USD, CATERING_COST_USD, TOTAL_COST_USD, COST_SOURCE) VALUES (300020, 20, 16100.38, 1931.27, 2328.78, 3224.36, 1328.99, 24913.78, 'OPS_COST_ENGINE');
INSERT INTO  FLIGHT_COSTS (FLIGHT_COST_ID, FLIGHT_ID, FUEL_COST_USD, CREW_COST_USD, AIRPORT_FEES_USD, MAINTENANCE_COST_USD, CATERING_COST_USD, TOTAL_COST_USD, COST_SOURCE) VALUES (300021, 21, 13508.66, 2217.86, 3028.96, 2511.7, 3135.28, 24402.46, 'MANUAL_UPLOAD');
INSERT INTO  FLIGHT_COSTS (FLIGHT_COST_ID, FLIGHT_ID, FUEL_COST_USD, CREW_COST_USD, AIRPORT_FEES_USD, MAINTENANCE_COST_USD, CATERING_COST_USD, TOTAL_COST_USD, COST_SOURCE) VALUES (300022, 22, 15965.94, 2674.97, 3127.84, 3489.45, 3958.38, 29216.58, 'MANUAL_UPLOAD');
INSERT INTO  FLIGHT_COSTS (FLIGHT_COST_ID, FLIGHT_ID, FUEL_COST_USD, CREW_COST_USD, AIRPORT_FEES_USD, MAINTENANCE_COST_USD, CATERING_COST_USD, TOTAL_COST_USD, COST_SOURCE) VALUES (300023, 23, 6421.92, 2011.35, 2391.7, 2242.16, 1631.26, 14698.39, 'FINANCE_SYSTEM');
INSERT INTO  FLIGHT_COSTS (FLIGHT_COST_ID, FLIGHT_ID, FUEL_COST_USD, CREW_COST_USD, AIRPORT_FEES_USD, MAINTENANCE_COST_USD, CATERING_COST_USD, TOTAL_COST_USD, COST_SOURCE) VALUES (300024, 24, 26804.72, 3639.09, 2841.01, 5170.52, 6228.27, 44683.61, 'MANUAL_UPLOAD');
INSERT INTO  FLIGHT_COSTS (FLIGHT_COST_ID, FLIGHT_ID, FUEL_COST_USD, CREW_COST_USD, AIRPORT_FEES_USD, MAINTENANCE_COST_USD, CATERING_COST_USD, TOTAL_COST_USD, COST_SOURCE) VALUES (300025, 25, 49537.71, 2482.15, 3012.11, 11206.8, 3638.66, 69877.43, 'FINANCE_SYSTEM');
INSERT INTO  FLIGHT_COSTS (FLIGHT_COST_ID, FLIGHT_ID, FUEL_COST_USD, CREW_COST_USD, AIRPORT_FEES_USD, MAINTENANCE_COST_USD, CATERING_COST_USD, TOTAL_COST_USD, COST_SOURCE) VALUES (300026, 26, 39159.09, 2630.21, 3207.11, 11353.84, 5958.11, 62308.36, 'OPS_COST_ENGINE');
INSERT INTO  FLIGHT_COSTS (FLIGHT_COST_ID, FLIGHT_ID, FUEL_COST_USD, CREW_COST_USD, AIRPORT_FEES_USD, MAINTENANCE_COST_USD, CATERING_COST_USD, TOTAL_COST_USD, COST_SOURCE) VALUES (300027, 27, 5268.24, 2002.35, 2538.55, 1422.71, 922.85, 12154.7, 'FINANCE_SYSTEM');
INSERT INTO  FLIGHT_COSTS (FLIGHT_COST_ID, FLIGHT_ID, FUEL_COST_USD, CREW_COST_USD, AIRPORT_FEES_USD, MAINTENANCE_COST_USD, CATERING_COST_USD, TOTAL_COST_USD, COST_SOURCE) VALUES (300028, 28, 8792.46, 1872.54, 2405.82, 1446.12, 2581.94, 17098.88, 'MANUAL_UPLOAD');
INSERT INTO  FLIGHT_COSTS (FLIGHT_COST_ID, FLIGHT_ID, FUEL_COST_USD, CREW_COST_USD, AIRPORT_FEES_USD, MAINTENANCE_COST_USD, CATERING_COST_USD, TOTAL_COST_USD, COST_SOURCE) VALUES (300029, 29, 4736.67, 2775.76, 2649.86, 1374.59, 5468.69, 17005.57, 'MANUAL_UPLOAD');
INSERT INTO  FLIGHT_COSTS (FLIGHT_COST_ID, FLIGHT_ID, FUEL_COST_USD, CREW_COST_USD, AIRPORT_FEES_USD, MAINTENANCE_COST_USD, CATERING_COST_USD, TOTAL_COST_USD, COST_SOURCE) VALUES (300030, 30, 15247.25, 2213.57, 2658.91, 3130.77, 4762.99, 28013.49, 'OPS_COST_ENGINE');
INSERT INTO  FLIGHT_COSTS (FLIGHT_COST_ID, FLIGHT_ID, FUEL_COST_USD, CREW_COST_USD, AIRPORT_FEES_USD, MAINTENANCE_COST_USD, CATERING_COST_USD, TOTAL_COST_USD, COST_SOURCE) VALUES (300031, 31, 9325.94, 2682.14, 2803.69, 2315.34, 5454.22, 22581.33, 'OPS_COST_ENGINE');
INSERT INTO  FLIGHT_COSTS (FLIGHT_COST_ID, FLIGHT_ID, FUEL_COST_USD, CREW_COST_USD, AIRPORT_FEES_USD, MAINTENANCE_COST_USD, CATERING_COST_USD, TOTAL_COST_USD, COST_SOURCE) VALUES (300032, 32, 12368.27, 3502.61, 4060.7, 3022.54, 8213.32, 31167.44, 'OPS_COST_ENGINE');
INSERT INTO  FLIGHT_COSTS (FLIGHT_COST_ID, FLIGHT_ID, FUEL_COST_USD, CREW_COST_USD, AIRPORT_FEES_USD, MAINTENANCE_COST_USD, CATERING_COST_USD, TOTAL_COST_USD, COST_SOURCE) VALUES (300033, 33, 15662.01, 1783.79, 2470.11, 3471.92, 2560.37, 25948.2, 'OPS_COST_ENGINE');
INSERT INTO  FLIGHT_COSTS (FLIGHT_COST_ID, FLIGHT_ID, FUEL_COST_USD, CREW_COST_USD, AIRPORT_FEES_USD, MAINTENANCE_COST_USD, CATERING_COST_USD, TOTAL_COST_USD, COST_SOURCE) VALUES (300034, 34, 13187.19, 2234.18, 3035.41, 2375, 2137.56, 22969.34, 'FINANCE_SYSTEM');
INSERT INTO  FLIGHT_COSTS (FLIGHT_COST_ID, FLIGHT_ID, FUEL_COST_USD, CREW_COST_USD, AIRPORT_FEES_USD, MAINTENANCE_COST_USD, CATERING_COST_USD, TOTAL_COST_USD, COST_SOURCE) VALUES (300035, 35, 7769.9, 1733.53, 2104.16, 1912.04, 1637.78, 15157.41, 'FINANCE_SYSTEM');
INSERT INTO  FLIGHT_COSTS (FLIGHT_COST_ID, FLIGHT_ID, FUEL_COST_USD, CREW_COST_USD, AIRPORT_FEES_USD, MAINTENANCE_COST_USD, CATERING_COST_USD, TOTAL_COST_USD, COST_SOURCE) VALUES (300036, 36, 13975.72, 2140.6, 2336.71, 3397.25, 2062.75, 23913.03, 'MANUAL_UPLOAD');
INSERT INTO  FLIGHT_COSTS (FLIGHT_COST_ID, FLIGHT_ID, FUEL_COST_USD, CREW_COST_USD, AIRPORT_FEES_USD, MAINTENANCE_COST_USD, CATERING_COST_USD, TOTAL_COST_USD, COST_SOURCE) VALUES (300037, 37, 24364.31, 3613.5, 2912.08, 5041.58, 4829.7, 40761.17, 'FINANCE_SYSTEM');
INSERT INTO  FLIGHT_COSTS (FLIGHT_COST_ID, FLIGHT_ID, FUEL_COST_USD, CREW_COST_USD, AIRPORT_FEES_USD, MAINTENANCE_COST_USD, CATERING_COST_USD, TOTAL_COST_USD, COST_SOURCE) VALUES (300038, 38, 26881.11, 3090.41, 2766.35, 5011.23, 2664.09, 40413.19, 'FINANCE_SYSTEM');
INSERT INTO  FLIGHT_COSTS (FLIGHT_COST_ID, FLIGHT_ID, FUEL_COST_USD, CREW_COST_USD, AIRPORT_FEES_USD, MAINTENANCE_COST_USD, CATERING_COST_USD, TOTAL_COST_USD, COST_SOURCE) VALUES (300039, 39, 30610.91, 2509.99, 2965.6, 7260.24, 3502.09, 46848.83, 'OPS_COST_ENGINE');
INSERT INTO  FLIGHT_COSTS (FLIGHT_COST_ID, FLIGHT_ID, FUEL_COST_USD, CREW_COST_USD, AIRPORT_FEES_USD, MAINTENANCE_COST_USD, CATERING_COST_USD, TOTAL_COST_USD, COST_SOURCE) VALUES (300040, 40, 5089.51, 1707.29, 2251.94, 1463.42, 728.65, 11240.81, 'MANUAL_UPLOAD');
INSERT INTO  FLIGHT_COSTS (FLIGHT_COST_ID, FLIGHT_ID, FUEL_COST_USD, CREW_COST_USD, AIRPORT_FEES_USD, MAINTENANCE_COST_USD, CATERING_COST_USD, TOTAL_COST_USD, COST_SOURCE) VALUES (300041, 41, 9799.43, 3247.75, 3568.5, 2020.96, 5984.13, 24620.77, 'OPS_COST_ENGINE');
INSERT INTO  FLIGHT_COSTS (FLIGHT_COST_ID, FLIGHT_ID, FUEL_COST_USD, CREW_COST_USD, AIRPORT_FEES_USD, MAINTENANCE_COST_USD, CATERING_COST_USD, TOTAL_COST_USD, COST_SOURCE) VALUES (300042, 42, 40935.56, 2174.04, 2767.37, 7890.11, 3732.65, 57499.73, 'FINANCE_SYSTEM');
INSERT INTO  FLIGHT_COSTS (FLIGHT_COST_ID, FLIGHT_ID, FUEL_COST_USD, CREW_COST_USD, AIRPORT_FEES_USD, MAINTENANCE_COST_USD, CATERING_COST_USD, TOTAL_COST_USD, COST_SOURCE) VALUES (300043, 43, 7691.76, 1915.97, 2540.78, 1630.98, 2167.93, 15947.42, 'OPS_COST_ENGINE');
INSERT INTO  FLIGHT_COSTS (FLIGHT_COST_ID, FLIGHT_ID, FUEL_COST_USD, CREW_COST_USD, AIRPORT_FEES_USD, MAINTENANCE_COST_USD, CATERING_COST_USD, TOTAL_COST_USD, COST_SOURCE) VALUES (300044, 44, 5962.69, 1738.86, 2335.55, 2335.01, 1445.73, 13817.84, 'FINANCE_SYSTEM');
INSERT INTO  FLIGHT_COSTS (FLIGHT_COST_ID, FLIGHT_ID, FUEL_COST_USD, CREW_COST_USD, AIRPORT_FEES_USD, MAINTENANCE_COST_USD, CATERING_COST_USD, TOTAL_COST_USD, COST_SOURCE) VALUES (300045, 45, 9624.45, 1991.89, 2381.49, 1646.61, 2854.91, 18499.35, 'MANUAL_UPLOAD');
INSERT INTO  FLIGHT_COSTS (FLIGHT_COST_ID, FLIGHT_ID, FUEL_COST_USD, CREW_COST_USD, AIRPORT_FEES_USD, MAINTENANCE_COST_USD, CATERING_COST_USD, TOTAL_COST_USD, COST_SOURCE) VALUES (300046, 46, 8298.76, 2015.51, 2143.8, 2308.88, 2312.41, 17079.36, 'FINANCE_SYSTEM');
INSERT INTO  FLIGHT_COSTS (FLIGHT_COST_ID, FLIGHT_ID, FUEL_COST_USD, CREW_COST_USD, AIRPORT_FEES_USD, MAINTENANCE_COST_USD, CATERING_COST_USD, TOTAL_COST_USD, COST_SOURCE) VALUES (300047, 47, 52053.95, 3132.73, 2857.85, 9258.09, 4408.77, 71711.39, 'OPS_COST_ENGINE');
INSERT INTO  FLIGHT_COSTS (FLIGHT_COST_ID, FLIGHT_ID, FUEL_COST_USD, CREW_COST_USD, AIRPORT_FEES_USD, MAINTENANCE_COST_USD, CATERING_COST_USD, TOTAL_COST_USD, COST_SOURCE) VALUES (300048, 48, 6674, 2719.06, 3223.73, 1924.59, 2589.25, 17130.63, 'OPS_COST_ENGINE');
INSERT INTO  FLIGHT_COSTS (FLIGHT_COST_ID, FLIGHT_ID, FUEL_COST_USD, CREW_COST_USD, AIRPORT_FEES_USD, MAINTENANCE_COST_USD, CATERING_COST_USD, TOTAL_COST_USD, COST_SOURCE) VALUES (300049, 49, 14033.57, 2217.5, 2689.77, 3758.55, 1911.39, 24610.78, 'MANUAL_UPLOAD');
INSERT INTO  FLIGHT_COSTS (FLIGHT_COST_ID, FLIGHT_ID, FUEL_COST_USD, CREW_COST_USD, AIRPORT_FEES_USD, MAINTENANCE_COST_USD, CATERING_COST_USD, TOTAL_COST_USD, COST_SOURCE) VALUES (300050, 50, 1578.38, 1912.32, 2120.22, 289.93, 1032.22, 6933.07, 'OPS_COST_ENGINE');
INSERT INTO  FLIGHT_COSTS (FLIGHT_COST_ID, FLIGHT_ID, FUEL_COST_USD, CREW_COST_USD, AIRPORT_FEES_USD, MAINTENANCE_COST_USD, CATERING_COST_USD, TOTAL_COST_USD, COST_SOURCE) VALUES (300051, 51, 12281.57, 3139.46, 2995.14, 2729.81, 4474.43, 25620.41, 'FINANCE_SYSTEM');
INSERT INTO  FLIGHT_COSTS (FLIGHT_COST_ID, FLIGHT_ID, FUEL_COST_USD, CREW_COST_USD, AIRPORT_FEES_USD, MAINTENANCE_COST_USD, CATERING_COST_USD, TOTAL_COST_USD, COST_SOURCE) VALUES (300052, 52, 12920.98, 4002.19, 3358.56, 4319.48, 5036.63, 29637.84, 'FINANCE_SYSTEM');
INSERT INTO  FLIGHT_COSTS (FLIGHT_COST_ID, FLIGHT_ID, FUEL_COST_USD, CREW_COST_USD, AIRPORT_FEES_USD, MAINTENANCE_COST_USD, CATERING_COST_USD, TOTAL_COST_USD, COST_SOURCE) VALUES (300053, 53, 46070.55, 2572.76, 2762.25, 10902.53, 2413.15, 64721.24, 'MANUAL_UPLOAD');
INSERT INTO  FLIGHT_COSTS (FLIGHT_COST_ID, FLIGHT_ID, FUEL_COST_USD, CREW_COST_USD, AIRPORT_FEES_USD, MAINTENANCE_COST_USD, CATERING_COST_USD, TOTAL_COST_USD, COST_SOURCE) VALUES (300054, 54, 14486.3, 1824.85, 2573.65, 4512.52, 1392.58, 24789.9, 'MANUAL_UPLOAD');
INSERT INTO  FLIGHT_COSTS (FLIGHT_COST_ID, FLIGHT_ID, FUEL_COST_USD, CREW_COST_USD, AIRPORT_FEES_USD, MAINTENANCE_COST_USD, CATERING_COST_USD, TOTAL_COST_USD, COST_SOURCE) VALUES (300055, 55, 16159.99, 2683.31, 2856.07, 2537.79, 2985.91, 27223.07, 'OPS_COST_ENGINE');
INSERT INTO  FLIGHT_COSTS (FLIGHT_COST_ID, FLIGHT_ID, FUEL_COST_USD, CREW_COST_USD, AIRPORT_FEES_USD, MAINTENANCE_COST_USD, CATERING_COST_USD, TOTAL_COST_USD, COST_SOURCE) VALUES (300056, 56, 26067.89, 3769.02, 4128.74, 7832.25, 8158.78, 49956.68, 'MANUAL_UPLOAD');
INSERT INTO  FLIGHT_COSTS (FLIGHT_COST_ID, FLIGHT_ID, FUEL_COST_USD, CREW_COST_USD, AIRPORT_FEES_USD, MAINTENANCE_COST_USD, CATERING_COST_USD, TOTAL_COST_USD, COST_SOURCE) VALUES (300057, 57, 53802.88, 2809.6, 2551.5, 16053.77, 4144.58, 79362.33, 'OPS_COST_ENGINE');
INSERT INTO  FLIGHT_COSTS (FLIGHT_COST_ID, FLIGHT_ID, FUEL_COST_USD, CREW_COST_USD, AIRPORT_FEES_USD, MAINTENANCE_COST_USD, CATERING_COST_USD, TOTAL_COST_USD, COST_SOURCE) VALUES (300058, 58, 27620.37, 2378.86, 2539.92, 7904.7, 4613.68, 45057.53, 'MANUAL_UPLOAD');
INSERT INTO  FLIGHT_COSTS (FLIGHT_COST_ID, FLIGHT_ID, FUEL_COST_USD, CREW_COST_USD, AIRPORT_FEES_USD, MAINTENANCE_COST_USD, CATERING_COST_USD, TOTAL_COST_USD, COST_SOURCE) VALUES (300059, 59, 6251.99, 1706.16, 2373, 2028.17, 1627.06, 13986.38, 'FINANCE_SYSTEM');
INSERT INTO  FLIGHT_COSTS (FLIGHT_COST_ID, FLIGHT_ID, FUEL_COST_USD, CREW_COST_USD, AIRPORT_FEES_USD, MAINTENANCE_COST_USD, CATERING_COST_USD, TOTAL_COST_USD, COST_SOURCE) VALUES (300060, 60, 4466.53, 1714.66, 2010.62, 1123.75, 1327.48, 10643.04, 'OPS_COST_ENGINE');
INSERT INTO  FLIGHT_COSTS (FLIGHT_COST_ID, FLIGHT_ID, FUEL_COST_USD, CREW_COST_USD, AIRPORT_FEES_USD, MAINTENANCE_COST_USD, CATERING_COST_USD, TOTAL_COST_USD, COST_SOURCE) VALUES (300061, 61, 16495.77, 2586.92, 3192.1, 4939.41, 3523.64, 30737.84, 'FINANCE_SYSTEM');
INSERT INTO  FLIGHT_COSTS (FLIGHT_COST_ID, FLIGHT_ID, FUEL_COST_USD, CREW_COST_USD, AIRPORT_FEES_USD, MAINTENANCE_COST_USD, CATERING_COST_USD, TOTAL_COST_USD, COST_SOURCE) VALUES (300062, 62, 11837.45, 2069.33, 2526.14, 1956.52, 1032.32, 19421.76, 'FINANCE_SYSTEM');
INSERT INTO  FLIGHT_COSTS (FLIGHT_COST_ID, FLIGHT_ID, FUEL_COST_USD, CREW_COST_USD, AIRPORT_FEES_USD, MAINTENANCE_COST_USD, CATERING_COST_USD, TOTAL_COST_USD, COST_SOURCE) VALUES (300063, 63, 4865.46, 2463.6, 2663.27, 1957.38, 2831.35, 14781.06, 'MANUAL_UPLOAD');
INSERT INTO  FLIGHT_COSTS (FLIGHT_COST_ID, FLIGHT_ID, FUEL_COST_USD, CREW_COST_USD, AIRPORT_FEES_USD, MAINTENANCE_COST_USD, CATERING_COST_USD, TOTAL_COST_USD, COST_SOURCE) VALUES (300064, 64, 11762.93, 2985.59, 2636.05, 3090.85, 3008.48, 23483.9, 'FINANCE_SYSTEM');
INSERT INTO  FLIGHT_COSTS (FLIGHT_COST_ID, FLIGHT_ID, FUEL_COST_USD, CREW_COST_USD, AIRPORT_FEES_USD, MAINTENANCE_COST_USD, CATERING_COST_USD, TOTAL_COST_USD, COST_SOURCE) VALUES (300065, 65, 7406.95, 1985.93, 2465.92, 1781.98, 2428.12, 16068.9, 'OPS_COST_ENGINE');
INSERT INTO  FLIGHT_COSTS (FLIGHT_COST_ID, FLIGHT_ID, FUEL_COST_USD, CREW_COST_USD, AIRPORT_FEES_USD, MAINTENANCE_COST_USD, CATERING_COST_USD, TOTAL_COST_USD, COST_SOURCE) VALUES (300066, 66, 7406.91, 1958.2, 2598.56, 1319.68, 2928.55, 16211.9, 'FINANCE_SYSTEM');
INSERT INTO  FLIGHT_COSTS (FLIGHT_COST_ID, FLIGHT_ID, FUEL_COST_USD, CREW_COST_USD, AIRPORT_FEES_USD, MAINTENANCE_COST_USD, CATERING_COST_USD, TOTAL_COST_USD, COST_SOURCE) VALUES (300067, 67, 8143.72, 1956.24, 2346.64, 2330.17, 3213.12, 17989.89, 'MANUAL_UPLOAD');
INSERT INTO  FLIGHT_COSTS (FLIGHT_COST_ID, FLIGHT_ID, FUEL_COST_USD, CREW_COST_USD, AIRPORT_FEES_USD, MAINTENANCE_COST_USD, CATERING_COST_USD, TOTAL_COST_USD, COST_SOURCE) VALUES (300068, 68, 1292.09, 1719.03, 2183.85, 413.89, 834.17, 6443.03, 'MANUAL_UPLOAD');
INSERT INTO  FLIGHT_COSTS (FLIGHT_COST_ID, FLIGHT_ID, FUEL_COST_USD, CREW_COST_USD, AIRPORT_FEES_USD, MAINTENANCE_COST_USD, CATERING_COST_USD, TOTAL_COST_USD, COST_SOURCE) VALUES (300069, 69, 2138.55, 1769.99, 2358.8, 452.34, 1271.59, 7991.27, 'MANUAL_UPLOAD');
INSERT INTO  FLIGHT_COSTS (FLIGHT_COST_ID, FLIGHT_ID, FUEL_COST_USD, CREW_COST_USD, AIRPORT_FEES_USD, MAINTENANCE_COST_USD, CATERING_COST_USD, TOTAL_COST_USD, COST_SOURCE) VALUES (300070, 70, 42278.05, 3579.26, 3436.39, 9194.4, 5943.61, 64431.71, 'MANUAL_UPLOAD');
INSERT INTO  FLIGHT_COSTS (FLIGHT_COST_ID, FLIGHT_ID, FUEL_COST_USD, CREW_COST_USD, AIRPORT_FEES_USD, MAINTENANCE_COST_USD, CATERING_COST_USD, TOTAL_COST_USD, COST_SOURCE) VALUES (300071, 71, 13309.89, 2493.61, 3418.01, 3211.96, 4409.53, 26843, 'OPS_COST_ENGINE');
INSERT INTO  FLIGHT_COSTS (FLIGHT_COST_ID, FLIGHT_ID, FUEL_COST_USD, CREW_COST_USD, AIRPORT_FEES_USD, MAINTENANCE_COST_USD, CATERING_COST_USD, TOTAL_COST_USD, COST_SOURCE) VALUES (300072, 72, 16540.36, 3381.55, 3713.41, 5046.51, 4117.37, 32799.2, 'FINANCE_SYSTEM');
INSERT INTO  FLIGHT_COSTS (FLIGHT_COST_ID, FLIGHT_ID, FUEL_COST_USD, CREW_COST_USD, AIRPORT_FEES_USD, MAINTENANCE_COST_USD, CATERING_COST_USD, TOTAL_COST_USD, COST_SOURCE) VALUES (300073, 73, 46046.79, 2401.38, 2938.12, 10570.03, 3800.77, 65757.09, 'MANUAL_UPLOAD');
INSERT INTO  FLIGHT_COSTS (FLIGHT_COST_ID, FLIGHT_ID, FUEL_COST_USD, CREW_COST_USD, AIRPORT_FEES_USD, MAINTENANCE_COST_USD, CATERING_COST_USD, TOTAL_COST_USD, COST_SOURCE) VALUES (300074, 74, 16774.74, 1735.27, 2618.55, 4109.45, 1092.17, 26330.18, 'OPS_COST_ENGINE');
INSERT INTO  FLIGHT_COSTS (FLIGHT_COST_ID, FLIGHT_ID, FUEL_COST_USD, CREW_COST_USD, AIRPORT_FEES_USD, MAINTENANCE_COST_USD, CATERING_COST_USD, TOTAL_COST_USD, COST_SOURCE) VALUES (300075, 75, 10739.39, 2306.7, 3109.6, 2901.4, 2977.09, 22034.18, 'OPS_COST_ENGINE');
INSERT INTO  FLIGHT_COSTS (FLIGHT_COST_ID, FLIGHT_ID, FUEL_COST_USD, CREW_COST_USD, AIRPORT_FEES_USD, MAINTENANCE_COST_USD, CATERING_COST_USD, TOTAL_COST_USD, COST_SOURCE) VALUES (300076, 76, 23990.05, 3843.12, 3013.81, 6806.75, 4701.13, 42354.86, 'OPS_COST_ENGINE');
INSERT INTO  FLIGHT_COSTS (FLIGHT_COST_ID, FLIGHT_ID, FUEL_COST_USD, CREW_COST_USD, AIRPORT_FEES_USD, MAINTENANCE_COST_USD, CATERING_COST_USD, TOTAL_COST_USD, COST_SOURCE) VALUES (300077, 77, 58998.51, 3249.48, 2705.12, 9377.56, 3975.11, 78305.78, 'FINANCE_SYSTEM');
INSERT INTO  FLIGHT_COSTS (FLIGHT_COST_ID, FLIGHT_ID, FUEL_COST_USD, CREW_COST_USD, AIRPORT_FEES_USD, MAINTENANCE_COST_USD, CATERING_COST_USD, TOTAL_COST_USD, COST_SOURCE) VALUES (300078, 78, 31479.03, 2212.57, 3165.33, 7992.73, 3549.78, 48399.44, 'FINANCE_SYSTEM');
INSERT INTO  FLIGHT_COSTS (FLIGHT_COST_ID, FLIGHT_ID, FUEL_COST_USD, CREW_COST_USD, AIRPORT_FEES_USD, MAINTENANCE_COST_USD, CATERING_COST_USD, TOTAL_COST_USD, COST_SOURCE) VALUES (300079, 79, 27833.22, 2818.89, 2858.82, 5874.66, 4796.77, 44182.36, 'MANUAL_UPLOAD');
INSERT INTO  FLIGHT_COSTS (FLIGHT_COST_ID, FLIGHT_ID, FUEL_COST_USD, CREW_COST_USD, AIRPORT_FEES_USD, MAINTENANCE_COST_USD, CATERING_COST_USD, TOTAL_COST_USD, COST_SOURCE) VALUES (300080, 80, 5372.72, 2022.57, 2471.17, 1501.77, 960.28, 12328.51, 'OPS_COST_ENGINE');
INSERT INTO  FLIGHT_COSTS (FLIGHT_COST_ID, FLIGHT_ID, FUEL_COST_USD, CREW_COST_USD, AIRPORT_FEES_USD, MAINTENANCE_COST_USD, CATERING_COST_USD, TOTAL_COST_USD, COST_SOURCE) VALUES (300081, 81, 6529.09, 1889.53, 2494.4, 1727.42, 1757.32, 14397.76, 'OPS_COST_ENGINE');
INSERT INTO  FLIGHT_COSTS (FLIGHT_COST_ID, FLIGHT_ID, FUEL_COST_USD, CREW_COST_USD, AIRPORT_FEES_USD, MAINTENANCE_COST_USD, CATERING_COST_USD, TOTAL_COST_USD, COST_SOURCE) VALUES (300082, 82, 6969.7, 3114.69, 2783.63, 1406.76, 5956.61, 20231.39, 'FINANCE_SYSTEM');
INSERT INTO  FLIGHT_COSTS (FLIGHT_COST_ID, FLIGHT_ID, FUEL_COST_USD, CREW_COST_USD, AIRPORT_FEES_USD, MAINTENANCE_COST_USD, CATERING_COST_USD, TOTAL_COST_USD, COST_SOURCE) VALUES (300083, 83, 13551.52, 2737.5, 2757.26, 2912.11, 5319.87, 27278.26, 'OPS_COST_ENGINE');
INSERT INTO  FLIGHT_COSTS (FLIGHT_COST_ID, FLIGHT_ID, FUEL_COST_USD, CREW_COST_USD, AIRPORT_FEES_USD, MAINTENANCE_COST_USD, CATERING_COST_USD, TOTAL_COST_USD, COST_SOURCE) VALUES (300084, 84, 8377.49, 2093.34, 2262.98, 1275.46, 1484.65, 15493.92, 'OPS_COST_ENGINE');
INSERT INTO  FLIGHT_COSTS (FLIGHT_COST_ID, FLIGHT_ID, FUEL_COST_USD, CREW_COST_USD, AIRPORT_FEES_USD, MAINTENANCE_COST_USD, CATERING_COST_USD, TOTAL_COST_USD, COST_SOURCE) VALUES (300085, 85, 4880.39, 1792.56, 2061.31, 826.02, 1585.2, 11145.48, 'FINANCE_SYSTEM');
INSERT INTO  FLIGHT_COSTS (FLIGHT_COST_ID, FLIGHT_ID, FUEL_COST_USD, CREW_COST_USD, AIRPORT_FEES_USD, MAINTENANCE_COST_USD, CATERING_COST_USD, TOTAL_COST_USD, COST_SOURCE) VALUES (300086, 86, 40304.69, 2881.96, 2817.48, 11379.41, 3102.51, 60486.05, 'OPS_COST_ENGINE');
INSERT INTO  FLIGHT_COSTS (FLIGHT_COST_ID, FLIGHT_ID, FUEL_COST_USD, CREW_COST_USD, AIRPORT_FEES_USD, MAINTENANCE_COST_USD, CATERING_COST_USD, TOTAL_COST_USD, COST_SOURCE) VALUES (300087, 87, 34439.18, 3032.29, 3172.71, 9601.83, 5681.97, 55927.98, 'OPS_COST_ENGINE');
INSERT INTO  FLIGHT_COSTS (FLIGHT_COST_ID, FLIGHT_ID, FUEL_COST_USD, CREW_COST_USD, AIRPORT_FEES_USD, MAINTENANCE_COST_USD, CATERING_COST_USD, TOTAL_COST_USD, COST_SOURCE) VALUES (300088, 88, 12955.09, 2297.83, 3148.58, 4884.39, 3498.24, 26784.13, 'MANUAL_UPLOAD');
INSERT INTO  FLIGHT_COSTS (FLIGHT_COST_ID, FLIGHT_ID, FUEL_COST_USD, CREW_COST_USD, AIRPORT_FEES_USD, MAINTENANCE_COST_USD, CATERING_COST_USD, TOTAL_COST_USD, COST_SOURCE) VALUES (300089, 89, 10568.69, 2443.03, 2755.04, 2384.24, 6153.1, 24304.1, 'MANUAL_UPLOAD');
INSERT INTO  FLIGHT_COSTS (FLIGHT_COST_ID, FLIGHT_ID, FUEL_COST_USD, CREW_COST_USD, AIRPORT_FEES_USD, MAINTENANCE_COST_USD, CATERING_COST_USD, TOTAL_COST_USD, COST_SOURCE) VALUES (300090, 90, 15778.5, 4118.21, 3246.62, 3365.47, 6944.28, 33453.08, 'FINANCE_SYSTEM');
INSERT INTO  FLIGHT_COSTS (FLIGHT_COST_ID, FLIGHT_ID, FUEL_COST_USD, CREW_COST_USD, AIRPORT_FEES_USD, MAINTENANCE_COST_USD, CATERING_COST_USD, TOTAL_COST_USD, COST_SOURCE) VALUES (300091, 91, 36969.8, 2607.4, 3564.64, 12115.93, 4389.16, 59646.93, 'MANUAL_UPLOAD');
INSERT INTO  FLIGHT_COSTS (FLIGHT_COST_ID, FLIGHT_ID, FUEL_COST_USD, CREW_COST_USD, AIRPORT_FEES_USD, MAINTENANCE_COST_USD, CATERING_COST_USD, TOTAL_COST_USD, COST_SOURCE) VALUES (300092, 92, 11237.33, 1740.41, 2472.68, 2829, 1445.35, 19724.77, 'MANUAL_UPLOAD');
INSERT INTO  FLIGHT_COSTS (FLIGHT_COST_ID, FLIGHT_ID, FUEL_COST_USD, CREW_COST_USD, AIRPORT_FEES_USD, MAINTENANCE_COST_USD, CATERING_COST_USD, TOTAL_COST_USD, COST_SOURCE) VALUES (300093, 93, 15432.88, 2720.35, 2906.61, 3466.24, 2983.75, 27509.83, 'OPS_COST_ENGINE');
INSERT INTO  FLIGHT_COSTS (FLIGHT_COST_ID, FLIGHT_ID, FUEL_COST_USD, CREW_COST_USD, AIRPORT_FEES_USD, MAINTENANCE_COST_USD, CATERING_COST_USD, TOTAL_COST_USD, COST_SOURCE) VALUES (300094, 94, 22493.06, 3755.74, 3917.88, 6916.2, 6675.1, 43757.98, 'FINANCE_SYSTEM');
INSERT INTO  FLIGHT_COSTS (FLIGHT_COST_ID, FLIGHT_ID, FUEL_COST_USD, CREW_COST_USD, AIRPORT_FEES_USD, MAINTENANCE_COST_USD, CATERING_COST_USD, TOTAL_COST_USD, COST_SOURCE) VALUES (300095, 95, 20247.09, 2453.51, 3004.61, 7748.42, 2826.87, 36280.5, 'OPS_COST_ENGINE');
INSERT INTO  FLIGHT_COSTS (FLIGHT_COST_ID, FLIGHT_ID, FUEL_COST_USD, CREW_COST_USD, AIRPORT_FEES_USD, MAINTENANCE_COST_USD, CATERING_COST_USD, TOTAL_COST_USD, COST_SOURCE) VALUES (300096, 96, 18623.18, 3066.76, 3315.75, 4002.6, 3817.34, 32825.63, 'FINANCE_SYSTEM');
INSERT INTO  FLIGHT_COSTS (FLIGHT_COST_ID, FLIGHT_ID, FUEL_COST_USD, CREW_COST_USD, AIRPORT_FEES_USD, MAINTENANCE_COST_USD, CATERING_COST_USD, TOTAL_COST_USD, COST_SOURCE) VALUES (300097, 97, 6601.92, 1979.66, 2495.82, 1409.02, 2445.5, 14931.92, 'OPS_COST_ENGINE');
INSERT INTO  FLIGHT_COSTS (FLIGHT_COST_ID, FLIGHT_ID, FUEL_COST_USD, CREW_COST_USD, AIRPORT_FEES_USD, MAINTENANCE_COST_USD, CATERING_COST_USD, TOTAL_COST_USD, COST_SOURCE) VALUES (300098, 98, 5662.87, 2109.01, 2557.64, 1680.26, 2222.05, 14231.83, 'MANUAL_UPLOAD');
INSERT INTO  FLIGHT_COSTS (FLIGHT_COST_ID, FLIGHT_ID, FUEL_COST_USD, CREW_COST_USD, AIRPORT_FEES_USD, MAINTENANCE_COST_USD, CATERING_COST_USD, TOTAL_COST_USD, COST_SOURCE) VALUES (300099, 99, 8521.59, 2303.65, 2611.89, 1647.92, 1905.22, 16990.27, 'OPS_COST_ENGINE');
INSERT INTO  FLIGHT_COSTS (FLIGHT_COST_ID, FLIGHT_ID, FUEL_COST_USD, CREW_COST_USD, AIRPORT_FEES_USD, MAINTENANCE_COST_USD, CATERING_COST_USD, TOTAL_COST_USD, COST_SOURCE) VALUES (300100, 100, 7350.61, 2176.84, 2567.48, 2740.74, 2181.78, 17017.45, 'OPS_COST_ENGINE');
INSERT INTO  FLIGHT_COSTS (FLIGHT_COST_ID, FLIGHT_ID, FUEL_COST_USD, CREW_COST_USD, AIRPORT_FEES_USD, MAINTENANCE_COST_USD, CATERING_COST_USD, TOTAL_COST_USD, COST_SOURCE) VALUES (300101, 101, 10728.95, 2987.52, 2638.8, 3592.94, 5079.11, 25027.32, 'OPS_COST_ENGINE');
INSERT INTO  FLIGHT_COSTS (FLIGHT_COST_ID, FLIGHT_ID, FUEL_COST_USD, CREW_COST_USD, AIRPORT_FEES_USD, MAINTENANCE_COST_USD, CATERING_COST_USD, TOTAL_COST_USD, COST_SOURCE) VALUES (300102, 102, 56998.05, 3971.55, 3501.55, 12900.31, 8404.05, 85775.51, 'MANUAL_UPLOAD');
INSERT INTO  FLIGHT_COSTS (FLIGHT_COST_ID, FLIGHT_ID, FUEL_COST_USD, CREW_COST_USD, AIRPORT_FEES_USD, MAINTENANCE_COST_USD, CATERING_COST_USD, TOTAL_COST_USD, COST_SOURCE) VALUES (300103, 103, 17164.19, 2638.62, 2372.73, 4558.33, 3655.96, 30389.83, 'FINANCE_SYSTEM');
INSERT INTO  FLIGHT_COSTS (FLIGHT_COST_ID, FLIGHT_ID, FUEL_COST_USD, CREW_COST_USD, AIRPORT_FEES_USD, MAINTENANCE_COST_USD, CATERING_COST_USD, TOTAL_COST_USD, COST_SOURCE) VALUES (300104, 104, 24510.89, 3247.93, 2926.56, 5869.17, 2928.04, 39482.59, 'OPS_COST_ENGINE');
INSERT INTO  FLIGHT_COSTS (FLIGHT_COST_ID, FLIGHT_ID, FUEL_COST_USD, CREW_COST_USD, AIRPORT_FEES_USD, MAINTENANCE_COST_USD, CATERING_COST_USD, TOTAL_COST_USD, COST_SOURCE) VALUES (300105, 105, 12660.71, 1783.05, 2328.94, 4179.04, 3017.82, 23969.56, 'MANUAL_UPLOAD');
INSERT INTO  FLIGHT_COSTS (FLIGHT_COST_ID, FLIGHT_ID, FUEL_COST_USD, CREW_COST_USD, AIRPORT_FEES_USD, MAINTENANCE_COST_USD, CATERING_COST_USD, TOTAL_COST_USD, COST_SOURCE) VALUES (300106, 106, 15273.45, 2653.76, 2879.05, 3002.22, 5457.37, 29265.85, 'FINANCE_SYSTEM');
INSERT INTO  FLIGHT_COSTS (FLIGHT_COST_ID, FLIGHT_ID, FUEL_COST_USD, CREW_COST_USD, AIRPORT_FEES_USD, MAINTENANCE_COST_USD, CATERING_COST_USD, TOTAL_COST_USD, COST_SOURCE) VALUES (300107, 107, 4719.11, 2422.13, 3490.93, 1916.55, 6371.94, 18920.66, 'OPS_COST_ENGINE');
INSERT INTO  FLIGHT_COSTS (FLIGHT_COST_ID, FLIGHT_ID, FUEL_COST_USD, CREW_COST_USD, AIRPORT_FEES_USD, MAINTENANCE_COST_USD, CATERING_COST_USD, TOTAL_COST_USD, COST_SOURCE) VALUES (300108, 108, 15702.69, 2848.3, 3035.64, 2599.24, 2692.22, 26878.09, 'FINANCE_SYSTEM');
INSERT INTO  FLIGHT_COSTS (FLIGHT_COST_ID, FLIGHT_ID, FUEL_COST_USD, CREW_COST_USD, AIRPORT_FEES_USD, MAINTENANCE_COST_USD, CATERING_COST_USD, TOTAL_COST_USD, COST_SOURCE) VALUES (300109, 109, 31510.49, 3207.4, 2994.87, 9683.66, 6901.26, 54297.68, 'OPS_COST_ENGINE');
INSERT INTO  FLIGHT_COSTS (FLIGHT_COST_ID, FLIGHT_ID, FUEL_COST_USD, CREW_COST_USD, AIRPORT_FEES_USD, MAINTENANCE_COST_USD, CATERING_COST_USD, TOTAL_COST_USD, COST_SOURCE) VALUES (300110, 110, 47749.18, 3443, 3064.37, 7806.56, 8339.04, 70402.15, 'FINANCE_SYSTEM');
INSERT INTO  FLIGHT_COSTS (FLIGHT_COST_ID, FLIGHT_ID, FUEL_COST_USD, CREW_COST_USD, AIRPORT_FEES_USD, MAINTENANCE_COST_USD, CATERING_COST_USD, TOTAL_COST_USD, COST_SOURCE) VALUES (300111, 111, 6346.14, 1786.41, 2137.03, 1924.09, 1618.03, 13811.7, 'MANUAL_UPLOAD');
INSERT INTO  FLIGHT_COSTS (FLIGHT_COST_ID, FLIGHT_ID, FUEL_COST_USD, CREW_COST_USD, AIRPORT_FEES_USD, MAINTENANCE_COST_USD, CATERING_COST_USD, TOTAL_COST_USD, COST_SOURCE) VALUES (300112, 112, 4249.26, 1551.69, 2238.17, 933.59, 1179.98, 10152.69, 'OPS_COST_ENGINE');
INSERT INTO  FLIGHT_COSTS (FLIGHT_COST_ID, FLIGHT_ID, FUEL_COST_USD, CREW_COST_USD, AIRPORT_FEES_USD, MAINTENANCE_COST_USD, CATERING_COST_USD, TOTAL_COST_USD, COST_SOURCE) VALUES (300113, 113, 20281.96, 3547.48, 3848.48, 5841.36, 7557.34, 41076.62, 'MANUAL_UPLOAD');
INSERT INTO  FLIGHT_COSTS (FLIGHT_COST_ID, FLIGHT_ID, FUEL_COST_USD, CREW_COST_USD, AIRPORT_FEES_USD, MAINTENANCE_COST_USD, CATERING_COST_USD, TOTAL_COST_USD, COST_SOURCE) VALUES (300114, 114, 42218.71, 2963.78, 3369.88, 6492.63, 5183.67, 60228.67, 'FINANCE_SYSTEM');
INSERT INTO  FLIGHT_COSTS (FLIGHT_COST_ID, FLIGHT_ID, FUEL_COST_USD, CREW_COST_USD, AIRPORT_FEES_USD, MAINTENANCE_COST_USD, CATERING_COST_USD, TOTAL_COST_USD, COST_SOURCE) VALUES (300115, 115, 16533.31, 3025.39, 3112.91, 3765.7, 3349.91, 29787.22, 'OPS_COST_ENGINE');
INSERT INTO  FLIGHT_COSTS (FLIGHT_COST_ID, FLIGHT_ID, FUEL_COST_USD, CREW_COST_USD, AIRPORT_FEES_USD, MAINTENANCE_COST_USD, CATERING_COST_USD, TOTAL_COST_USD, COST_SOURCE) VALUES (300116, 116, 10491.32, 2146.31, 2243.39, 2864.18, 2083.12, 19828.32, 'OPS_COST_ENGINE');
INSERT INTO  FLIGHT_COSTS (FLIGHT_COST_ID, FLIGHT_ID, FUEL_COST_USD, CREW_COST_USD, AIRPORT_FEES_USD, MAINTENANCE_COST_USD, CATERING_COST_USD, TOTAL_COST_USD, COST_SOURCE) VALUES (300117, 117, 15637.66, 3041.81, 3429.05, 4099.9, 4796.19, 31004.61, 'MANUAL_UPLOAD');
INSERT INTO  FLIGHT_COSTS (FLIGHT_COST_ID, FLIGHT_ID, FUEL_COST_USD, CREW_COST_USD, AIRPORT_FEES_USD, MAINTENANCE_COST_USD, CATERING_COST_USD, TOTAL_COST_USD, COST_SOURCE) VALUES (300118, 118, 43860.38, 2617.24, 2995.81, 9850.45, 4398.58, 63722.46, 'MANUAL_UPLOAD');
INSERT INTO  FLIGHT_COSTS (FLIGHT_COST_ID, FLIGHT_ID, FUEL_COST_USD, CREW_COST_USD, AIRPORT_FEES_USD, MAINTENANCE_COST_USD, CATERING_COST_USD, TOTAL_COST_USD, COST_SOURCE) VALUES (300119, 119, 20303.83, 2198.16, 2852.66, 5179.8, 3742.36, 34276.81, 'MANUAL_UPLOAD');
INSERT INTO  FLIGHT_COSTS (FLIGHT_COST_ID, FLIGHT_ID, FUEL_COST_USD, CREW_COST_USD, AIRPORT_FEES_USD, MAINTENANCE_COST_USD, CATERING_COST_USD, TOTAL_COST_USD, COST_SOURCE) VALUES (300120, 120, 1720.99, 1847.99, 2371.73, 484.62, 1302.9, 7728.23, 'FINANCE_SYSTEM');
INSERT INTO  FLIGHT_COSTS (FLIGHT_COST_ID, FLIGHT_ID, FUEL_COST_USD, CREW_COST_USD, AIRPORT_FEES_USD, MAINTENANCE_COST_USD, CATERING_COST_USD, TOTAL_COST_USD, COST_SOURCE) VALUES (300121, 121, 5316.7, 1837, 2416.89, 1839.16, 2290.9, 13700.65, 'OPS_COST_ENGINE');
INSERT INTO  FLIGHT_COSTS (FLIGHT_COST_ID, FLIGHT_ID, FUEL_COST_USD, CREW_COST_USD, AIRPORT_FEES_USD, MAINTENANCE_COST_USD, CATERING_COST_USD, TOTAL_COST_USD, COST_SOURCE) VALUES (300122, 122, 7554.6, 2040.34, 2137, 1887.18, 1085.36, 14704.48, 'OPS_COST_ENGINE');
INSERT INTO  FLIGHT_COSTS (FLIGHT_COST_ID, FLIGHT_ID, FUEL_COST_USD, CREW_COST_USD, AIRPORT_FEES_USD, MAINTENANCE_COST_USD, CATERING_COST_USD, TOTAL_COST_USD, COST_SOURCE) VALUES (300123, 123, 5745.57, 2075.93, 2490.02, 1286.45, 1070.73, 12668.7, 'MANUAL_UPLOAD');
INSERT INTO  FLIGHT_COSTS (FLIGHT_COST_ID, FLIGHT_ID, FUEL_COST_USD, CREW_COST_USD, AIRPORT_FEES_USD, MAINTENANCE_COST_USD, CATERING_COST_USD, TOTAL_COST_USD, COST_SOURCE) VALUES (300124, 124, 10144.9, 1903.24, 2271.36, 1860.63, 2002.35, 18182.48, 'OPS_COST_ENGINE');
INSERT INTO  FLIGHT_COSTS (FLIGHT_COST_ID, FLIGHT_ID, FUEL_COST_USD, CREW_COST_USD, AIRPORT_FEES_USD, MAINTENANCE_COST_USD, CATERING_COST_USD, TOTAL_COST_USD, COST_SOURCE) VALUES (300125, 125, 6218.9, 2369.4, 2879.12, 1773.19, 3425.19, 16665.8, 'OPS_COST_ENGINE');
INSERT INTO  FLIGHT_COSTS (FLIGHT_COST_ID, FLIGHT_ID, FUEL_COST_USD, CREW_COST_USD, AIRPORT_FEES_USD, MAINTENANCE_COST_USD, CATERING_COST_USD, TOTAL_COST_USD, COST_SOURCE) VALUES (300126, 126, 9472.43, 2466.08, 3471.18, 2637.23, 5448.35, 23495.27, 'FINANCE_SYSTEM');
INSERT INTO  FLIGHT_COSTS (FLIGHT_COST_ID, FLIGHT_ID, FUEL_COST_USD, CREW_COST_USD, AIRPORT_FEES_USD, MAINTENANCE_COST_USD, CATERING_COST_USD, TOTAL_COST_USD, COST_SOURCE) VALUES (300127, 127, 16283.84, 3361.51, 4021.96, 2924.73, 6247.17, 32839.21, 'OPS_COST_ENGINE');
INSERT INTO  FLIGHT_COSTS (FLIGHT_COST_ID, FLIGHT_ID, FUEL_COST_USD, CREW_COST_USD, AIRPORT_FEES_USD, MAINTENANCE_COST_USD, CATERING_COST_USD, TOTAL_COST_USD, COST_SOURCE) VALUES (300128, 128, 16887.66, 2269.38, 2481.16, 3200.94, 3846.85, 28685.99, 'MANUAL_UPLOAD');
INSERT INTO  FLIGHT_COSTS (FLIGHT_COST_ID, FLIGHT_ID, FUEL_COST_USD, CREW_COST_USD, AIRPORT_FEES_USD, MAINTENANCE_COST_USD, CATERING_COST_USD, TOTAL_COST_USD, COST_SOURCE) VALUES (300129, 129, 46149.78, 2593.11, 2514.95, 14618.02, 4395.97, 70271.83, 'MANUAL_UPLOAD');
INSERT INTO  FLIGHT_COSTS (FLIGHT_COST_ID, FLIGHT_ID, FUEL_COST_USD, CREW_COST_USD, AIRPORT_FEES_USD, MAINTENANCE_COST_USD, CATERING_COST_USD, TOTAL_COST_USD, COST_SOURCE) VALUES (300130, 130, 10607.49, 2460.46, 2466.93, 2873.64, 3839.46, 22247.98, 'OPS_COST_ENGINE');
COMMIT;
